module	toolkit	package	header	kind	deprecated	bucket	rule	usage
DataExchange	TKDESTEP	APIHeaderSection	APIHeaderSection_EditHeader	class	0	keep		0
DataExchange	TKDESTEP	APIHeaderSection	APIHeaderSection_MakeHeader	class	0	keep		3
DataExchange	TKDEIGES	BRepToIGES	BRepToIGES_BREntity	class	0	keep		0
DataExchange	TKDEIGES	BRepToIGES	BRepToIGES_BRShell	class	0	keep		0
DataExchange	TKDEIGES	BRepToIGES	BRepToIGES_BRSolid	class	0	keep		0
DataExchange	TKDEIGES	BRepToIGES	BRepToIGES_BRWire	class	0	keep		0
DataExchange	TKDEIGES	BRepToIGESBRep	BRepToIGESBRep_Entity	class	0	keep		0
DataExchange	TKBinXCAF	BinMXCAFDoc	BinMXCAFDoc	class	0	drop	R5	0
DataExchange	TKBinXCAF	BinMXCAFDoc	BinMXCAFDoc_AssemblyItemRefDriver	class	0	drop	R5	0
DataExchange	TKBinXCAF	BinMXCAFDoc	BinMXCAFDoc_CentroidDriver	class	0	drop	R5	0
DataExchange	TKBinXCAF	BinMXCAFDoc	BinMXCAFDoc_ColorDriver	class	0	drop	R5	0
DataExchange	TKBinXCAF	BinMXCAFDoc	BinMXCAFDoc_DatumDriver	class	0	drop	R5	0
DataExchange	TKBinXCAF	BinMXCAFDoc	BinMXCAFDoc_DimTolDriver	class	0	drop	R5	0
DataExchange	TKBinXCAF	BinMXCAFDoc	BinMXCAFDoc_GraphNodeDriver	class	0	drop	R5	0
DataExchange	TKBinXCAF	BinMXCAFDoc	BinMXCAFDoc_LengthUnitDriver	class	0	drop	R5	0
DataExchange	TKBinXCAF	BinMXCAFDoc	BinMXCAFDoc_LocationDriver	class	0	drop	R5	0
DataExchange	TKBinXCAF	BinMXCAFDoc	BinMXCAFDoc_MaterialDriver	class	0	drop	R5	0
DataExchange	TKBinXCAF	BinMXCAFDoc	BinMXCAFDoc_NoteBinDataDriver	class	0	drop	R5	0
DataExchange	TKBinXCAF	BinMXCAFDoc	BinMXCAFDoc_NoteCommentDriver	class	0	drop	R5	0
DataExchange	TKBinXCAF	BinMXCAFDoc	BinMXCAFDoc_NoteDriver	class	0	drop	R5	0
DataExchange	TKBinXCAF	BinMXCAFDoc	BinMXCAFDoc_VisMaterialDriver	class	0	drop	R5	0
DataExchange	TKBinXCAF	BinMXCAFDoc	BinMXCAFDoc_VisMaterialToolDriver	class	0	drop	R5	0
DataExchange	TKBinXCAF	BinXCAFDrivers	BinXCAFDrivers	class	0	drop	R5	0
DataExchange	TKBinXCAF	BinXCAFDrivers	BinXCAFDrivers_DocumentRetrievalDriver	class	0	drop	R5	0
DataExchange	TKBinXCAF	BinXCAFDrivers	BinXCAFDrivers_DocumentStorageDriver	class	0	drop	R5	0
DataExchange	TKDE	DE	DE_ConfigurationContext	class	0	keep		0
DataExchange	TKDE	DE	DE_ConfigurationNode	class	0	keep		0
DataExchange	TKDE	DE	DE_PluginHolder	class	0	keep		0
DataExchange	TKDE	DE	DE_Provider	class	0	keep		0
DataExchange	TKDE	DE	DE_Wrapper	class	0	keep		0
DataExchange	TKDECascade	DEBRepCascade	DEBRepCascade_ConfigurationNode	class	0	keep		0
DataExchange	TKDECascade	DEBRepCascade	DEBRepCascade_Provider	class	0	keep		0
DataExchange	TKDECascade	DEXCAFCascade	DEXCAFCascade_ConfigurationNode	class	0	keep		0
DataExchange	TKDECascade	DEXCAFCascade	DEXCAFCascade_Provider	class	0	keep		0
DataExchange	TKDEIGES	Geom2dToIGES	Geom2dToIGES_Geom2dCurve	class	0	keep		0
DataExchange	TKDEIGES	Geom2dToIGES	Geom2dToIGES_Geom2dEntity	class	0	keep		0
DataExchange	TKDEIGES	Geom2dToIGES	Geom2dToIGES_Geom2dPoint	class	0	keep		0
DataExchange	TKDEIGES	Geom2dToIGES	Geom2dToIGES_Geom2dVector	class	0	keep		0
DataExchange	TKDEIGES	GeomToIGES	GeomToIGES_GeomCurve	class	0	keep		0
DataExchange	TKDEIGES	GeomToIGES	GeomToIGES_GeomEntity	class	0	keep		0
DataExchange	TKDEIGES	GeomToIGES	GeomToIGES_GeomPoint	class	0	keep		0
DataExchange	TKDEIGES	GeomToIGES	GeomToIGES_GeomSurface	class	0	keep		0
DataExchange	TKDEIGES	GeomToIGES	GeomToIGES_GeomVector	class	0	keep		0
DataExchange	TKDESTEP	GeomToStep	GeomToStep_MakeAxis1Placement	class	0	keep		0
DataExchange	TKDESTEP	GeomToStep	GeomToStep_MakeAxis2Placement2d	class	0	keep		0
DataExchange	TKDESTEP	GeomToStep	GeomToStep_MakeAxis2Placement3d	class	0	keep		0
DataExchange	TKDESTEP	GeomToStep	GeomToStep_MakeBSplineCurveWithKnots	class	0	keep		0
DataExchange	TKDESTEP	GeomToStep	GeomToStep_MakeBSplineCurveWithKnotsAndRationalBSplineCurve	class	0	keep		0
DataExchange	TKDESTEP	GeomToStep	GeomToStep_MakeBSplineSurfaceWithKnots	class	0	keep		0
DataExchange	TKDESTEP	GeomToStep	GeomToStep_MakeBSplineSurfaceWithKnotsAndRationalBSplineSurface	class	0	keep		0
DataExchange	TKDESTEP	GeomToStep	GeomToStep_MakeBoundedCurve	class	0	keep		0
DataExchange	TKDESTEP	GeomToStep	GeomToStep_MakeBoundedSurface	class	0	keep		0
DataExchange	TKDESTEP	GeomToStep	GeomToStep_MakeCartesianPoint	class	0	keep		0
DataExchange	TKDESTEP	GeomToStep	GeomToStep_MakeCircle	class	0	keep		0
DataExchange	TKDESTEP	GeomToStep	GeomToStep_MakeConic	class	0	keep		0
DataExchange	TKDESTEP	GeomToStep	GeomToStep_MakeConicalSurface	class	0	keep		0
DataExchange	TKDESTEP	GeomToStep	GeomToStep_MakeCurve	class	0	keep		0
DataExchange	TKDESTEP	GeomToStep	GeomToStep_MakeCylindricalSurface	class	0	keep		0
DataExchange	TKDESTEP	GeomToStep	GeomToStep_MakeDirection	class	0	keep		0
DataExchange	TKDESTEP	GeomToStep	GeomToStep_MakeElementarySurface	class	0	keep		0
DataExchange	TKDESTEP	GeomToStep	GeomToStep_MakeEllipse	class	0	keep		0
DataExchange	TKDESTEP	GeomToStep	GeomToStep_MakeHyperbola	class	0	keep		0
DataExchange	TKDESTEP	GeomToStep	GeomToStep_MakeLine	class	0	keep		0
DataExchange	TKDESTEP	GeomToStep	GeomToStep_MakeParabola	class	0	keep		0
DataExchange	TKDESTEP	GeomToStep	GeomToStep_MakePlane	class	0	keep		0
DataExchange	TKDESTEP	GeomToStep	GeomToStep_MakePolyline	class	0	keep		0
DataExchange	TKDESTEP	GeomToStep	GeomToStep_MakeRectangularTrimmedSurface	class	0	keep		0
DataExchange	TKDESTEP	GeomToStep	GeomToStep_MakeSphericalSurface	class	0	keep		0
DataExchange	TKDESTEP	GeomToStep	GeomToStep_MakeSurface	class	0	keep		0
DataExchange	TKDESTEP	GeomToStep	GeomToStep_MakeSurfaceOfLinearExtrusion	class	0	keep		0
DataExchange	TKDESTEP	GeomToStep	GeomToStep_MakeSurfaceOfRevolution	class	0	keep		0
DataExchange	TKDESTEP	GeomToStep	GeomToStep_MakeSweptSurface	class	0	keep		0
DataExchange	TKDESTEP	GeomToStep	GeomToStep_MakeToroidalSurface	class	0	keep		0
DataExchange	TKDESTEP	GeomToStep	GeomToStep_MakeVector	class	0	keep		0
DataExchange	TKDESTEP	GeomToStep	GeomToStep_Root	class	0	keep		0
DataExchange	TKDESTEP	HeaderSection	HeaderSection	class	0	keep		0
DataExchange	TKDESTEP	HeaderSection	HeaderSection_FileDescription	class	0	keep		0
DataExchange	TKDESTEP	HeaderSection	HeaderSection_FileName	class	0	keep		0
DataExchange	TKDESTEP	HeaderSection	HeaderSection_FileSchema	class	0	keep		0
DataExchange	TKDESTEP	HeaderSection	HeaderSection_Protocol	class	0	keep		0
DataExchange	TKXSBase	IFGraph	IFGraph_AllConnected	class	0	keep		0
DataExchange	TKXSBase	IFGraph	IFGraph_AllShared	class	0	keep		0
DataExchange	TKXSBase	IFGraph	IFGraph_Articulations	class	0	keep		0
DataExchange	TKXSBase	IFGraph	IFGraph_Compare	class	0	keep		0
DataExchange	TKXSBase	IFGraph	IFGraph_ConnectedComponants	class	0	keep		0
DataExchange	TKXSBase	IFGraph	IFGraph_Cumulate	class	0	keep		0
DataExchange	TKXSBase	IFGraph	IFGraph_Cycles	class	0	keep		0
DataExchange	TKXSBase	IFGraph	IFGraph_ExternalSources	class	0	keep		0
DataExchange	TKXSBase	IFGraph	IFGraph_SCRoots	class	0	keep		0
DataExchange	TKXSBase	IFGraph	IFGraph_StrongComponants	class	0	keep		0
DataExchange	TKXSBase	IFGraph	IFGraph_SubPartsIterator	class	0	keep		0
DataExchange	TKXSBase	IFSelect	IFSelect	class	0	keep		0
DataExchange	TKXSBase	IFSelect	IFSelect_Act	class	0	keep		0
DataExchange	TKXSBase	IFSelect	IFSelect_ActFunc	other	0	keep		0
DataExchange	TKXSBase	IFSelect	IFSelect_Activator	class	0	keep		0
DataExchange	TKXSBase	IFSelect	IFSelect_AppliedModifiers	class	0	keep		0
DataExchange	TKXSBase	IFSelect	IFSelect_BasicDumper	class	0	keep		0
DataExchange	TKXSBase	IFSelect	IFSelect_CheckCounter	class	0	keep		0
DataExchange	TKXSBase	IFSelect	IFSelect_ContextModif	class	0	keep		0
DataExchange	TKXSBase	IFSelect	IFSelect_ContextWrite	class	0	keep		0
DataExchange	TKXSBase	IFSelect	IFSelect_DispGlobal	class	0	keep		0
DataExchange	TKXSBase	IFSelect	IFSelect_DispPerCount	class	0	keep		0
DataExchange	TKXSBase	IFSelect	IFSelect_DispPerFiles	class	0	keep		0
DataExchange	TKXSBase	IFSelect	IFSelect_DispPerOne	class	0	keep		0
DataExchange	TKXSBase	IFSelect	IFSelect_DispPerSignature	class	0	keep		0
DataExchange	TKXSBase	IFSelect	IFSelect_Dispatch	class	0	keep		0
DataExchange	TKXSBase	IFSelect	IFSelect_EditForm	class	0	keep		0
DataExchange	TKXSBase	IFSelect	IFSelect_EditValue	enum	0	keep		0
DataExchange	TKXSBase	IFSelect	IFSelect_Editor	class	0	keep		0
DataExchange	TKXSBase	IFSelect	IFSelect_Functions	class	0	keep		0
DataExchange	TKXSBase	IFSelect	IFSelect_GeneralModifier	class	0	keep		0
DataExchange	TKXSBase	IFSelect	IFSelect_GraphCounter	class	0	keep		0
DataExchange	TKXSBase	IFSelect	IFSelect_HSeqOfSelection	other	0	drop	R1	0
DataExchange	TKXSBase	IFSelect	IFSelect_IntParam	class	0	keep		0
DataExchange	TKXSBase	IFSelect	IFSelect_ListEditor	class	0	keep		0
DataExchange	TKXSBase	IFSelect	IFSelect_ModelCopier	class	0	keep		0
DataExchange	TKXSBase	IFSelect	IFSelect_ModifEditForm	class	0	keep		0
DataExchange	TKXSBase	IFSelect	IFSelect_ModifReorder	class	0	keep		0
DataExchange	TKXSBase	IFSelect	IFSelect_Modifier	class	0	keep		0
DataExchange	TKXSBase	IFSelect	IFSelect_PacketList	class	0	keep		0
DataExchange	TKXSBase	IFSelect	IFSelect_ParamEditor	class	0	keep		0
DataExchange	TKXSBase	IFSelect	IFSelect_PrintCount	enum	0	keep		0
DataExchange	TKXSBase	IFSelect	IFSelect_PrintFail	enum	0	keep		0
DataExchange	TKXSBase	IFSelect	IFSelect_RemainMode	enum	0	keep		0
DataExchange	TKXSBase	IFSelect	IFSelect_ReturnStatus	enum	0	keep		0
DataExchange	TKXSBase	IFSelect	IFSelect_SelectAnyList	class	0	keep		0
DataExchange	TKXSBase	IFSelect	IFSelect_SelectAnyType	class	0	keep		0
DataExchange	TKXSBase	IFSelect	IFSelect_SelectBase	class	0	keep		0
DataExchange	TKXSBase	IFSelect	IFSelect_SelectCombine	class	0	keep		0
DataExchange	TKXSBase	IFSelect	IFSelect_SelectControl	class	0	keep		0
DataExchange	TKXSBase	IFSelect	IFSelect_SelectDeduct	class	0	keep		0
DataExchange	TKXSBase	IFSelect	IFSelect_SelectDiff	class	0	keep		0
DataExchange	TKXSBase	IFSelect	IFSelect_SelectEntityNumber	class	0	keep		0
DataExchange	TKXSBase	IFSelect	IFSelect_SelectErrorEntities	class	0	keep		0
DataExchange	TKXSBase	IFSelect	IFSelect_SelectExplore	class	0	keep		0
DataExchange	TKXSBase	IFSelect	IFSelect_SelectExtract	class	0	keep		0
DataExchange	TKXSBase	IFSelect	IFSelect_SelectFlag	class	0	keep		0
DataExchange	TKXSBase	IFSelect	IFSelect_SelectInList	class	0	keep		0
DataExchange	TKXSBase	IFSelect	IFSelect_SelectIncorrectEntities	class	0	keep		0
DataExchange	TKXSBase	IFSelect	IFSelect_SelectIntersection	class	0	keep		0
DataExchange	TKXSBase	IFSelect	IFSelect_SelectModelEntities	class	0	keep		0
DataExchange	TKXSBase	IFSelect	IFSelect_SelectModelRoots	class	0	keep		0
DataExchange	TKXSBase	IFSelect	IFSelect_SelectPointed	class	0	keep		0
DataExchange	TKXSBase	IFSelect	IFSelect_SelectRange	class	0	keep		0
DataExchange	TKXSBase	IFSelect	IFSelect_SelectRootComps	class	0	keep		0
DataExchange	TKXSBase	IFSelect	IFSelect_SelectRoots	class	0	keep		0
DataExchange	TKXSBase	IFSelect	IFSelect_SelectSent	class	0	keep		0
DataExchange	TKXSBase	IFSelect	IFSelect_SelectShared	class	0	keep		0
DataExchange	TKXSBase	IFSelect	IFSelect_SelectSharing	class	0	keep		0
DataExchange	TKXSBase	IFSelect	IFSelect_SelectSignature	class	0	keep		0
DataExchange	TKXSBase	IFSelect	IFSelect_SelectSignedShared	class	0	keep		0
DataExchange	TKXSBase	IFSelect	IFSelect_SelectSignedSharing	class	0	keep		0
DataExchange	TKXSBase	IFSelect	IFSelect_SelectSuite	class	0	keep		0
DataExchange	TKXSBase	IFSelect	IFSelect_SelectType	class	0	keep		0
DataExchange	TKXSBase	IFSelect	IFSelect_SelectUnion	class	0	keep		0
DataExchange	TKXSBase	IFSelect	IFSelect_SelectUnknownEntities	class	0	keep		0
DataExchange	TKXSBase	IFSelect	IFSelect_Selection	class	0	keep		0
DataExchange	TKXSBase	IFSelect	IFSelect_SelectionIterator	class	0	keep		0
DataExchange	TKXSBase	IFSelect	IFSelect_SequenceOfAppliedModifiers	alias	0	drop	R1	0
DataExchange	TKXSBase	IFSelect	IFSelect_SequenceOfGeneralModifier	alias	0	drop	R1	0
DataExchange	TKXSBase	IFSelect	IFSelect_SequenceOfInterfaceModel	alias	0	drop	R1	0
DataExchange	TKXSBase	IFSelect	IFSelect_SessionDumper	class	0	keep		0
DataExchange	TKXSBase	IFSelect	IFSelect_SessionFile	class	0	keep		0
DataExchange	TKXSBase	IFSelect	IFSelect_SessionPilot	class	0	keep		0
DataExchange	TKXSBase	IFSelect	IFSelect_ShareOut	class	0	keep		0
DataExchange	TKXSBase	IFSelect	IFSelect_ShareOutResult	class	0	keep		0
DataExchange	TKXSBase	IFSelect	IFSelect_SignAncestor	class	0	keep		0
DataExchange	TKXSBase	IFSelect	IFSelect_SignCategory	class	0	keep		0
DataExchange	TKXSBase	IFSelect	IFSelect_SignCounter	class	0	keep		0
DataExchange	TKXSBase	IFSelect	IFSelect_SignMultiple	class	0	keep		0
DataExchange	TKXSBase	IFSelect	IFSelect_SignType	class	0	keep		0
DataExchange	TKXSBase	IFSelect	IFSelect_SignValidity	class	0	keep		0
DataExchange	TKXSBase	IFSelect	IFSelect_Signature	class	0	keep		0
DataExchange	TKXSBase	IFSelect	IFSelect_SignatureList	class	0	keep		0
DataExchange	TKXSBase	IFSelect	IFSelect_TSeqOfDispatch	alias	0	drop	R1	0
DataExchange	TKXSBase	IFSelect	IFSelect_TSeqOfSelection	alias	0	drop	R1	0
DataExchange	TKXSBase	IFSelect	IFSelect_TransformStandard	class	0	keep		0
DataExchange	TKXSBase	IFSelect	IFSelect_Transformer	class	0	keep		0
DataExchange	TKXSBase	IFSelect	IFSelect_WorkLibrary	class	0	keep		0
DataExchange	TKXSBase	IFSelect	IFSelect_WorkSession	class	0	keep		0
DataExchange	TKDEIGES	IGESAppli	IGESAppli	class	0	collapse	C-IGES	0
DataExchange	TKDEIGES	IGESAppli	IGESAppli_Array1OfFiniteElement	alias	0	collapse	C-IGES	0
DataExchange	TKDEIGES	IGESAppli	IGESAppli_Array1OfFlow	alias	0	collapse	C-IGES	0
DataExchange	TKDEIGES	IGESAppli	IGESAppli_Array1OfNode	alias	0	collapse	C-IGES	0
DataExchange	TKDEIGES	IGESAppli	IGESAppli_DrilledHole	class	0	collapse	C-IGES	0
DataExchange	TKDEIGES	IGESAppli	IGESAppli_ElementResults	class	0	collapse	C-IGES	0
DataExchange	TKDEIGES	IGESAppli	IGESAppli_FiniteElement	class	0	collapse	C-IGES	0
DataExchange	TKDEIGES	IGESAppli	IGESAppli_Flow	class	0	collapse	C-IGES	0
DataExchange	TKDEIGES	IGESAppli	IGESAppli_FlowLineSpec	class	0	collapse	C-IGES	0
DataExchange	TKDEIGES	IGESAppli	IGESAppli_GeneralModule	class	0	collapse	C-IGES	0
DataExchange	TKDEIGES	IGESAppli	IGESAppli_HArray1OfFiniteElement	other	0	collapse	C-IGES	0
DataExchange	TKDEIGES	IGESAppli	IGESAppli_HArray1OfFlow	other	0	collapse	C-IGES	0
DataExchange	TKDEIGES	IGESAppli	IGESAppli_HArray1OfNode	other	0	collapse	C-IGES	0
DataExchange	TKDEIGES	IGESAppli	IGESAppli_LevelFunction	class	0	collapse	C-IGES	0
DataExchange	TKDEIGES	IGESAppli	IGESAppli_LevelToPWBLayerMap	class	0	collapse	C-IGES	0
DataExchange	TKDEIGES	IGESAppli	IGESAppli_LineWidening	class	0	collapse	C-IGES	0
DataExchange	TKDEIGES	IGESAppli	IGESAppli_NodalConstraint	class	0	collapse	C-IGES	0
DataExchange	TKDEIGES	IGESAppli	IGESAppli_NodalDisplAndRot	class	0	collapse	C-IGES	0
DataExchange	TKDEIGES	IGESAppli	IGESAppli_NodalResults	class	0	collapse	C-IGES	0
DataExchange	TKDEIGES	IGESAppli	IGESAppli_Node	class	0	collapse	C-IGES	0
DataExchange	TKDEIGES	IGESAppli	IGESAppli_PWBArtworkStackup	class	0	collapse	C-IGES	0
DataExchange	TKDEIGES	IGESAppli	IGESAppli_PWBDrilledHole	class	0	collapse	C-IGES	0
DataExchange	TKDEIGES	IGESAppli	IGESAppli_PartNumber	class	0	collapse	C-IGES	0
DataExchange	TKDEIGES	IGESAppli	IGESAppli_PinNumber	class	0	collapse	C-IGES	0
DataExchange	TKDEIGES	IGESAppli	IGESAppli_PipingFlow	class	0	collapse	C-IGES	0
DataExchange	TKDEIGES	IGESAppli	IGESAppli_Protocol	class	0	collapse	C-IGES	0
DataExchange	TKDEIGES	IGESAppli	IGESAppli_ReadWriteModule	class	0	collapse	C-IGES	0
DataExchange	TKDEIGES	IGESAppli	IGESAppli_ReferenceDesignator	class	0	collapse	C-IGES	0
DataExchange	TKDEIGES	IGESAppli	IGESAppli_RegionRestriction	class	0	collapse	C-IGES	0
DataExchange	TKDEIGES	IGESAppli	IGESAppli_SpecificModule	class	0	collapse	C-IGES	0
DataExchange	TKDEIGES	IGESAppli	IGESAppli_ToolDrilledHole	class	0	collapse	C-IGES	0
DataExchange	TKDEIGES	IGESAppli	IGESAppli_ToolElementResults	class	0	collapse	C-IGES	0
DataExchange	TKDEIGES	IGESAppli	IGESAppli_ToolFiniteElement	class	0	collapse	C-IGES	0
DataExchange	TKDEIGES	IGESAppli	IGESAppli_ToolFlow	class	0	collapse	C-IGES	0
DataExchange	TKDEIGES	IGESAppli	IGESAppli_ToolFlowLineSpec	class	0	collapse	C-IGES	0
DataExchange	TKDEIGES	IGESAppli	IGESAppli_ToolLevelFunction	class	0	collapse	C-IGES	0
DataExchange	TKDEIGES	IGESAppli	IGESAppli_ToolLevelToPWBLayerMap	class	0	collapse	C-IGES	0
DataExchange	TKDEIGES	IGESAppli	IGESAppli_ToolLineWidening	class	0	collapse	C-IGES	0
DataExchange	TKDEIGES	IGESAppli	IGESAppli_ToolNodalConstraint	class	0	collapse	C-IGES	0
DataExchange	TKDEIGES	IGESAppli	IGESAppli_ToolNodalDisplAndRot	class	0	collapse	C-IGES	0
DataExchange	TKDEIGES	IGESAppli	IGESAppli_ToolNodalResults	class	0	collapse	C-IGES	0
DataExchange	TKDEIGES	IGESAppli	IGESAppli_ToolNode	class	0	collapse	C-IGES	0
DataExchange	TKDEIGES	IGESAppli	IGESAppli_ToolPWBArtworkStackup	class	0	collapse	C-IGES	0
DataExchange	TKDEIGES	IGESAppli	IGESAppli_ToolPWBDrilledHole	class	0	collapse	C-IGES	0
DataExchange	TKDEIGES	IGESAppli	IGESAppli_ToolPartNumber	class	0	collapse	C-IGES	0
DataExchange	TKDEIGES	IGESAppli	IGESAppli_ToolPinNumber	class	0	collapse	C-IGES	0
DataExchange	TKDEIGES	IGESAppli	IGESAppli_ToolPipingFlow	class	0	collapse	C-IGES	0
DataExchange	TKDEIGES	IGESAppli	IGESAppli_ToolReferenceDesignator	class	0	collapse	C-IGES	0
DataExchange	TKDEIGES	IGESAppli	IGESAppli_ToolRegionRestriction	class	0	collapse	C-IGES	0
DataExchange	TKDEIGES	IGESBasic	IGESBasic	class	0	collapse	C-IGES	0
DataExchange	TKDEIGES	IGESBasic	IGESBasic_Array1OfLineFontEntity	alias	0	collapse	C-IGES	0
DataExchange	TKDEIGES	IGESBasic	IGESBasic_Array2OfHArray1OfReal	alias	0	collapse	C-IGES	0
DataExchange	TKDEIGES	IGESBasic	IGESBasic_AssocGroupType	class	0	collapse	C-IGES	0
DataExchange	TKDEIGES	IGESBasic	IGESBasic_ExternalRefFile	class	0	collapse	C-IGES	0
DataExchange	TKDEIGES	IGESBasic	IGESBasic_ExternalRefFileIndex	class	0	collapse	C-IGES	0
DataExchange	TKDEIGES	IGESBasic	IGESBasic_ExternalRefFileName	class	0	collapse	C-IGES	0
DataExchange	TKDEIGES	IGESBasic	IGESBasic_ExternalRefLibName	class	0	collapse	C-IGES	0
DataExchange	TKDEIGES	IGESBasic	IGESBasic_ExternalRefName	class	0	collapse	C-IGES	0
DataExchange	TKDEIGES	IGESBasic	IGESBasic_ExternalReferenceFile	class	0	collapse	C-IGES	0
DataExchange	TKDEIGES	IGESBasic	IGESBasic_GeneralModule	class	0	collapse	C-IGES	0
DataExchange	TKDEIGES	IGESBasic	IGESBasic_Group	class	0	collapse	C-IGES	1
DataExchange	TKDEIGES	IGESBasic	IGESBasic_GroupWithoutBackP	class	0	collapse	C-IGES	0
DataExchange	TKDEIGES	IGESBasic	IGESBasic_HArray1OfHArray1OfIGESEntity	class	0	collapse	C-IGES	0
DataExchange	TKDEIGES	IGESBasic	IGESBasic_HArray1OfHArray1OfInteger	class	0	collapse	C-IGES	0
DataExchange	TKDEIGES	IGESBasic	IGESBasic_HArray1OfHArray1OfReal	class	0	collapse	C-IGES	0
DataExchange	TKDEIGES	IGESBasic	IGESBasic_HArray1OfHArray1OfXY	class	0	collapse	C-IGES	0
DataExchange	TKDEIGES	IGESBasic	IGESBasic_HArray1OfHArray1OfXYZ	class	0	collapse	C-IGES	0
DataExchange	TKDEIGES	IGESBasic	IGESBasic_HArray1OfLineFontEntity	other	0	collapse	C-IGES	0
DataExchange	TKDEIGES	IGESBasic	IGESBasic_HArray2OfHArray1OfReal	other	0	collapse	C-IGES	0
DataExchange	TKDEIGES	IGESBasic	IGESBasic_Hierarchy	class	0	collapse	C-IGES	0
DataExchange	TKDEIGES	IGESBasic	IGESBasic_Name	class	0	collapse	C-IGES	0
DataExchange	TKDEIGES	IGESBasic	IGESBasic_OrderedGroup	class	0	collapse	C-IGES	0
DataExchange	TKDEIGES	IGESBasic	IGESBasic_OrderedGroupWithoutBackP	class	0	collapse	C-IGES	0
DataExchange	TKDEIGES	IGESBasic	IGESBasic_Protocol	class	0	collapse	C-IGES	0
DataExchange	TKDEIGES	IGESBasic	IGESBasic_ReadWriteModule	class	0	collapse	C-IGES	0
DataExchange	TKDEIGES	IGESBasic	IGESBasic_SingleParent	class	0	collapse	C-IGES	0
DataExchange	TKDEIGES	IGESBasic	IGESBasic_SingularSubfigure	class	0	collapse	C-IGES	1
DataExchange	TKDEIGES	IGESBasic	IGESBasic_SpecificModule	class	0	collapse	C-IGES	0
DataExchange	TKDEIGES	IGESBasic	IGESBasic_SubfigureDef	class	0	collapse	C-IGES	0
DataExchange	TKDEIGES	IGESBasic	IGESBasic_ToolAssocGroupType	class	0	collapse	C-IGES	0
DataExchange	TKDEIGES	IGESBasic	IGESBasic_ToolExternalRefFile	class	0	collapse	C-IGES	0
DataExchange	TKDEIGES	IGESBasic	IGESBasic_ToolExternalRefFileIndex	class	0	collapse	C-IGES	0
DataExchange	TKDEIGES	IGESBasic	IGESBasic_ToolExternalRefFileName	class	0	collapse	C-IGES	0
DataExchange	TKDEIGES	IGESBasic	IGESBasic_ToolExternalRefLibName	class	0	collapse	C-IGES	0
DataExchange	TKDEIGES	IGESBasic	IGESBasic_ToolExternalRefName	class	0	collapse	C-IGES	0
DataExchange	TKDEIGES	IGESBasic	IGESBasic_ToolExternalReferenceFile	class	0	collapse	C-IGES	0
DataExchange	TKDEIGES	IGESBasic	IGESBasic_ToolGroup	class	0	collapse	C-IGES	0
DataExchange	TKDEIGES	IGESBasic	IGESBasic_ToolGroupWithoutBackP	class	0	collapse	C-IGES	0
DataExchange	TKDEIGES	IGESBasic	IGESBasic_ToolHierarchy	class	0	collapse	C-IGES	0
DataExchange	TKDEIGES	IGESBasic	IGESBasic_ToolName	class	0	collapse	C-IGES	0
DataExchange	TKDEIGES	IGESBasic	IGESBasic_ToolOrderedGroup	class	0	collapse	C-IGES	0
DataExchange	TKDEIGES	IGESBasic	IGESBasic_ToolOrderedGroupWithoutBackP	class	0	collapse	C-IGES	0
DataExchange	TKDEIGES	IGESBasic	IGESBasic_ToolSingleParent	class	0	collapse	C-IGES	0
DataExchange	TKDEIGES	IGESBasic	IGESBasic_ToolSingularSubfigure	class	0	collapse	C-IGES	0
DataExchange	TKDEIGES	IGESBasic	IGESBasic_ToolSubfigureDef	class	0	collapse	C-IGES	0
DataExchange	TKDEIGES	IGESCAFControl	IGESCAFControl	class	0	keep		0
DataExchange	TKDEIGES	IGESCAFControl	IGESCAFControl_ConfigurationNode	class	0	keep		0
DataExchange	TKDEIGES	IGESCAFControl	IGESCAFControl_Provider	class	0	keep		0
DataExchange	TKDEIGES	IGESCAFControl	IGESCAFControl_Reader	class	0	keep		1
DataExchange	TKDEIGES	IGESCAFControl	IGESCAFControl_Writer	class	0	keep		1
DataExchange	TKDEIGES	IGESControl	IGESControl_ActorWrite	class	0	keep		0
DataExchange	TKDEIGES	IGESControl	IGESControl_AlgoContainer	class	0	keep		0
DataExchange	TKDEIGES	IGESControl	IGESControl_Controller	class	0	keep		6
DataExchange	TKDEIGES	IGESControl	IGESControl_IGESBoundary	class	0	keep		0
DataExchange	TKDEIGES	IGESControl	IGESControl_Reader	class	0	keep		3
DataExchange	TKDEIGES	IGESControl	IGESControl_ToolContainer	class	0	keep		0
DataExchange	TKDEIGES	IGESControl	IGESControl_Writer	class	0	keep		2
DataExchange	TKDEIGES	IGESConvGeom	IGESConvGeom	class	0	keep		0
DataExchange	TKDEIGES	IGESConvGeom	IGESConvGeom_GeomBuilder	class	0	keep		0
DataExchange	TKDEIGES	IGESData	IGESData	class	0	keep		0
DataExchange	TKDEIGES	IGESData	IGESData_Array1OfDirPart	alias	0	drop	R1	0
DataExchange	TKDEIGES	IGESData	IGESData_Array1OfIGESEntity	alias	0	drop	R1	0
DataExchange	TKDEIGES	IGESData	IGESData_BasicEditor	class	0	keep		0
DataExchange	TKDEIGES	IGESData	IGESData_ColorEntity	class	0	keep		0
DataExchange	TKDEIGES	IGESData	IGESData_DefList	enum	0	keep		0
DataExchange	TKDEIGES	IGESData	IGESData_DefSwitch	class	0	keep		0
DataExchange	TKDEIGES	IGESData	IGESData_DefType	enum	0	keep		0
DataExchange	TKDEIGES	IGESData	IGESData_DefaultGeneral	class	0	keep		0
DataExchange	TKDEIGES	IGESData	IGESData_DefaultSpecific	class	0	keep		0
DataExchange	TKDEIGES	IGESData	IGESData_DirChecker	class	0	keep		0
DataExchange	TKDEIGES	IGESData	IGESData_DirPart	class	0	keep		0
DataExchange	TKDEIGES	IGESData	IGESData_Dump	other	0	keep		0
DataExchange	TKDEIGES	IGESData	IGESData_FileProtocol	class	0	keep		0
DataExchange	TKDEIGES	IGESData	IGESData_FileRecognizer	class	0	keep		0
DataExchange	TKDEIGES	IGESData	IGESData_FreeFormatEntity	class	0	keep		0
DataExchange	TKDEIGES	IGESData	IGESData_GeneralModule	class	0	keep		0
DataExchange	TKDEIGES	IGESData	IGESData_GlobalNodeOfSpecificLib	class	0	drop	R1	0
DataExchange	TKDEIGES	IGESData	IGESData_GlobalNodeOfWriterLib	class	0	drop	R1	0
DataExchange	TKDEIGES	IGESData	IGESData_GlobalSection	class	0	keep		4
DataExchange	TKDEIGES	IGESData	IGESData_HArray1OfIGESEntity	other	0	drop	R1	0
DataExchange	TKDEIGES	IGESData	IGESData_IGESDumper	class	0	keep		0
DataExchange	TKDEIGES	IGESData	IGESData_IGESEntity	class	0	keep		1
DataExchange	TKDEIGES	IGESData	IGESData_IGESModel	class	0	keep		5
DataExchange	TKDEIGES	IGESData	IGESData_IGESReaderData	class	0	keep		0
DataExchange	TKDEIGES	IGESData	IGESData_IGESReaderTool	class	0	keep		0
DataExchange	TKDEIGES	IGESData	IGESData_IGESType	class	0	keep		0
DataExchange	TKDEIGES	IGESData	IGESData_IGESWriter	class	0	keep		0
DataExchange	TKDEIGES	IGESData	IGESData_LabelDisplayEntity	class	0	keep		0
DataExchange	TKDEIGES	IGESData	IGESData_LevelListEntity	class	0	keep		0
DataExchange	TKDEIGES	IGESData	IGESData_LineFontEntity	class	0	keep		0
DataExchange	TKDEIGES	IGESData	IGESData_NameEntity	class	0	keep		0
DataExchange	TKDEIGES	IGESData	IGESData_NodeOfSpecificLib	class	0	drop	R1	0
DataExchange	TKDEIGES	IGESData	IGESData_NodeOfWriterLib	class	0	drop	R1	0
DataExchange	TKDEIGES	IGESData	IGESData_ParamCursor	class	0	keep		0
DataExchange	TKDEIGES	IGESData	IGESData_ParamReader	class	0	keep		0
DataExchange	TKDEIGES	IGESData	IGESData_Protocol	class	0	keep		0
DataExchange	TKDEIGES	IGESData	IGESData_ReadStage	enum	0	keep		0
DataExchange	TKDEIGES	IGESData	IGESData_ReadWriteModule	class	0	keep		0
DataExchange	TKDEIGES	IGESData	IGESData_SingleParentEntity	class	0	keep		0
DataExchange	TKDEIGES	IGESData	IGESData_SpecificLib	class	0	keep		0
DataExchange	TKDEIGES	IGESData	IGESData_SpecificModule	class	0	keep		0
DataExchange	TKDEIGES	IGESData	IGESData_Status	enum	0	keep		0
DataExchange	TKDEIGES	IGESData	IGESData_ToolLocation	class	0	keep		0
DataExchange	TKDEIGES	IGESData	IGESData_TransfEntity	class	0	keep		0
DataExchange	TKDEIGES	IGESData	IGESData_UndefinedEntity	class	0	keep		0
DataExchange	TKDEIGES	IGESData	IGESData_ViewKindEntity	class	0	keep		0
DataExchange	TKDEIGES	IGESData	IGESData_WriterLib	class	0	keep		0
DataExchange	TKDEIGES	IGESDefs	IGESDefs	class	0	collapse	C-IGES	0
DataExchange	TKDEIGES	IGESDefs	IGESDefs_Array1OfTabularData	alias	0	collapse	C-IGES	0
DataExchange	TKDEIGES	IGESDefs	IGESDefs_AssociativityDef	class	0	collapse	C-IGES	0
DataExchange	TKDEIGES	IGESDefs	IGESDefs_AttributeDef	class	0	collapse	C-IGES	0
DataExchange	TKDEIGES	IGESDefs	IGESDefs_AttributeTable	class	0	collapse	C-IGES	0
DataExchange	TKDEIGES	IGESDefs	IGESDefs_GeneralModule	class	0	collapse	C-IGES	0
DataExchange	TKDEIGES	IGESDefs	IGESDefs_GenericData	class	0	collapse	C-IGES	0
DataExchange	TKDEIGES	IGESDefs	IGESDefs_HArray1OfHArray1OfTextDisplayTemplate	class	0	collapse	C-IGES	0
DataExchange	TKDEIGES	IGESDefs	IGESDefs_HArray1OfTabularData	other	0	collapse	C-IGES	0
DataExchange	TKDEIGES	IGESDefs	IGESDefs_MacroDef	class	0	collapse	C-IGES	0
DataExchange	TKDEIGES	IGESDefs	IGESDefs_Protocol	class	0	collapse	C-IGES	0
DataExchange	TKDEIGES	IGESDefs	IGESDefs_ReadWriteModule	class	0	collapse	C-IGES	0
DataExchange	TKDEIGES	IGESDefs	IGESDefs_SpecificModule	class	0	collapse	C-IGES	0
DataExchange	TKDEIGES	IGESDefs	IGESDefs_TabularData	class	0	collapse	C-IGES	0
DataExchange	TKDEIGES	IGESDefs	IGESDefs_ToolAssociativityDef	class	0	collapse	C-IGES	0
DataExchange	TKDEIGES	IGESDefs	IGESDefs_ToolAttributeDef	class	0	collapse	C-IGES	0
DataExchange	TKDEIGES	IGESDefs	IGESDefs_ToolAttributeTable	class	0	collapse	C-IGES	0
DataExchange	TKDEIGES	IGESDefs	IGESDefs_ToolGenericData	class	0	collapse	C-IGES	0
DataExchange	TKDEIGES	IGESDefs	IGESDefs_ToolMacroDef	class	0	collapse	C-IGES	0
DataExchange	TKDEIGES	IGESDefs	IGESDefs_ToolTabularData	class	0	collapse	C-IGES	0
DataExchange	TKDEIGES	IGESDefs	IGESDefs_ToolUnitsData	class	0	collapse	C-IGES	0
DataExchange	TKDEIGES	IGESDefs	IGESDefs_UnitsData	class	0	collapse	C-IGES	0
DataExchange	TKDEIGES	IGESDimen	IGESDimen	class	0	collapse	C-IGES	0
DataExchange	TKDEIGES	IGESDimen	IGESDimen_AngularDimension	class	0	collapse	C-IGES	0
DataExchange	TKDEIGES	IGESDimen	IGESDimen_Array1OfGeneralNote	alias	0	collapse	C-IGES	0
DataExchange	TKDEIGES	IGESDimen	IGESDimen_Array1OfLeaderArrow	alias	0	collapse	C-IGES	0
DataExchange	TKDEIGES	IGESDimen	IGESDimen_BasicDimension	class	0	collapse	C-IGES	0
DataExchange	TKDEIGES	IGESDimen	IGESDimen_CenterLine	class	0	collapse	C-IGES	0
DataExchange	TKDEIGES	IGESDimen	IGESDimen_CurveDimension	class	0	collapse	C-IGES	0
DataExchange	TKDEIGES	IGESDimen	IGESDimen_DiameterDimension	class	0	collapse	C-IGES	0
DataExchange	TKDEIGES	IGESDimen	IGESDimen_DimensionDisplayData	class	0	collapse	C-IGES	0
DataExchange	TKDEIGES	IGESDimen	IGESDimen_DimensionTolerance	class	0	collapse	C-IGES	0
DataExchange	TKDEIGES	IGESDimen	IGESDimen_DimensionUnits	class	0	collapse	C-IGES	0
DataExchange	TKDEIGES	IGESDimen	IGESDimen_DimensionedGeometry	class	0	collapse	C-IGES	0
DataExchange	TKDEIGES	IGESDimen	IGESDimen_FlagNote	class	0	collapse	C-IGES	0
DataExchange	TKDEIGES	IGESDimen	IGESDimen_GeneralLabel	class	0	collapse	C-IGES	0
DataExchange	TKDEIGES	IGESDimen	IGESDimen_GeneralModule	class	0	collapse	C-IGES	0
DataExchange	TKDEIGES	IGESDimen	IGESDimen_GeneralNote	class	0	collapse	C-IGES	0
DataExchange	TKDEIGES	IGESDimen	IGESDimen_GeneralSymbol	class	0	collapse	C-IGES	0
DataExchange	TKDEIGES	IGESDimen	IGESDimen_HArray1OfGeneralNote	other	0	collapse	C-IGES	0
DataExchange	TKDEIGES	IGESDimen	IGESDimen_HArray1OfLeaderArrow	other	0	collapse	C-IGES	0
DataExchange	TKDEIGES	IGESDimen	IGESDimen_LeaderArrow	class	0	collapse	C-IGES	0
DataExchange	TKDEIGES	IGESDimen	IGESDimen_LinearDimension	class	0	collapse	C-IGES	0
DataExchange	TKDEIGES	IGESDimen	IGESDimen_NewDimensionedGeometry	class	0	collapse	C-IGES	0
DataExchange	TKDEIGES	IGESDimen	IGESDimen_NewGeneralNote	class	0	collapse	C-IGES	0
DataExchange	TKDEIGES	IGESDimen	IGESDimen_OrdinateDimension	class	0	collapse	C-IGES	0
DataExchange	TKDEIGES	IGESDimen	IGESDimen_PointDimension	class	0	collapse	C-IGES	0
DataExchange	TKDEIGES	IGESDimen	IGESDimen_Protocol	class	0	collapse	C-IGES	0
DataExchange	TKDEIGES	IGESDimen	IGESDimen_RadiusDimension	class	0	collapse	C-IGES	0
DataExchange	TKDEIGES	IGESDimen	IGESDimen_ReadWriteModule	class	0	collapse	C-IGES	0
DataExchange	TKDEIGES	IGESDimen	IGESDimen_Section	class	0	collapse	C-IGES	0
DataExchange	TKDEIGES	IGESDimen	IGESDimen_SectionedArea	class	0	collapse	C-IGES	0
DataExchange	TKDEIGES	IGESDimen	IGESDimen_SpecificModule	class	0	collapse	C-IGES	0
DataExchange	TKDEIGES	IGESDimen	IGESDimen_ToolAngularDimension	class	0	collapse	C-IGES	0
DataExchange	TKDEIGES	IGESDimen	IGESDimen_ToolBasicDimension	class	0	collapse	C-IGES	0
DataExchange	TKDEIGES	IGESDimen	IGESDimen_ToolCenterLine	class	0	collapse	C-IGES	0
DataExchange	TKDEIGES	IGESDimen	IGESDimen_ToolCurveDimension	class	0	collapse	C-IGES	0
DataExchange	TKDEIGES	IGESDimen	IGESDimen_ToolDiameterDimension	class	0	collapse	C-IGES	0
DataExchange	TKDEIGES	IGESDimen	IGESDimen_ToolDimensionDisplayData	class	0	collapse	C-IGES	0
DataExchange	TKDEIGES	IGESDimen	IGESDimen_ToolDimensionTolerance	class	0	collapse	C-IGES	0
DataExchange	TKDEIGES	IGESDimen	IGESDimen_ToolDimensionUnits	class	0	collapse	C-IGES	0
DataExchange	TKDEIGES	IGESDimen	IGESDimen_ToolDimensionedGeometry	class	0	collapse	C-IGES	0
DataExchange	TKDEIGES	IGESDimen	IGESDimen_ToolFlagNote	class	0	collapse	C-IGES	0
DataExchange	TKDEIGES	IGESDimen	IGESDimen_ToolGeneralLabel	class	0	collapse	C-IGES	0
DataExchange	TKDEIGES	IGESDimen	IGESDimen_ToolGeneralNote	class	0	collapse	C-IGES	0
DataExchange	TKDEIGES	IGESDimen	IGESDimen_ToolGeneralSymbol	class	0	collapse	C-IGES	0
DataExchange	TKDEIGES	IGESDimen	IGESDimen_ToolLeaderArrow	class	0	collapse	C-IGES	0
DataExchange	TKDEIGES	IGESDimen	IGESDimen_ToolLinearDimension	class	0	collapse	C-IGES	0
DataExchange	TKDEIGES	IGESDimen	IGESDimen_ToolNewDimensionedGeometry	class	0	collapse	C-IGES	0
DataExchange	TKDEIGES	IGESDimen	IGESDimen_ToolNewGeneralNote	class	0	collapse	C-IGES	0
DataExchange	TKDEIGES	IGESDimen	IGESDimen_ToolOrdinateDimension	class	0	collapse	C-IGES	0
DataExchange	TKDEIGES	IGESDimen	IGESDimen_ToolPointDimension	class	0	collapse	C-IGES	0
DataExchange	TKDEIGES	IGESDimen	IGESDimen_ToolRadiusDimension	class	0	collapse	C-IGES	0
DataExchange	TKDEIGES	IGESDimen	IGESDimen_ToolSection	class	0	collapse	C-IGES	0
DataExchange	TKDEIGES	IGESDimen	IGESDimen_ToolSectionedArea	class	0	collapse	C-IGES	0
DataExchange	TKDEIGES	IGESDimen	IGESDimen_ToolWitnessLine	class	0	collapse	C-IGES	0
DataExchange	TKDEIGES	IGESDimen	IGESDimen_WitnessLine	class	0	collapse	C-IGES	0
DataExchange	TKDEIGES	IGESDraw	IGESDraw	class	0	collapse	C-IGES	0
DataExchange	TKDEIGES	IGESDraw	IGESDraw_Array1OfConnectPoint	alias	0	collapse	C-IGES	0
DataExchange	TKDEIGES	IGESDraw	IGESDraw_Array1OfViewKindEntity	alias	0	collapse	C-IGES	0
DataExchange	TKDEIGES	IGESDraw	IGESDraw_CircArraySubfigure	class	0	collapse	C-IGES	0
DataExchange	TKDEIGES	IGESDraw	IGESDraw_ConnectPoint	class	0	collapse	C-IGES	0
DataExchange	TKDEIGES	IGESDraw	IGESDraw_Drawing	class	0	collapse	C-IGES	0
DataExchange	TKDEIGES	IGESDraw	IGESDraw_DrawingWithRotation	class	0	collapse	C-IGES	0
DataExchange	TKDEIGES	IGESDraw	IGESDraw_GeneralModule	class	0	collapse	C-IGES	0
DataExchange	TKDEIGES	IGESDraw	IGESDraw_HArray1OfConnectPoint	other	0	collapse	C-IGES	0
DataExchange	TKDEIGES	IGESDraw	IGESDraw_HArray1OfViewKindEntity	other	0	collapse	C-IGES	0
DataExchange	TKDEIGES	IGESDraw	IGESDraw_LabelDisplay	class	0	collapse	C-IGES	0
DataExchange	TKDEIGES	IGESDraw	IGESDraw_NetworkSubfigure	class	0	collapse	C-IGES	0
DataExchange	TKDEIGES	IGESDraw	IGESDraw_NetworkSubfigureDef	class	0	collapse	C-IGES	0
DataExchange	TKDEIGES	IGESDraw	IGESDraw_PerspectiveView	class	0	collapse	C-IGES	0
DataExchange	TKDEIGES	IGESDraw	IGESDraw_Planar	class	0	collapse	C-IGES	0
DataExchange	TKDEIGES	IGESDraw	IGESDraw_Protocol	class	0	collapse	C-IGES	0
DataExchange	TKDEIGES	IGESDraw	IGESDraw_ReadWriteModule	class	0	collapse	C-IGES	0
DataExchange	TKDEIGES	IGESDraw	IGESDraw_RectArraySubfigure	class	0	collapse	C-IGES	0
DataExchange	TKDEIGES	IGESDraw	IGESDraw_SegmentedViewsVisible	class	0	collapse	C-IGES	0
DataExchange	TKDEIGES	IGESDraw	IGESDraw_SpecificModule	class	0	collapse	C-IGES	0
DataExchange	TKDEIGES	IGESDraw	IGESDraw_ToolCircArraySubfigure	class	0	collapse	C-IGES	0
DataExchange	TKDEIGES	IGESDraw	IGESDraw_ToolConnectPoint	class	0	collapse	C-IGES	0
DataExchange	TKDEIGES	IGESDraw	IGESDraw_ToolDrawing	class	0	collapse	C-IGES	0
DataExchange	TKDEIGES	IGESDraw	IGESDraw_ToolDrawingWithRotation	class	0	collapse	C-IGES	0
DataExchange	TKDEIGES	IGESDraw	IGESDraw_ToolLabelDisplay	class	0	collapse	C-IGES	0
DataExchange	TKDEIGES	IGESDraw	IGESDraw_ToolNetworkSubfigure	class	0	collapse	C-IGES	0
DataExchange	TKDEIGES	IGESDraw	IGESDraw_ToolNetworkSubfigureDef	class	0	collapse	C-IGES	0
DataExchange	TKDEIGES	IGESDraw	IGESDraw_ToolPerspectiveView	class	0	collapse	C-IGES	0
DataExchange	TKDEIGES	IGESDraw	IGESDraw_ToolPlanar	class	0	collapse	C-IGES	0
DataExchange	TKDEIGES	IGESDraw	IGESDraw_ToolRectArraySubfigure	class	0	collapse	C-IGES	0
DataExchange	TKDEIGES	IGESDraw	IGESDraw_ToolSegmentedViewsVisible	class	0	collapse	C-IGES	0
DataExchange	TKDEIGES	IGESDraw	IGESDraw_ToolView	class	0	collapse	C-IGES	0
DataExchange	TKDEIGES	IGESDraw	IGESDraw_ToolViewsVisible	class	0	collapse	C-IGES	0
DataExchange	TKDEIGES	IGESDraw	IGESDraw_ToolViewsVisibleWithAttr	class	0	collapse	C-IGES	0
DataExchange	TKDEIGES	IGESDraw	IGESDraw_View	class	0	collapse	C-IGES	0
DataExchange	TKDEIGES	IGESDraw	IGESDraw_ViewsVisible	class	0	collapse	C-IGES	0
DataExchange	TKDEIGES	IGESDraw	IGESDraw_ViewsVisibleWithAttr	class	0	collapse	C-IGES	0
DataExchange	TKDEIGES	IGESFile	IGESFile_Read	other	0	keep		0
DataExchange	TKDEIGES	IGESGeom	IGESGeom	class	0	collapse	C-IGES	0
DataExchange	TKDEIGES	IGESGeom	IGESGeom_Array1OfBoundary	alias	0	collapse	C-IGES	0
DataExchange	TKDEIGES	IGESGeom	IGESGeom_Array1OfCurveOnSurface	alias	0	collapse	C-IGES	0
DataExchange	TKDEIGES	IGESGeom	IGESGeom_Array1OfTransformationMatrix	alias	0	collapse	C-IGES	0
DataExchange	TKDEIGES	IGESGeom	IGESGeom_BSplineCurve	class	0	collapse	C-IGES	0
DataExchange	TKDEIGES	IGESGeom	IGESGeom_BSplineSurface	class	0	collapse	C-IGES	0
DataExchange	TKDEIGES	IGESGeom	IGESGeom_Boundary	class	0	collapse	C-IGES	0
DataExchange	TKDEIGES	IGESGeom	IGESGeom_BoundedSurface	class	0	collapse	C-IGES	0
DataExchange	TKDEIGES	IGESGeom	IGESGeom_CircularArc	class	0	collapse	C-IGES	0
DataExchange	TKDEIGES	IGESGeom	IGESGeom_CompositeCurve	class	0	collapse	C-IGES	0
DataExchange	TKDEIGES	IGESGeom	IGESGeom_ConicArc	class	0	collapse	C-IGES	0
DataExchange	TKDEIGES	IGESGeom	IGESGeom_CopiousData	class	0	collapse	C-IGES	0
DataExchange	TKDEIGES	IGESGeom	IGESGeom_CurveOnSurface	class	0	collapse	C-IGES	0
DataExchange	TKDEIGES	IGESGeom	IGESGeom_Direction	class	0	collapse	C-IGES	0
DataExchange	TKDEIGES	IGESGeom	IGESGeom_Flash	class	0	collapse	C-IGES	0
DataExchange	TKDEIGES	IGESGeom	IGESGeom_GeneralModule	class	0	collapse	C-IGES	0
DataExchange	TKDEIGES	IGESGeom	IGESGeom_HArray1OfBoundary	other	0	collapse	C-IGES	0
DataExchange	TKDEIGES	IGESGeom	IGESGeom_HArray1OfCurveOnSurface	other	0	collapse	C-IGES	0
DataExchange	TKDEIGES	IGESGeom	IGESGeom_HArray1OfTransformationMatrix	other	0	collapse	C-IGES	0
DataExchange	TKDEIGES	IGESGeom	IGESGeom_Line	class	0	collapse	C-IGES	0
DataExchange	TKDEIGES	IGESGeom	IGESGeom_OffsetCurve	class	0	collapse	C-IGES	0
DataExchange	TKDEIGES	IGESGeom	IGESGeom_OffsetSurface	class	0	collapse	C-IGES	0
DataExchange	TKDEIGES	IGESGeom	IGESGeom_Plane	class	0	collapse	C-IGES	0
DataExchange	TKDEIGES	IGESGeom	IGESGeom_Point	class	0	collapse	C-IGES	0
DataExchange	TKDEIGES	IGESGeom	IGESGeom_Protocol	class	0	collapse	C-IGES	0
DataExchange	TKDEIGES	IGESGeom	IGESGeom_ReadWriteModule	class	0	collapse	C-IGES	0
DataExchange	TKDEIGES	IGESGeom	IGESGeom_RuledSurface	class	0	collapse	C-IGES	0
DataExchange	TKDEIGES	IGESGeom	IGESGeom_SpecificModule	class	0	collapse	C-IGES	0
DataExchange	TKDEIGES	IGESGeom	IGESGeom_SplineCurve	class	0	collapse	C-IGES	0
DataExchange	TKDEIGES	IGESGeom	IGESGeom_SplineSurface	class	0	collapse	C-IGES	0
DataExchange	TKDEIGES	IGESGeom	IGESGeom_SurfaceOfRevolution	class	0	collapse	C-IGES	0
DataExchange	TKDEIGES	IGESGeom	IGESGeom_TabulatedCylinder	class	0	collapse	C-IGES	0
DataExchange	TKDEIGES	IGESGeom	IGESGeom_ToolBSplineCurve	class	0	collapse	C-IGES	0
DataExchange	TKDEIGES	IGESGeom	IGESGeom_ToolBSplineSurface	class	0	collapse	C-IGES	0
DataExchange	TKDEIGES	IGESGeom	IGESGeom_ToolBoundary	class	0	collapse	C-IGES	0
DataExchange	TKDEIGES	IGESGeom	IGESGeom_ToolBoundedSurface	class	0	collapse	C-IGES	0
DataExchange	TKDEIGES	IGESGeom	IGESGeom_ToolCircularArc	class	0	collapse	C-IGES	0
DataExchange	TKDEIGES	IGESGeom	IGESGeom_ToolCompositeCurve	class	0	collapse	C-IGES	0
DataExchange	TKDEIGES	IGESGeom	IGESGeom_ToolConicArc	class	0	collapse	C-IGES	0
DataExchange	TKDEIGES	IGESGeom	IGESGeom_ToolCopiousData	class	0	collapse	C-IGES	0
DataExchange	TKDEIGES	IGESGeom	IGESGeom_ToolCurveOnSurface	class	0	collapse	C-IGES	0
DataExchange	TKDEIGES	IGESGeom	IGESGeom_ToolDirection	class	0	collapse	C-IGES	0
DataExchange	TKDEIGES	IGESGeom	IGESGeom_ToolFlash	class	0	collapse	C-IGES	0
DataExchange	TKDEIGES	IGESGeom	IGESGeom_ToolLine	class	0	collapse	C-IGES	0
DataExchange	TKDEIGES	IGESGeom	IGESGeom_ToolOffsetCurve	class	0	collapse	C-IGES	0
DataExchange	TKDEIGES	IGESGeom	IGESGeom_ToolOffsetSurface	class	0	collapse	C-IGES	0
DataExchange	TKDEIGES	IGESGeom	IGESGeom_ToolPlane	class	0	collapse	C-IGES	0
DataExchange	TKDEIGES	IGESGeom	IGESGeom_ToolPoint	class	0	collapse	C-IGES	0
DataExchange	TKDEIGES	IGESGeom	IGESGeom_ToolRuledSurface	class	0	collapse	C-IGES	0
DataExchange	TKDEIGES	IGESGeom	IGESGeom_ToolSplineCurve	class	0	collapse	C-IGES	0
DataExchange	TKDEIGES	IGESGeom	IGESGeom_ToolSplineSurface	class	0	collapse	C-IGES	0
DataExchange	TKDEIGES	IGESGeom	IGESGeom_ToolSurfaceOfRevolution	class	0	collapse	C-IGES	0
DataExchange	TKDEIGES	IGESGeom	IGESGeom_ToolTabulatedCylinder	class	0	collapse	C-IGES	0
DataExchange	TKDEIGES	IGESGeom	IGESGeom_ToolTransformationMatrix	class	0	collapse	C-IGES	0
DataExchange	TKDEIGES	IGESGeom	IGESGeom_ToolTrimmedSurface	class	0	collapse	C-IGES	0
DataExchange	TKDEIGES	IGESGeom	IGESGeom_TransformationMatrix	class	0	collapse	C-IGES	0
DataExchange	TKDEIGES	IGESGeom	IGESGeom_TrimmedSurface	class	0	collapse	C-IGES	0
DataExchange	TKDEIGES	IGESGraph	IGESGraph	class	0	collapse	C-IGES	0
DataExchange	TKDEIGES	IGESGraph	IGESGraph_Array1OfColor	alias	0	collapse	C-IGES	0
DataExchange	TKDEIGES	IGESGraph	IGESGraph_Array1OfTextDisplayTemplate	alias	0	collapse	C-IGES	0
DataExchange	TKDEIGES	IGESGraph	IGESGraph_Array1OfTextFontDef	alias	0	collapse	C-IGES	0
DataExchange	TKDEIGES	IGESGraph	IGESGraph_Color	class	0	collapse	C-IGES	0
DataExchange	TKDEIGES	IGESGraph	IGESGraph_DefinitionLevel	class	0	collapse	C-IGES	0
DataExchange	TKDEIGES	IGESGraph	IGESGraph_DrawingSize	class	0	collapse	C-IGES	0
DataExchange	TKDEIGES	IGESGraph	IGESGraph_DrawingUnits	class	0	collapse	C-IGES	0
DataExchange	TKDEIGES	IGESGraph	IGESGraph_GeneralModule	class	0	collapse	C-IGES	0
DataExchange	TKDEIGES	IGESGraph	IGESGraph_HArray1OfColor	other	0	collapse	C-IGES	0
DataExchange	TKDEIGES	IGESGraph	IGESGraph_HArray1OfTextDisplayTemplate	other	0	collapse	C-IGES	0
DataExchange	TKDEIGES	IGESGraph	IGESGraph_HArray1OfTextFontDef	other	0	collapse	C-IGES	0
DataExchange	TKDEIGES	IGESGraph	IGESGraph_HighLight	class	0	collapse	C-IGES	0
DataExchange	TKDEIGES	IGESGraph	IGESGraph_IntercharacterSpacing	class	0	collapse	C-IGES	0
DataExchange	TKDEIGES	IGESGraph	IGESGraph_LineFontDefPattern	class	0	collapse	C-IGES	0
DataExchange	TKDEIGES	IGESGraph	IGESGraph_LineFontDefTemplate	class	0	collapse	C-IGES	0
DataExchange	TKDEIGES	IGESGraph	IGESGraph_LineFontPredefined	class	0	collapse	C-IGES	0
DataExchange	TKDEIGES	IGESGraph	IGESGraph_NominalSize	class	0	collapse	C-IGES	0
DataExchange	TKDEIGES	IGESGraph	IGESGraph_Pick	class	0	collapse	C-IGES	0
DataExchange	TKDEIGES	IGESGraph	IGESGraph_Protocol	class	0	collapse	C-IGES	0
DataExchange	TKDEIGES	IGESGraph	IGESGraph_ReadWriteModule	class	0	collapse	C-IGES	0
DataExchange	TKDEIGES	IGESGraph	IGESGraph_SpecificModule	class	0	collapse	C-IGES	0
DataExchange	TKDEIGES	IGESGraph	IGESGraph_TextDisplayTemplate	class	0	collapse	C-IGES	0
DataExchange	TKDEIGES	IGESGraph	IGESGraph_TextFontDef	class	0	collapse	C-IGES	0
DataExchange	TKDEIGES	IGESGraph	IGESGraph_ToolColor	class	0	collapse	C-IGES	0
DataExchange	TKDEIGES	IGESGraph	IGESGraph_ToolDefinitionLevel	class	0	collapse	C-IGES	0
DataExchange	TKDEIGES	IGESGraph	IGESGraph_ToolDrawingSize	class	0	collapse	C-IGES	0
DataExchange	TKDEIGES	IGESGraph	IGESGraph_ToolDrawingUnits	class	0	collapse	C-IGES	0
DataExchange	TKDEIGES	IGESGraph	IGESGraph_ToolHighLight	class	0	collapse	C-IGES	0
DataExchange	TKDEIGES	IGESGraph	IGESGraph_ToolIntercharacterSpacing	class	0	collapse	C-IGES	0
DataExchange	TKDEIGES	IGESGraph	IGESGraph_ToolLineFontDefPattern	class	0	collapse	C-IGES	0
DataExchange	TKDEIGES	IGESGraph	IGESGraph_ToolLineFontDefTemplate	class	0	collapse	C-IGES	0
DataExchange	TKDEIGES	IGESGraph	IGESGraph_ToolLineFontPredefined	class	0	collapse	C-IGES	0
DataExchange	TKDEIGES	IGESGraph	IGESGraph_ToolNominalSize	class	0	collapse	C-IGES	0
DataExchange	TKDEIGES	IGESGraph	IGESGraph_ToolPick	class	0	collapse	C-IGES	0
DataExchange	TKDEIGES	IGESGraph	IGESGraph_ToolTextDisplayTemplate	class	0	collapse	C-IGES	0
DataExchange	TKDEIGES	IGESGraph	IGESGraph_ToolTextFontDef	class	0	collapse	C-IGES	0
DataExchange	TKDEIGES	IGESGraph	IGESGraph_ToolUniformRectGrid	class	0	collapse	C-IGES	0
DataExchange	TKDEIGES	IGESGraph	IGESGraph_UniformRectGrid	class	0	collapse	C-IGES	0
DataExchange	TKDEIGES	IGESSelect	IGESSelect	class	0	keep		0
DataExchange	TKDEIGES	IGESSelect	IGESSelect_Activator	class	0	keep		0
DataExchange	TKDEIGES	IGESSelect	IGESSelect_AddFileComment	class	0	keep		0
DataExchange	TKDEIGES	IGESSelect	IGESSelect_AddGroup	class	0	keep		0
DataExchange	TKDEIGES	IGESSelect	IGESSelect_AutoCorrect	class	0	keep		0
DataExchange	TKDEIGES	IGESSelect	IGESSelect_ChangeLevelList	class	0	keep		0
DataExchange	TKDEIGES	IGESSelect	IGESSelect_ChangeLevelNumber	class	0	keep		0
DataExchange	TKDEIGES	IGESSelect	IGESSelect_ComputeStatus	class	0	keep		0
DataExchange	TKDEIGES	IGESSelect	IGESSelect_CounterOfLevelNumber	class	0	drop	R1	0
DataExchange	TKDEIGES	IGESSelect	IGESSelect_DispPerDrawing	class	0	keep		0
DataExchange	TKDEIGES	IGESSelect	IGESSelect_DispPerSingleView	class	0	keep		0
DataExchange	TKDEIGES	IGESSelect	IGESSelect_Dumper	class	0	keep		0
DataExchange	TKDEIGES	IGESSelect	IGESSelect_EditDirPart	class	0	keep		0
DataExchange	TKDEIGES	IGESSelect	IGESSelect_EditHeader	class	0	keep		0
DataExchange	TKDEIGES	IGESSelect	IGESSelect_FileModifier	class	0	keep		0
DataExchange	TKDEIGES	IGESSelect	IGESSelect_FloatFormat	class	0	keep		0
DataExchange	TKDEIGES	IGESSelect	IGESSelect_IGESName	class	0	keep		0
DataExchange	TKDEIGES	IGESSelect	IGESSelect_IGESTypeForm	class	0	keep		0
DataExchange	TKDEIGES	IGESSelect	IGESSelect_ModelModifier	class	0	keep		0
DataExchange	TKDEIGES	IGESSelect	IGESSelect_RebuildDrawings	class	0	keep		0
DataExchange	TKDEIGES	IGESSelect	IGESSelect_RebuildGroups	class	0	keep		0
DataExchange	TKDEIGES	IGESSelect	IGESSelect_RemoveCurves	class	0	keep		0
DataExchange	TKDEIGES	IGESSelect	IGESSelect_SelectBasicGeom	class	0	keep		0
DataExchange	TKDEIGES	IGESSelect	IGESSelect_SelectBypassGroup	class	0	keep		0
DataExchange	TKDEIGES	IGESSelect	IGESSelect_SelectBypassSubfigure	class	0	keep		0
DataExchange	TKDEIGES	IGESSelect	IGESSelect_SelectDrawingFrom	class	0	keep		0
DataExchange	TKDEIGES	IGESSelect	IGESSelect_SelectFaces	class	0	keep		0
DataExchange	TKDEIGES	IGESSelect	IGESSelect_SelectFromDrawing	class	0	keep		0
DataExchange	TKDEIGES	IGESSelect	IGESSelect_SelectFromSingleView	class	0	keep		0
DataExchange	TKDEIGES	IGESSelect	IGESSelect_SelectLevelNumber	class	0	keep		0
DataExchange	TKDEIGES	IGESSelect	IGESSelect_SelectName	class	0	keep		0
DataExchange	TKDEIGES	IGESSelect	IGESSelect_SelectPCurves	class	0	keep		0
DataExchange	TKDEIGES	IGESSelect	IGESSelect_SelectSingleViewFrom	class	0	keep		0
DataExchange	TKDEIGES	IGESSelect	IGESSelect_SelectSubordinate	class	0	keep		0
DataExchange	TKDEIGES	IGESSelect	IGESSelect_SelectVisibleStatus	class	0	keep		0
DataExchange	TKDEIGES	IGESSelect	IGESSelect_SetGlobalParameter	class	0	keep		0
DataExchange	TKDEIGES	IGESSelect	IGESSelect_SetLabel	class	0	keep		0
DataExchange	TKDEIGES	IGESSelect	IGESSelect_SetVersion5	class	0	keep		0
DataExchange	TKDEIGES	IGESSelect	IGESSelect_SignColor	class	0	keep		0
DataExchange	TKDEIGES	IGESSelect	IGESSelect_SignLevelNumber	class	0	keep		0
DataExchange	TKDEIGES	IGESSelect	IGESSelect_SignStatus	class	0	keep		0
DataExchange	TKDEIGES	IGESSelect	IGESSelect_SplineToBSpline	class	0	keep		0
DataExchange	TKDEIGES	IGESSelect	IGESSelect_UpdateCreationDate	class	0	keep		0
DataExchange	TKDEIGES	IGESSelect	IGESSelect_UpdateFileName	class	0	keep		0
DataExchange	TKDEIGES	IGESSelect	IGESSelect_UpdateLastChange	class	0	keep		0
DataExchange	TKDEIGES	IGESSelect	IGESSelect_ViewSorter	class	0	keep		0
DataExchange	TKDEIGES	IGESSelect	IGESSelect_WorkLibrary	class	0	keep		0
DataExchange	TKDEIGES	IGESSolid	IGESSolid	class	0	collapse	C-IGES	0
DataExchange	TKDEIGES	IGESSolid	IGESSolid_Array1OfFace	alias	0	collapse	C-IGES	0
DataExchange	TKDEIGES	IGESSolid	IGESSolid_Array1OfLoop	alias	0	collapse	C-IGES	0
DataExchange	TKDEIGES	IGESSolid	IGESSolid_Array1OfShell	alias	0	collapse	C-IGES	0
DataExchange	TKDEIGES	IGESSolid	IGESSolid_Array1OfVertexList	alias	0	collapse	C-IGES	0
DataExchange	TKDEIGES	IGESSolid	IGESSolid_Block	class	0	collapse	C-IGES	0
DataExchange	TKDEIGES	IGESSolid	IGESSolid_BooleanTree	class	0	collapse	C-IGES	0
DataExchange	TKDEIGES	IGESSolid	IGESSolid_ConeFrustum	class	0	collapse	C-IGES	0
DataExchange	TKDEIGES	IGESSolid	IGESSolid_ConicalSurface	class	0	collapse	C-IGES	0
DataExchange	TKDEIGES	IGESSolid	IGESSolid_Cylinder	class	0	collapse	C-IGES	0
DataExchange	TKDEIGES	IGESSolid	IGESSolid_CylindricalSurface	class	0	collapse	C-IGES	0
DataExchange	TKDEIGES	IGESSolid	IGESSolid_EdgeList	class	0	collapse	C-IGES	0
DataExchange	TKDEIGES	IGESSolid	IGESSolid_Ellipsoid	class	0	collapse	C-IGES	0
DataExchange	TKDEIGES	IGESSolid	IGESSolid_Face	class	0	collapse	C-IGES	0
DataExchange	TKDEIGES	IGESSolid	IGESSolid_GeneralModule	class	0	collapse	C-IGES	0
DataExchange	TKDEIGES	IGESSolid	IGESSolid_HArray1OfFace	other	0	collapse	C-IGES	0
DataExchange	TKDEIGES	IGESSolid	IGESSolid_HArray1OfLoop	other	0	collapse	C-IGES	0
DataExchange	TKDEIGES	IGESSolid	IGESSolid_HArray1OfShell	other	0	collapse	C-IGES	0
DataExchange	TKDEIGES	IGESSolid	IGESSolid_HArray1OfVertexList	other	0	collapse	C-IGES	0
DataExchange	TKDEIGES	IGESSolid	IGESSolid_Loop	class	0	collapse	C-IGES	0
DataExchange	TKDEIGES	IGESSolid	IGESSolid_ManifoldSolid	class	0	collapse	C-IGES	1
DataExchange	TKDEIGES	IGESSolid	IGESSolid_PlaneSurface	class	0	collapse	C-IGES	0
DataExchange	TKDEIGES	IGESSolid	IGESSolid_Protocol	class	0	collapse	C-IGES	0
DataExchange	TKDEIGES	IGESSolid	IGESSolid_ReadWriteModule	class	0	collapse	C-IGES	0
DataExchange	TKDEIGES	IGESSolid	IGESSolid_RightAngularWedge	class	0	collapse	C-IGES	0
DataExchange	TKDEIGES	IGESSolid	IGESSolid_SelectedComponent	class	0	collapse	C-IGES	0
DataExchange	TKDEIGES	IGESSolid	IGESSolid_Shell	class	0	collapse	C-IGES	0
DataExchange	TKDEIGES	IGESSolid	IGESSolid_SolidAssembly	class	0	collapse	C-IGES	0
DataExchange	TKDEIGES	IGESSolid	IGESSolid_SolidInstance	class	0	collapse	C-IGES	0
DataExchange	TKDEIGES	IGESSolid	IGESSolid_SolidOfLinearExtrusion	class	0	collapse	C-IGES	0
DataExchange	TKDEIGES	IGESSolid	IGESSolid_SolidOfRevolution	class	0	collapse	C-IGES	0
DataExchange	TKDEIGES	IGESSolid	IGESSolid_SpecificModule	class	0	collapse	C-IGES	0
DataExchange	TKDEIGES	IGESSolid	IGESSolid_Sphere	class	0	collapse	C-IGES	0
DataExchange	TKDEIGES	IGESSolid	IGESSolid_SphericalSurface	class	0	collapse	C-IGES	0
DataExchange	TKDEIGES	IGESSolid	IGESSolid_ToolBlock	class	0	collapse	C-IGES	0
DataExchange	TKDEIGES	IGESSolid	IGESSolid_ToolBooleanTree	class	0	collapse	C-IGES	0
DataExchange	TKDEIGES	IGESSolid	IGESSolid_ToolConeFrustum	class	0	collapse	C-IGES	0
DataExchange	TKDEIGES	IGESSolid	IGESSolid_ToolConicalSurface	class	0	collapse	C-IGES	0
DataExchange	TKDEIGES	IGESSolid	IGESSolid_ToolCylinder	class	0	collapse	C-IGES	0
DataExchange	TKDEIGES	IGESSolid	IGESSolid_ToolCylindricalSurface	class	0	collapse	C-IGES	0
DataExchange	TKDEIGES	IGESSolid	IGESSolid_ToolEdgeList	class	0	collapse	C-IGES	0
DataExchange	TKDEIGES	IGESSolid	IGESSolid_ToolEllipsoid	class	0	collapse	C-IGES	0
DataExchange	TKDEIGES	IGESSolid	IGESSolid_ToolFace	class	0	collapse	C-IGES	0
DataExchange	TKDEIGES	IGESSolid	IGESSolid_ToolLoop	class	0	collapse	C-IGES	0
DataExchange	TKDEIGES	IGESSolid	IGESSolid_ToolManifoldSolid	class	0	collapse	C-IGES	0
DataExchange	TKDEIGES	IGESSolid	IGESSolid_ToolPlaneSurface	class	0	collapse	C-IGES	0
DataExchange	TKDEIGES	IGESSolid	IGESSolid_ToolRightAngularWedge	class	0	collapse	C-IGES	0
DataExchange	TKDEIGES	IGESSolid	IGESSolid_ToolSelectedComponent	class	0	collapse	C-IGES	0
DataExchange	TKDEIGES	IGESSolid	IGESSolid_ToolShell	class	0	collapse	C-IGES	0
DataExchange	TKDEIGES	IGESSolid	IGESSolid_ToolSolidAssembly	class	0	collapse	C-IGES	0
DataExchange	TKDEIGES	IGESSolid	IGESSolid_ToolSolidInstance	class	0	collapse	C-IGES	0
DataExchange	TKDEIGES	IGESSolid	IGESSolid_ToolSolidOfLinearExtrusion	class	0	collapse	C-IGES	0
DataExchange	TKDEIGES	IGESSolid	IGESSolid_ToolSolidOfRevolution	class	0	collapse	C-IGES	0
DataExchange	TKDEIGES	IGESSolid	IGESSolid_ToolSphere	class	0	collapse	C-IGES	0
DataExchange	TKDEIGES	IGESSolid	IGESSolid_ToolSphericalSurface	class	0	collapse	C-IGES	0
DataExchange	TKDEIGES	IGESSolid	IGESSolid_ToolToroidalSurface	class	0	collapse	C-IGES	0
DataExchange	TKDEIGES	IGESSolid	IGESSolid_ToolTorus	class	0	collapse	C-IGES	0
DataExchange	TKDEIGES	IGESSolid	IGESSolid_ToolVertexList	class	0	collapse	C-IGES	0
DataExchange	TKDEIGES	IGESSolid	IGESSolid_TopoBuilder	class	0	collapse	C-IGES	0
DataExchange	TKDEIGES	IGESSolid	IGESSolid_ToroidalSurface	class	0	collapse	C-IGES	0
DataExchange	TKDEIGES	IGESSolid	IGESSolid_Torus	class	0	collapse	C-IGES	0
DataExchange	TKDEIGES	IGESSolid	IGESSolid_VertexList	class	0	collapse	C-IGES	0
DataExchange	TKDEIGES	IGESToBRep	IGESToBRep	class	0	keep		0
DataExchange	TKDEIGES	IGESToBRep	IGESToBRep_Actor	class	0	keep		2
DataExchange	TKDEIGES	IGESToBRep	IGESToBRep_AlgoContainer	class	0	keep		0
DataExchange	TKDEIGES	IGESToBRep	IGESToBRep_BRepEntity	class	0	keep		0
DataExchange	TKDEIGES	IGESToBRep	IGESToBRep_BasicCurve	class	0	keep		0
DataExchange	TKDEIGES	IGESToBRep	IGESToBRep_BasicSurface	class	0	keep		0
DataExchange	TKDEIGES	IGESToBRep	IGESToBRep_CurveAndSurface	class	0	keep		0
DataExchange	TKDEIGES	IGESToBRep	IGESToBRep_IGESBoundary	class	0	keep		0
DataExchange	TKDEIGES	IGESToBRep	IGESToBRep_Reader	class	0	keep		0
DataExchange	TKDEIGES	IGESToBRep	IGESToBRep_ToolContainer	class	0	keep		0
DataExchange	TKDEIGES	IGESToBRep	IGESToBRep_TopoCurve	class	0	keep		0
DataExchange	TKDEIGES	IGESToBRep	IGESToBRep_TopoSurface	class	0	keep		0
DataExchange	TKXSBase	Interface	Interface_Array1OfFileParameter	alias	0	drop	R1	0
DataExchange	TKXSBase	Interface	Interface_Array1OfHAsciiString	alias	0	drop	R1	0
DataExchange	TKXSBase	Interface	Interface_BitMap	class	0	keep		0
DataExchange	TKXSBase	Interface	Interface_Category	class	0	keep		0
DataExchange	TKXSBase	Interface	Interface_Check	class	0	keep		0
DataExchange	TKXSBase	Interface	Interface_CheckFailure	class	0	keep		0
DataExchange	TKXSBase	Interface	Interface_CheckIterator	class	0	keep		0
DataExchange	TKXSBase	Interface	Interface_CheckStatus	enum	0	keep		0
DataExchange	TKXSBase	Interface	Interface_CheckTool	class	0	keep		0
DataExchange	TKXSBase	Interface	Interface_CopyControl	class	0	keep		0
DataExchange	TKXSBase	Interface	Interface_CopyMap	class	0	keep		0
DataExchange	TKXSBase	Interface	Interface_CopyTool	class	0	keep		0
DataExchange	TKXSBase	Interface	Interface_DataMapIteratorOfDataMapOfTransientInteger	other	0	drop	R1	0
DataExchange	TKXSBase	Interface	Interface_DataMapOfTransientInteger	alias	0	drop	R1	0
DataExchange	TKXSBase	Interface	Interface_DataState	enum	0	keep		0
DataExchange	TKXSBase	Interface	Interface_EntityCluster	class	0	keep		0
DataExchange	TKXSBase	Interface	Interface_EntityIterator	class	0	keep		1
DataExchange	TKXSBase	Interface	Interface_EntityList	class	0	keep		0
DataExchange	TKXSBase	Interface	Interface_FileParameter	class	0	keep		0
DataExchange	TKXSBase	Interface	Interface_FileReaderData	class	0	keep		0
DataExchange	TKXSBase	Interface	Interface_FileReaderTool	class	0	keep		0
DataExchange	TKXSBase	Interface	Interface_FloatWriter	class	0	keep		0
DataExchange	TKXSBase	Interface	Interface_GTool	class	0	keep		0
DataExchange	TKXSBase	Interface	Interface_GeneralLib	class	0	keep		0
DataExchange	TKXSBase	Interface	Interface_GeneralModule	class	0	keep		0
DataExchange	TKXSBase	Interface	Interface_GlobalNodeOfGeneralLib	class	0	drop	R1	0
DataExchange	TKXSBase	Interface	Interface_GlobalNodeOfReaderLib	class	0	drop	R1	0
DataExchange	TKXSBase	Interface	Interface_Graph	class	0	keep		0
DataExchange	TKXSBase	Interface	Interface_GraphContent	class	0	keep		0
DataExchange	TKXSBase	Interface	Interface_HArray1OfHAsciiString	other	0	drop	R1	0
DataExchange	TKXSBase	Interface	Interface_HGraph	class	0	keep		0
DataExchange	TKXSBase	Interface	Interface_HSequenceOfCheck	other	0	drop	R1	0
DataExchange	TKXSBase	Interface	Interface_IndexedMapOfAsciiString	alias	0	drop	R1	0
DataExchange	TKXSBase	Interface	Interface_IntList	class	0	keep		0
DataExchange	TKXSBase	Interface	Interface_IntVal	class	0	keep		0
DataExchange	TKXSBase	Interface	Interface_InterfaceError	class	0	keep		0
DataExchange	TKXSBase	Interface	Interface_InterfaceMismatch	class	0	keep		0
DataExchange	TKXSBase	Interface	Interface_InterfaceModel	class	0	keep		0
DataExchange	TKXSBase	Interface	Interface_LineBuffer	class	0	keep		0
DataExchange	TKXSBase	Interface	Interface_MSG	class	0	keep		0
DataExchange	TKXSBase	Interface	Interface_Macros	other	0	keep		0
DataExchange	TKXSBase	Interface	Interface_NodeOfGeneralLib	class	0	drop	R1	0
DataExchange	TKXSBase	Interface	Interface_NodeOfReaderLib	class	0	drop	R1	0
DataExchange	TKXSBase	Interface	Interface_ParamList	class	0	keep		0
DataExchange	TKXSBase	Interface	Interface_ParamSet	class	0	keep		0
DataExchange	TKXSBase	Interface	Interface_ParamType	enum	0	keep		0
DataExchange	TKXSBase	Interface	Interface_Protocol	class	0	keep		0
DataExchange	TKXSBase	Interface	Interface_ReaderLib	class	0	keep		0
DataExchange	TKXSBase	Interface	Interface_ReaderModule	class	0	keep		0
DataExchange	TKXSBase	Interface	Interface_ReportEntity	class	0	keep		0
DataExchange	TKXSBase	Interface	Interface_STAT	class	0	keep		0
DataExchange	TKXSBase	Interface	Interface_SequenceOfCheck	alias	0	drop	R1	0
DataExchange	TKXSBase	Interface	Interface_ShareFlags	class	0	keep		0
DataExchange	TKXSBase	Interface	Interface_ShareTool	class	0	keep		0
DataExchange	TKXSBase	Interface	Interface_SignLabel	class	0	keep		0
DataExchange	TKXSBase	Interface	Interface_SignType	class	0	keep		0
DataExchange	TKXSBase	Interface	Interface_Static	class	0	keep		13
DataExchange	TKXSBase	Interface	Interface_StaticSatisfies	other	0	keep		0
DataExchange	TKXSBase	Interface	Interface_Statics	other	0	keep		0
DataExchange	TKXSBase	Interface	Interface_Translates	other	0	keep		0
DataExchange	TKXSBase	Interface	Interface_TypedValue	class	0	keep		0
DataExchange	TKXSBase	Interface	Interface_UndefinedContent	class	0	keep		0
DataExchange	TKXSBase	Interface	Interface_ValueInterpret	other	0	keep		0
DataExchange	TKXSBase	Interface	Interface_ValueSatisfies	other	0	keep		0
DataExchange	TKXSBase	Interface	Interface_VectorOfFileParameter	class	0	drop	R1	0
DataExchange	TKXSBase	Interface	Interface_Version	other	0	keep		0
DataExchange	TKXSBase	MoniTool	MoniTool_AttrList	class	0	keep		0
DataExchange	TKXSBase	MoniTool	MoniTool_CaseData	class	0	keep		0
DataExchange	TKXSBase	MoniTool	MoniTool_DataInfo	class	0	keep		0
DataExchange	TKXSBase	MoniTool	MoniTool_DataMapIteratorOfDataMapOfShapeTransient	other	0	drop	R1	0
DataExchange	TKXSBase	MoniTool	MoniTool_DataMapIteratorOfDataMapOfTimer	other	0	drop	R1	0
DataExchange	TKXSBase	MoniTool	MoniTool_DataMapOfShapeTransient	alias	0	drop	R1	0
DataExchange	TKXSBase	MoniTool	MoniTool_DataMapOfTimer	alias	0	drop	R1	0
DataExchange	TKXSBase	MoniTool	MoniTool_Element	class	0	keep		0
DataExchange	TKXSBase	MoniTool	MoniTool_HSequenceOfElement	other	0	drop	R1	0
DataExchange	TKXSBase	MoniTool	MoniTool_IndexedDataMapOfShapeTransient	alias	0	drop	R1	0
DataExchange	TKXSBase	MoniTool	MoniTool_IntVal	class	0	keep		0
DataExchange	TKXSBase	MoniTool	MoniTool_Macros	other	0	keep		0
DataExchange	TKXSBase	MoniTool	MoniTool_RealVal	class	0	keep		0
DataExchange	TKXSBase	MoniTool	MoniTool_SequenceOfElement	alias	0	drop	R1	0
DataExchange	TKXSBase	MoniTool	MoniTool_SignShape	class	0	keep		0
DataExchange	TKXSBase	MoniTool	MoniTool_SignText	class	0	keep		0
DataExchange	TKXSBase	MoniTool	MoniTool_Stat	class	0	keep		0
DataExchange	TKXSBase	MoniTool	MoniTool_Timer	class	0	keep		0
DataExchange	TKXSBase	MoniTool	MoniTool_TimerSentry	class	0	keep		0
DataExchange	TKXSBase	MoniTool	MoniTool_TransientElem	class	0	keep		0
DataExchange	TKXSBase	MoniTool	MoniTool_TypedValue	class	0	keep		0
DataExchange	TKXSBase	MoniTool	MoniTool_ValueInterpret	other	0	keep		0
DataExchange	TKXSBase	MoniTool	MoniTool_ValueSatisfies	other	0	keep		0
DataExchange	TKXSBase	MoniTool	MoniTool_ValueType	enum	0	keep		0
DataExchange	TKDEGLTF	RWGltf	RWGltf_CafReader	class	0	keep		1
DataExchange	TKDEGLTF	RWGltf	RWGltf_CafWriter	class	0	keep		1
DataExchange	TKDEGLTF	RWGltf	RWGltf_ConfigurationNode	class	0	keep		0
DataExchange	TKDEGLTF	RWGltf	RWGltf_DracoParameters	class	0	keep		0
DataExchange	TKDEGLTF	RWGltf	RWGltf_GltfAccessor	class	0	keep		0
DataExchange	TKDEGLTF	RWGltf	RWGltf_GltfAccessorCompType	enum	0	keep		0
DataExchange	TKDEGLTF	RWGltf	RWGltf_GltfAccessorLayout	enum	0	keep		0
DataExchange	TKDEGLTF	RWGltf	RWGltf_GltfAlphaMode	enum	0	keep		0
DataExchange	TKDEGLTF	RWGltf	RWGltf_GltfArrayType	enum	0	keep		0
DataExchange	TKDEGLTF	RWGltf	RWGltf_GltfBufferView	class	0	keep		0
DataExchange	TKDEGLTF	RWGltf	RWGltf_GltfBufferViewTarget	enum	0	keep		0
DataExchange	TKDEGLTF	RWGltf	RWGltf_GltfFace	class	0	keep		0
DataExchange	TKDEGLTF	RWGltf	RWGltf_GltfJsonParser	class	0	keep		0
DataExchange	TKDEGLTF	RWGltf	RWGltf_GltfLatePrimitiveArray	class	0	keep		0
DataExchange	TKDEGLTF	RWGltf	RWGltf_GltfMaterialMap	class	0	keep		0
DataExchange	TKDEGLTF	RWGltf	RWGltf_GltfOStreamWriter	class	0	keep		0
DataExchange	TKDEGLTF	RWGltf	RWGltf_GltfPrimArrayData	class	0	keep		0
DataExchange	TKDEGLTF	RWGltf	RWGltf_GltfPrimitiveMode	enum	0	keep		0
DataExchange	TKDEGLTF	RWGltf	RWGltf_GltfRootElement	enum	0	keep		0
DataExchange	TKDEGLTF	RWGltf	RWGltf_GltfSceneNodeMap	class	0	keep		0
DataExchange	TKDEGLTF	RWGltf	RWGltf_MaterialCommon	class	0	keep		0
DataExchange	TKDEGLTF	RWGltf	RWGltf_MaterialMetallicRoughness	class	0	keep		0
DataExchange	TKDEGLTF	RWGltf	RWGltf_Provider	class	0	keep		0
DataExchange	TKDEGLTF	RWGltf	RWGltf_TriangulationReader	class	0	keep		0
DataExchange	TKDEGLTF	RWGltf	RWGltf_WriterTrsfFormat	enum	0	keep		0
DataExchange	TKDESTEP	RWHeaderSection	RWHeaderSection	class	0	keep		0
DataExchange	TKDESTEP	RWHeaderSection	RWHeaderSection_GeneralModule	class	0	keep		0
DataExchange	TKDESTEP	RWHeaderSection	RWHeaderSection_RWFileDescription	class	0	keep		0
DataExchange	TKDESTEP	RWHeaderSection	RWHeaderSection_RWFileName	class	0	keep		0
DataExchange	TKDESTEP	RWHeaderSection	RWHeaderSection_RWFileSchema	class	0	keep		0
DataExchange	TKDESTEP	RWHeaderSection	RWHeaderSection_ReadWriteModule	class	0	keep		0
DataExchange	TKRWMesh	RWMesh	RWMesh	class	0	keep		0
DataExchange	TKRWMesh	RWMesh	RWMesh_CafReader	class	0	keep		0
DataExchange	TKRWMesh	RWMesh	RWMesh_CoordinateSystem	enum	0	keep		0
DataExchange	TKRWMesh	RWMesh	RWMesh_CoordinateSystemConverter	class	0	keep		0
DataExchange	TKRWMesh	RWMesh	RWMesh_FaceIterator	class	0	keep		0
DataExchange	TKRWMesh	RWMesh	RWMesh_MaterialMap	class	0	keep		0
DataExchange	TKRWMesh	RWMesh	RWMesh_NameFormat	enum	0	keep		0
DataExchange	TKRWMesh	RWMesh	RWMesh_NodeAttributes	class	0	keep		0
DataExchange	TKRWMesh	RWMesh	RWMesh_TriangulationReader	class	0	keep		0
DataExchange	TKRWMesh	RWMesh	RWMesh_TriangulationSource	class	0	keep		0
DataExchange	TKDEOBJ	RWObj	RWObj	class	0	keep		0
DataExchange	TKDEOBJ	RWObj	RWObj_CafReader	class	0	keep		0
DataExchange	TKDEOBJ	RWObj	RWObj_CafWriter	class	0	keep		0
DataExchange	TKDEOBJ	RWObj	RWObj_ConfigurationNode	class	0	keep		0
DataExchange	TKDEOBJ	RWObj	RWObj_Material	class	0	keep		0
DataExchange	TKDEOBJ	RWObj	RWObj_MtlReader	class	0	keep		0
DataExchange	TKDEOBJ	RWObj	RWObj_ObjMaterialMap	class	0	keep		0
DataExchange	TKDEOBJ	RWObj	RWObj_ObjWriterContext	class	0	keep		0
DataExchange	TKDEOBJ	RWObj	RWObj_Provider	class	0	keep		0
DataExchange	TKDEOBJ	RWObj	RWObj_Reader	class	0	keep		0
DataExchange	TKDEOBJ	RWObj	RWObj_SubMesh	class	0	keep		0
DataExchange	TKDEOBJ	RWObj	RWObj_SubMeshReason	enum	0	keep		0
DataExchange	TKDEOBJ	RWObj	RWObj_Tools	other	0	keep		0
DataExchange	TKDEOBJ	RWObj	RWObj_TriangulationReader	class	0	keep		0
DataExchange	TKDEPLY	RWPly	RWPly_CafWriter	class	0	keep		0
DataExchange	TKDEPLY	RWPly	RWPly_ConfigurationNode	class	0	keep		0
DataExchange	TKDEPLY	RWPly	RWPly_PlyWriterContext	class	0	keep		0
DataExchange	TKDEPLY	RWPly	RWPly_Provider	class	0	keep		0
DataExchange	TKDESTEP	RWStepAP203	RWStepAP203_RWCcDesignApproval	class	0	collapse	C-STEP	0
DataExchange	TKDESTEP	RWStepAP203	RWStepAP203_RWCcDesignCertification	class	0	collapse	C-STEP	0
DataExchange	TKDESTEP	RWStepAP203	RWStepAP203_RWCcDesignContract	class	0	collapse	C-STEP	0
DataExchange	TKDESTEP	RWStepAP203	RWStepAP203_RWCcDesignDateAndTimeAssignment	class	0	collapse	C-STEP	0
DataExchange	TKDESTEP	RWStepAP203	RWStepAP203_RWCcDesignPersonAndOrganizationAssignment	class	0	collapse	C-STEP	0
DataExchange	TKDESTEP	RWStepAP203	RWStepAP203_RWCcDesignSecurityClassification	class	0	collapse	C-STEP	0
DataExchange	TKDESTEP	RWStepAP203	RWStepAP203_RWCcDesignSpecificationReference	class	0	collapse	C-STEP	0
DataExchange	TKDESTEP	RWStepAP203	RWStepAP203_RWChange	class	0	collapse	C-STEP	0
DataExchange	TKDESTEP	RWStepAP203	RWStepAP203_RWChangeRequest	class	0	collapse	C-STEP	0
DataExchange	TKDESTEP	RWStepAP203	RWStepAP203_RWStartRequest	class	0	collapse	C-STEP	0
DataExchange	TKDESTEP	RWStepAP203	RWStepAP203_RWStartWork	class	0	collapse	C-STEP	0
DataExchange	TKDESTEP	RWStepAP214	RWStepAP214	class	0	collapse	C-STEP	0
DataExchange	TKDESTEP	RWStepAP214	RWStepAP214_GeneralModule	class	0	collapse	C-STEP	0
DataExchange	TKDESTEP	RWStepAP214	RWStepAP214_RWAppliedApprovalAssignment	class	0	collapse	C-STEP	0
DataExchange	TKDESTEP	RWStepAP214	RWStepAP214_RWAppliedDateAndTimeAssignment	class	0	collapse	C-STEP	0
DataExchange	TKDESTEP	RWStepAP214	RWStepAP214_RWAppliedDateAssignment	class	0	collapse	C-STEP	0
DataExchange	TKDESTEP	RWStepAP214	RWStepAP214_RWAppliedDocumentReference	class	0	collapse	C-STEP	0
DataExchange	TKDESTEP	RWStepAP214	RWStepAP214_RWAppliedExternalIdentificationAssignment	class	0	collapse	C-STEP	0
DataExchange	TKDESTEP	RWStepAP214	RWStepAP214_RWAppliedGroupAssignment	class	0	collapse	C-STEP	0
DataExchange	TKDESTEP	RWStepAP214	RWStepAP214_RWAppliedOrganizationAssignment	class	0	collapse	C-STEP	0
DataExchange	TKDESTEP	RWStepAP214	RWStepAP214_RWAppliedPersonAndOrganizationAssignment	class	0	collapse	C-STEP	0
DataExchange	TKDESTEP	RWStepAP214	RWStepAP214_RWAppliedPresentedItem	class	0	collapse	C-STEP	0
DataExchange	TKDESTEP	RWStepAP214	RWStepAP214_RWAppliedSecurityClassificationAssignment	class	0	collapse	C-STEP	0
DataExchange	TKDESTEP	RWStepAP214	RWStepAP214_RWAutoDesignActualDateAndTimeAssignment	class	0	collapse	C-STEP	0
DataExchange	TKDESTEP	RWStepAP214	RWStepAP214_RWAutoDesignActualDateAssignment	class	0	collapse	C-STEP	0
DataExchange	TKDESTEP	RWStepAP214	RWStepAP214_RWAutoDesignApprovalAssignment	class	0	collapse	C-STEP	0
DataExchange	TKDESTEP	RWStepAP214	RWStepAP214_RWAutoDesignDateAndPersonAssignment	class	0	collapse	C-STEP	0
DataExchange	TKDESTEP	RWStepAP214	RWStepAP214_RWAutoDesignDocumentReference	class	0	collapse	C-STEP	0
DataExchange	TKDESTEP	RWStepAP214	RWStepAP214_RWAutoDesignGroupAssignment	class	0	collapse	C-STEP	0
DataExchange	TKDESTEP	RWStepAP214	RWStepAP214_RWAutoDesignNominalDateAndTimeAssignment	class	0	collapse	C-STEP	0
DataExchange	TKDESTEP	RWStepAP214	RWStepAP214_RWAutoDesignNominalDateAssignment	class	0	collapse	C-STEP	0
DataExchange	TKDESTEP	RWStepAP214	RWStepAP214_RWAutoDesignOrganizationAssignment	class	0	collapse	C-STEP	0
DataExchange	TKDESTEP	RWStepAP214	RWStepAP214_RWAutoDesignPersonAndOrganizationAssignment	class	0	collapse	C-STEP	0
DataExchange	TKDESTEP	RWStepAP214	RWStepAP214_RWAutoDesignPresentedItem	class	0	collapse	C-STEP	0
DataExchange	TKDESTEP	RWStepAP214	RWStepAP214_RWAutoDesignSecurityClassificationAssignment	class	0	collapse	C-STEP	0
DataExchange	TKDESTEP	RWStepAP214	RWStepAP214_RWClass	class	0	collapse	C-STEP	0
DataExchange	TKDESTEP	RWStepAP214	RWStepAP214_RWExternallyDefinedClass	class	0	collapse	C-STEP	0
DataExchange	TKDESTEP	RWStepAP214	RWStepAP214_RWExternallyDefinedGeneralProperty	class	0	collapse	C-STEP	0
DataExchange	TKDESTEP	RWStepAP214	RWStepAP214_RWRepItemGroup	class	0	collapse	C-STEP	0
DataExchange	TKDESTEP	RWStepAP214	RWStepAP214_ReadWriteModule	class	0	collapse	C-STEP	0
DataExchange	TKDESTEP	RWStepAP242	RWStepAP242_RWDraughtingModelItemAssociation	class	0	collapse	C-STEP	0
DataExchange	TKDESTEP	RWStepAP242	RWStepAP242_RWGeometricItemSpecificUsage	class	0	collapse	C-STEP	0
DataExchange	TKDESTEP	RWStepAP242	RWStepAP242_RWIdAttribute	class	0	collapse	C-STEP	0
DataExchange	TKDESTEP	RWStepAP242	RWStepAP242_RWItemIdentifiedRepresentationUsage	class	0	collapse	C-STEP	0
DataExchange	TKDESTEP	RWStepBasic	RWStepBasic_RWAction	class	0	collapse	C-STEP	0
DataExchange	TKDESTEP	RWStepBasic	RWStepBasic_RWActionAssignment	class	0	collapse	C-STEP	0
DataExchange	TKDESTEP	RWStepBasic	RWStepBasic_RWActionMethod	class	0	collapse	C-STEP	0
DataExchange	TKDESTEP	RWStepBasic	RWStepBasic_RWActionRequestAssignment	class	0	collapse	C-STEP	0
DataExchange	TKDESTEP	RWStepBasic	RWStepBasic_RWActionRequestSolution	class	0	collapse	C-STEP	0
DataExchange	TKDESTEP	RWStepBasic	RWStepBasic_RWAddress	class	0	collapse	C-STEP	0
DataExchange	TKDESTEP	RWStepBasic	RWStepBasic_RWApplicationContext	class	0	collapse	C-STEP	0
DataExchange	TKDESTEP	RWStepBasic	RWStepBasic_RWApplicationContextElement	class	0	collapse	C-STEP	0
DataExchange	TKDESTEP	RWStepBasic	RWStepBasic_RWApplicationProtocolDefinition	class	0	collapse	C-STEP	0
DataExchange	TKDESTEP	RWStepBasic	RWStepBasic_RWApproval	class	0	collapse	C-STEP	0
DataExchange	TKDESTEP	RWStepBasic	RWStepBasic_RWApprovalDateTime	class	0	collapse	C-STEP	0
DataExchange	TKDESTEP	RWStepBasic	RWStepBasic_RWApprovalPersonOrganization	class	0	collapse	C-STEP	0
DataExchange	TKDESTEP	RWStepBasic	RWStepBasic_RWApprovalRelationship	class	0	collapse	C-STEP	0
DataExchange	TKDESTEP	RWStepBasic	RWStepBasic_RWApprovalRole	class	0	collapse	C-STEP	0
DataExchange	TKDESTEP	RWStepBasic	RWStepBasic_RWApprovalStatus	class	0	collapse	C-STEP	0
DataExchange	TKDESTEP	RWStepBasic	RWStepBasic_RWCalendarDate	class	0	collapse	C-STEP	0
DataExchange	TKDESTEP	RWStepBasic	RWStepBasic_RWCertification	class	0	collapse	C-STEP	0
DataExchange	TKDESTEP	RWStepBasic	RWStepBasic_RWCertificationAssignment	class	0	collapse	C-STEP	0
DataExchange	TKDESTEP	RWStepBasic	RWStepBasic_RWCertificationType	class	0	collapse	C-STEP	0
DataExchange	TKDESTEP	RWStepBasic	RWStepBasic_RWCharacterizedObject	class	0	collapse	C-STEP	0
DataExchange	TKDESTEP	RWStepBasic	RWStepBasic_RWContract	class	0	collapse	C-STEP	0
DataExchange	TKDESTEP	RWStepBasic	RWStepBasic_RWContractAssignment	class	0	collapse	C-STEP	0
DataExchange	TKDESTEP	RWStepBasic	RWStepBasic_RWContractType	class	0	collapse	C-STEP	0
DataExchange	TKDESTEP	RWStepBasic	RWStepBasic_RWConversionBasedUnit	class	0	collapse	C-STEP	0
DataExchange	TKDESTEP	RWStepBasic	RWStepBasic_RWConversionBasedUnitAndAreaUnit	class	0	collapse	C-STEP	0
DataExchange	TKDESTEP	RWStepBasic	RWStepBasic_RWConversionBasedUnitAndLengthUnit	class	0	collapse	C-STEP	0
DataExchange	TKDESTEP	RWStepBasic	RWStepBasic_RWConversionBasedUnitAndMassUnit	class	0	collapse	C-STEP	0
DataExchange	TKDESTEP	RWStepBasic	RWStepBasic_RWConversionBasedUnitAndPlaneAngleUnit	class	0	collapse	C-STEP	0
DataExchange	TKDESTEP	RWStepBasic	RWStepBasic_RWConversionBasedUnitAndRatioUnit	class	0	collapse	C-STEP	0
DataExchange	TKDESTEP	RWStepBasic	RWStepBasic_RWConversionBasedUnitAndSolidAngleUnit	class	0	collapse	C-STEP	0
DataExchange	TKDESTEP	RWStepBasic	RWStepBasic_RWConversionBasedUnitAndTimeUnit	class	0	collapse	C-STEP	0
DataExchange	TKDESTEP	RWStepBasic	RWStepBasic_RWConversionBasedUnitAndVolumeUnit	class	0	collapse	C-STEP	0
DataExchange	TKDESTEP	RWStepBasic	RWStepBasic_RWCoordinatedUniversalTimeOffset	class	0	collapse	C-STEP	0
DataExchange	TKDESTEP	RWStepBasic	RWStepBasic_RWDate	class	0	collapse	C-STEP	0
DataExchange	TKDESTEP	RWStepBasic	RWStepBasic_RWDateAndTime	class	0	collapse	C-STEP	0
DataExchange	TKDESTEP	RWStepBasic	RWStepBasic_RWDateRole	class	0	collapse	C-STEP	0
DataExchange	TKDESTEP	RWStepBasic	RWStepBasic_RWDateTimeRole	class	0	collapse	C-STEP	0
DataExchange	TKDESTEP	RWStepBasic	RWStepBasic_RWDerivedUnit	class	0	collapse	C-STEP	0
DataExchange	TKDESTEP	RWStepBasic	RWStepBasic_RWDerivedUnitElement	class	0	collapse	C-STEP	0
DataExchange	TKDESTEP	RWStepBasic	RWStepBasic_RWDimensionalExponents	class	0	collapse	C-STEP	0
DataExchange	TKDESTEP	RWStepBasic	RWStepBasic_RWDocument	class	0	collapse	C-STEP	0
DataExchange	TKDESTEP	RWStepBasic	RWStepBasic_RWDocumentFile	class	0	collapse	C-STEP	0
DataExchange	TKDESTEP	RWStepBasic	RWStepBasic_RWDocumentProductAssociation	class	0	collapse	C-STEP	0
DataExchange	TKDESTEP	RWStepBasic	RWStepBasic_RWDocumentProductEquivalence	class	0	collapse	C-STEP	0
DataExchange	TKDESTEP	RWStepBasic	RWStepBasic_RWDocumentRelationship	class	0	collapse	C-STEP	0
DataExchange	TKDESTEP	RWStepBasic	RWStepBasic_RWDocumentRepresentationType	class	0	collapse	C-STEP	0
DataExchange	TKDESTEP	RWStepBasic	RWStepBasic_RWDocumentType	class	0	collapse	C-STEP	0
DataExchange	TKDESTEP	RWStepBasic	RWStepBasic_RWDocumentUsageConstraint	class	0	collapse	C-STEP	0
DataExchange	TKDESTEP	RWStepBasic	RWStepBasic_RWEffectivity	class	0	collapse	C-STEP	0
DataExchange	TKDESTEP	RWStepBasic	RWStepBasic_RWEffectivityAssignment	class	0	collapse	C-STEP	0
DataExchange	TKDESTEP	RWStepBasic	RWStepBasic_RWEulerAngles	class	0	collapse	C-STEP	0
DataExchange	TKDESTEP	RWStepBasic	RWStepBasic_RWExternalIdentificationAssignment	class	0	collapse	C-STEP	0
DataExchange	TKDESTEP	RWStepBasic	RWStepBasic_RWExternalSource	class	0	collapse	C-STEP	0
DataExchange	TKDESTEP	RWStepBasic	RWStepBasic_RWExternallyDefinedItem	class	0	collapse	C-STEP	0
DataExchange	TKDESTEP	RWStepBasic	RWStepBasic_RWGeneralProperty	class	0	collapse	C-STEP	0
DataExchange	TKDESTEP	RWStepBasic	RWStepBasic_RWGroup	class	0	collapse	C-STEP	0
DataExchange	TKDESTEP	RWStepBasic	RWStepBasic_RWGroupAssignment	class	0	collapse	C-STEP	0
DataExchange	TKDESTEP	RWStepBasic	RWStepBasic_RWGroupRelationship	class	0	collapse	C-STEP	0
DataExchange	TKDESTEP	RWStepBasic	RWStepBasic_RWIdentificationAssignment	class	0	collapse	C-STEP	0
DataExchange	TKDESTEP	RWStepBasic	RWStepBasic_RWIdentificationRole	class	0	collapse	C-STEP	0
DataExchange	TKDESTEP	RWStepBasic	RWStepBasic_RWLengthMeasureWithUnit	class	0	collapse	C-STEP	0
DataExchange	TKDESTEP	RWStepBasic	RWStepBasic_RWLengthUnit	class	0	collapse	C-STEP	0
DataExchange	TKDESTEP	RWStepBasic	RWStepBasic_RWLocalTime	class	0	collapse	C-STEP	0
DataExchange	TKDESTEP	RWStepBasic	RWStepBasic_RWMassMeasureWithUnit	class	0	collapse	C-STEP	0
DataExchange	TKDESTEP	RWStepBasic	RWStepBasic_RWMassUnit	class	0	collapse	C-STEP	0
DataExchange	TKDESTEP	RWStepBasic	RWStepBasic_RWMeasureWithUnit	class	0	collapse	C-STEP	0
DataExchange	TKDESTEP	RWStepBasic	RWStepBasic_RWMechanicalContext	class	0	collapse	C-STEP	0
DataExchange	TKDESTEP	RWStepBasic	RWStepBasic_RWNameAssignment	class	0	collapse	C-STEP	0
DataExchange	TKDESTEP	RWStepBasic	RWStepBasic_RWNamedUnit	class	0	collapse	C-STEP	0
DataExchange	TKDESTEP	RWStepBasic	RWStepBasic_RWObjectRole	class	0	collapse	C-STEP	0
DataExchange	TKDESTEP	RWStepBasic	RWStepBasic_RWOrdinalDate	class	0	collapse	C-STEP	0
DataExchange	TKDESTEP	RWStepBasic	RWStepBasic_RWOrganization	class	0	collapse	C-STEP	0
DataExchange	TKDESTEP	RWStepBasic	RWStepBasic_RWOrganizationRole	class	0	collapse	C-STEP	0
DataExchange	TKDESTEP	RWStepBasic	RWStepBasic_RWOrganizationalAddress	class	0	collapse	C-STEP	0
DataExchange	TKDESTEP	RWStepBasic	RWStepBasic_RWPerson	class	0	collapse	C-STEP	0
DataExchange	TKDESTEP	RWStepBasic	RWStepBasic_RWPersonAndOrganization	class	0	collapse	C-STEP	0
DataExchange	TKDESTEP	RWStepBasic	RWStepBasic_RWPersonAndOrganizationRole	class	0	collapse	C-STEP	0
DataExchange	TKDESTEP	RWStepBasic	RWStepBasic_RWPersonalAddress	class	0	collapse	C-STEP	0
DataExchange	TKDESTEP	RWStepBasic	RWStepBasic_RWPlaneAngleMeasureWithUnit	class	0	collapse	C-STEP	0
DataExchange	TKDESTEP	RWStepBasic	RWStepBasic_RWPlaneAngleUnit	class	0	collapse	C-STEP	0
DataExchange	TKDESTEP	RWStepBasic	RWStepBasic_RWProduct	class	0	collapse	C-STEP	0
DataExchange	TKDESTEP	RWStepBasic	RWStepBasic_RWProductCategory	class	0	collapse	C-STEP	0
DataExchange	TKDESTEP	RWStepBasic	RWStepBasic_RWProductCategoryRelationship	class	0	collapse	C-STEP	0
DataExchange	TKDESTEP	RWStepBasic	RWStepBasic_RWProductConceptContext	class	0	collapse	C-STEP	0
DataExchange	TKDESTEP	RWStepBasic	RWStepBasic_RWProductContext	class	0	collapse	C-STEP	0
DataExchange	TKDESTEP	RWStepBasic	RWStepBasic_RWProductDefinition	class	0	collapse	C-STEP	0
DataExchange	TKDESTEP	RWStepBasic	RWStepBasic_RWProductDefinitionContext	class	0	collapse	C-STEP	0
DataExchange	TKDESTEP	RWStepBasic	RWStepBasic_RWProductDefinitionEffectivity	class	0	collapse	C-STEP	0
DataExchange	TKDESTEP	RWStepBasic	RWStepBasic_RWProductDefinitionFormation	class	0	collapse	C-STEP	0
DataExchange	TKDESTEP	RWStepBasic	RWStepBasic_RWProductDefinitionFormationRelationship	class	0	collapse	C-STEP	0
DataExchange	TKDESTEP	RWStepBasic	RWStepBasic_RWProductDefinitionFormationWithSpecifiedSource	class	0	collapse	C-STEP	0
DataExchange	TKDESTEP	RWStepBasic	RWStepBasic_RWProductDefinitionReference	class	0	collapse	C-STEP	0
DataExchange	TKDESTEP	RWStepBasic	RWStepBasic_RWProductDefinitionReferenceWithLocalRepresentation	class	0	collapse	C-STEP	0
DataExchange	TKDESTEP	RWStepBasic	RWStepBasic_RWProductDefinitionRelationship	class	0	collapse	C-STEP	0
DataExchange	TKDESTEP	RWStepBasic	RWStepBasic_RWProductDefinitionWithAssociatedDocuments	class	0	collapse	C-STEP	0
DataExchange	TKDESTEP	RWStepBasic	RWStepBasic_RWProductRelatedProductCategory	class	0	collapse	C-STEP	0
DataExchange	TKDESTEP	RWStepBasic	RWStepBasic_RWProductType	class	0	collapse	C-STEP	0
DataExchange	TKDESTEP	RWStepBasic	RWStepBasic_RWRatioMeasureWithUnit	class	0	collapse	C-STEP	0
DataExchange	TKDESTEP	RWStepBasic	RWStepBasic_RWRoleAssociation	class	0	collapse	C-STEP	0
DataExchange	TKDESTEP	RWStepBasic	RWStepBasic_RWSecurityClassification	class	0	collapse	C-STEP	0
DataExchange	TKDESTEP	RWStepBasic	RWStepBasic_RWSecurityClassificationLevel	class	0	collapse	C-STEP	0
DataExchange	TKDESTEP	RWStepBasic	RWStepBasic_RWSiUnit	class	0	collapse	C-STEP	0
DataExchange	TKDESTEP	RWStepBasic	RWStepBasic_RWSiUnitAndAreaUnit	class	0	collapse	C-STEP	0
DataExchange	TKDESTEP	RWStepBasic	RWStepBasic_RWSiUnitAndLengthUnit	class	0	collapse	C-STEP	0
DataExchange	TKDESTEP	RWStepBasic	RWStepBasic_RWSiUnitAndMassUnit	class	0	collapse	C-STEP	0
DataExchange	TKDESTEP	RWStepBasic	RWStepBasic_RWSiUnitAndPlaneAngleUnit	class	0	collapse	C-STEP	0
DataExchange	TKDESTEP	RWStepBasic	RWStepBasic_RWSiUnitAndRatioUnit	class	0	collapse	C-STEP	0
DataExchange	TKDESTEP	RWStepBasic	RWStepBasic_RWSiUnitAndSolidAngleUnit	class	0	collapse	C-STEP	0
DataExchange	TKDESTEP	RWStepBasic	RWStepBasic_RWSiUnitAndThermodynamicTemperatureUnit	class	0	collapse	C-STEP	0
DataExchange	TKDESTEP	RWStepBasic	RWStepBasic_RWSiUnitAndTimeUnit	class	0	collapse	C-STEP	0
DataExchange	TKDESTEP	RWStepBasic	RWStepBasic_RWSiUnitAndVolumeUnit	class	0	collapse	C-STEP	0
DataExchange	TKDESTEP	RWStepBasic	RWStepBasic_RWSolidAngleMeasureWithUnit	class	0	collapse	C-STEP	0
DataExchange	TKDESTEP	RWStepBasic	RWStepBasic_RWSolidAngleUnit	class	0	collapse	C-STEP	0
DataExchange	TKDESTEP	RWStepBasic	RWStepBasic_RWThermodynamicTemperatureUnit	class	0	collapse	C-STEP	0
DataExchange	TKDESTEP	RWStepBasic	RWStepBasic_RWUncertaintyMeasureWithUnit	class	0	collapse	C-STEP	0
DataExchange	TKDESTEP	RWStepBasic	RWStepBasic_RWVersionedActionRequest	class	0	collapse	C-STEP	0
DataExchange	TKDESTEP	RWStepBasic	RWStepBasic_RWWeekOfYearAndDayDate	class	0	collapse	C-STEP	0
DataExchange	TKDESTEP	RWStepDimTol	RWStepDimTol_RWAngularityTolerance	class	0	collapse	C-STEP	0
DataExchange	TKDESTEP	RWStepDimTol	RWStepDimTol_RWCircularRunoutTolerance	class	0	collapse	C-STEP	0
DataExchange	TKDESTEP	RWStepDimTol	RWStepDimTol_RWCoaxialityTolerance	class	0	collapse	C-STEP	0
DataExchange	TKDESTEP	RWStepDimTol	RWStepDimTol_RWCommonDatum	class	0	collapse	C-STEP	0
DataExchange	TKDESTEP	RWStepDimTol	RWStepDimTol_RWConcentricityTolerance	class	0	collapse	C-STEP	0
DataExchange	TKDESTEP	RWStepDimTol	RWStepDimTol_RWCylindricityTolerance	class	0	collapse	C-STEP	0
DataExchange	TKDESTEP	RWStepDimTol	RWStepDimTol_RWDatum	class	0	collapse	C-STEP	0
DataExchange	TKDESTEP	RWStepDimTol	RWStepDimTol_RWDatumFeature	class	0	collapse	C-STEP	0
DataExchange	TKDESTEP	RWStepDimTol	RWStepDimTol_RWDatumReference	class	0	collapse	C-STEP	0
DataExchange	TKDESTEP	RWStepDimTol	RWStepDimTol_RWDatumReferenceCompartment	class	0	collapse	C-STEP	0
DataExchange	TKDESTEP	RWStepDimTol	RWStepDimTol_RWDatumReferenceElement	class	0	collapse	C-STEP	0
DataExchange	TKDESTEP	RWStepDimTol	RWStepDimTol_RWDatumReferenceModifierWithValue	class	0	collapse	C-STEP	0
DataExchange	TKDESTEP	RWStepDimTol	RWStepDimTol_RWDatumSystem	class	0	collapse	C-STEP	0
DataExchange	TKDESTEP	RWStepDimTol	RWStepDimTol_RWDatumTarget	class	0	collapse	C-STEP	0
DataExchange	TKDESTEP	RWStepDimTol	RWStepDimTol_RWFlatnessTolerance	class	0	collapse	C-STEP	0
DataExchange	TKDESTEP	RWStepDimTol	RWStepDimTol_RWGeneralDatumReference	class	0	collapse	C-STEP	0
DataExchange	TKDESTEP	RWStepDimTol	RWStepDimTol_RWGeoTolAndGeoTolWthDatRef	class	0	collapse	C-STEP	0
DataExchange	TKDESTEP	RWStepDimTol	RWStepDimTol_RWGeoTolAndGeoTolWthDatRefAndGeoTolWthMaxTol	class	0	collapse	C-STEP	0
DataExchange	TKDESTEP	RWStepDimTol	RWStepDimTol_RWGeoTolAndGeoTolWthDatRefAndGeoTolWthMod	class	0	collapse	C-STEP	0
DataExchange	TKDESTEP	RWStepDimTol	RWStepDimTol_RWGeoTolAndGeoTolWthDatRefAndModGeoTolAndPosTol	class	0	collapse	C-STEP	0
DataExchange	TKDESTEP	RWStepDimTol	RWStepDimTol_RWGeoTolAndGeoTolWthDatRefAndUneqDisGeoTol	class	0	collapse	C-STEP	0
DataExchange	TKDESTEP	RWStepDimTol	RWStepDimTol_RWGeoTolAndGeoTolWthMaxTol	class	0	collapse	C-STEP	0
DataExchange	TKDESTEP	RWStepDimTol	RWStepDimTol_RWGeoTolAndGeoTolWthMod	class	0	collapse	C-STEP	0
DataExchange	TKDESTEP	RWStepDimTol	RWStepDimTol_RWGeometricTolerance	class	0	collapse	C-STEP	0
DataExchange	TKDESTEP	RWStepDimTol	RWStepDimTol_RWGeometricToleranceRelationship	class	0	collapse	C-STEP	0
DataExchange	TKDESTEP	RWStepDimTol	RWStepDimTol_RWGeometricToleranceWithDatumReference	class	0	collapse	C-STEP	0
DataExchange	TKDESTEP	RWStepDimTol	RWStepDimTol_RWGeometricToleranceWithDefinedAreaUnit	class	0	collapse	C-STEP	0
DataExchange	TKDESTEP	RWStepDimTol	RWStepDimTol_RWGeometricToleranceWithDefinedUnit	class	0	collapse	C-STEP	0
DataExchange	TKDESTEP	RWStepDimTol	RWStepDimTol_RWGeometricToleranceWithMaximumTolerance	class	0	collapse	C-STEP	0
DataExchange	TKDESTEP	RWStepDimTol	RWStepDimTol_RWGeometricToleranceWithModifiers	class	0	collapse	C-STEP	0
DataExchange	TKDESTEP	RWStepDimTol	RWStepDimTol_RWLineProfileTolerance	class	0	collapse	C-STEP	0
DataExchange	TKDESTEP	RWStepDimTol	RWStepDimTol_RWModifiedGeometricTolerance	class	0	collapse	C-STEP	0
DataExchange	TKDESTEP	RWStepDimTol	RWStepDimTol_RWNonUniformZoneDefinition	class	0	collapse	C-STEP	0
DataExchange	TKDESTEP	RWStepDimTol	RWStepDimTol_RWParallelismTolerance	class	0	collapse	C-STEP	0
DataExchange	TKDESTEP	RWStepDimTol	RWStepDimTol_RWPerpendicularityTolerance	class	0	collapse	C-STEP	0
DataExchange	TKDESTEP	RWStepDimTol	RWStepDimTol_RWPlacedDatumTargetFeature	class	0	collapse	C-STEP	0
DataExchange	TKDESTEP	RWStepDimTol	RWStepDimTol_RWPositionTolerance	class	0	collapse	C-STEP	0
DataExchange	TKDESTEP	RWStepDimTol	RWStepDimTol_RWProjectedZoneDefinition	class	0	collapse	C-STEP	0
DataExchange	TKDESTEP	RWStepDimTol	RWStepDimTol_RWRoundnessTolerance	class	0	collapse	C-STEP	0
DataExchange	TKDESTEP	RWStepDimTol	RWStepDimTol_RWRunoutZoneDefinition	class	0	collapse	C-STEP	0
DataExchange	TKDESTEP	RWStepDimTol	RWStepDimTol_RWRunoutZoneOrientation	class	0	collapse	C-STEP	0
DataExchange	TKDESTEP	RWStepDimTol	RWStepDimTol_RWStraightnessTolerance	class	0	collapse	C-STEP	0
DataExchange	TKDESTEP	RWStepDimTol	RWStepDimTol_RWSurfaceProfileTolerance	class	0	collapse	C-STEP	0
DataExchange	TKDESTEP	RWStepDimTol	RWStepDimTol_RWSymmetryTolerance	class	0	collapse	C-STEP	0
DataExchange	TKDESTEP	RWStepDimTol	RWStepDimTol_RWToleranceZone	class	0	collapse	C-STEP	0
DataExchange	TKDESTEP	RWStepDimTol	RWStepDimTol_RWToleranceZoneDefinition	class	0	collapse	C-STEP	0
DataExchange	TKDESTEP	RWStepDimTol	RWStepDimTol_RWToleranceZoneForm	class	0	collapse	C-STEP	0
DataExchange	TKDESTEP	RWStepDimTol	RWStepDimTol_RWTotalRunoutTolerance	class	0	collapse	C-STEP	0
DataExchange	TKDESTEP	RWStepDimTol	RWStepDimTol_RWUnequallyDisposedGeometricTolerance	class	0	collapse	C-STEP	0
DataExchange	TKDESTEP	RWStepElement	RWStepElement_RWAnalysisItemWithinRepresentation	class	0	collapse	C-STEP	0
DataExchange	TKDESTEP	RWStepElement	RWStepElement_RWCurve3dElementDescriptor	class	0	collapse	C-STEP	0
DataExchange	TKDESTEP	RWStepElement	RWStepElement_RWCurveElementEndReleasePacket	class	0	collapse	C-STEP	0
DataExchange	TKDESTEP	RWStepElement	RWStepElement_RWCurveElementSectionDefinition	class	0	collapse	C-STEP	0
DataExchange	TKDESTEP	RWStepElement	RWStepElement_RWCurveElementSectionDerivedDefinitions	class	0	collapse	C-STEP	0
DataExchange	TKDESTEP	RWStepElement	RWStepElement_RWElementDescriptor	class	0	collapse	C-STEP	0
DataExchange	TKDESTEP	RWStepElement	RWStepElement_RWElementMaterial	class	0	collapse	C-STEP	0
DataExchange	TKDESTEP	RWStepElement	RWStepElement_RWSurface3dElementDescriptor	class	0	collapse	C-STEP	0
DataExchange	TKDESTEP	RWStepElement	RWStepElement_RWSurfaceElementProperty	class	0	collapse	C-STEP	0
DataExchange	TKDESTEP	RWStepElement	RWStepElement_RWSurfaceSection	class	0	collapse	C-STEP	0
DataExchange	TKDESTEP	RWStepElement	RWStepElement_RWSurfaceSectionField	class	0	collapse	C-STEP	0
DataExchange	TKDESTEP	RWStepElement	RWStepElement_RWSurfaceSectionFieldConstant	class	0	collapse	C-STEP	0
DataExchange	TKDESTEP	RWStepElement	RWStepElement_RWSurfaceSectionFieldVarying	class	0	collapse	C-STEP	0
DataExchange	TKDESTEP	RWStepElement	RWStepElement_RWUniformSurfaceSection	class	0	collapse	C-STEP	0
DataExchange	TKDESTEP	RWStepElement	RWStepElement_RWVolume3dElementDescriptor	class	0	collapse	C-STEP	0
DataExchange	TKDESTEP	RWStepFEA	RWStepFEA_RWAlignedCurve3dElementCoordinateSystem	class	0	collapse	C-STEP	0
DataExchange	TKDESTEP	RWStepFEA	RWStepFEA_RWAlignedSurface3dElementCoordinateSystem	class	0	collapse	C-STEP	0
DataExchange	TKDESTEP	RWStepFEA	RWStepFEA_RWArbitraryVolume3dElementCoordinateSystem	class	0	collapse	C-STEP	0
DataExchange	TKDESTEP	RWStepFEA	RWStepFEA_RWConstantSurface3dElementCoordinateSystem	class	0	collapse	C-STEP	0
DataExchange	TKDESTEP	RWStepFEA	RWStepFEA_RWCurve3dElementProperty	class	0	collapse	C-STEP	0
DataExchange	TKDESTEP	RWStepFEA	RWStepFEA_RWCurve3dElementRepresentation	class	0	collapse	C-STEP	0
DataExchange	TKDESTEP	RWStepFEA	RWStepFEA_RWCurveElementEndOffset	class	0	collapse	C-STEP	0
DataExchange	TKDESTEP	RWStepFEA	RWStepFEA_RWCurveElementEndRelease	class	0	collapse	C-STEP	0
DataExchange	TKDESTEP	RWStepFEA	RWStepFEA_RWCurveElementInterval	class	0	collapse	C-STEP	0
DataExchange	TKDESTEP	RWStepFEA	RWStepFEA_RWCurveElementIntervalConstant	class	0	collapse	C-STEP	0
DataExchange	TKDESTEP	RWStepFEA	RWStepFEA_RWCurveElementIntervalLinearlyVarying	class	0	collapse	C-STEP	0
DataExchange	TKDESTEP	RWStepFEA	RWStepFEA_RWCurveElementLocation	class	0	collapse	C-STEP	0
DataExchange	TKDESTEP	RWStepFEA	RWStepFEA_RWDummyNode	class	0	collapse	C-STEP	0
DataExchange	TKDESTEP	RWStepFEA	RWStepFEA_RWElementGeometricRelationship	class	0	collapse	C-STEP	0
DataExchange	TKDESTEP	RWStepFEA	RWStepFEA_RWElementGroup	class	0	collapse	C-STEP	0
DataExchange	TKDESTEP	RWStepFEA	RWStepFEA_RWElementRepresentation	class	0	collapse	C-STEP	0
DataExchange	TKDESTEP	RWStepFEA	RWStepFEA_RWFeaAreaDensity	class	0	collapse	C-STEP	0
DataExchange	TKDESTEP	RWStepFEA	RWStepFEA_RWFeaAxis2Placement3d	class	0	collapse	C-STEP	0
DataExchange	TKDESTEP	RWStepFEA	RWStepFEA_RWFeaCurveSectionGeometricRelationship	class	0	collapse	C-STEP	0
DataExchange	TKDESTEP	RWStepFEA	RWStepFEA_RWFeaGroup	class	0	collapse	C-STEP	0
DataExchange	TKDESTEP	RWStepFEA	RWStepFEA_RWFeaLinearElasticity	class	0	collapse	C-STEP	0
DataExchange	TKDESTEP	RWStepFEA	RWStepFEA_RWFeaMassDensity	class	0	collapse	C-STEP	0
DataExchange	TKDESTEP	RWStepFEA	RWStepFEA_RWFeaMaterialPropertyRepresentation	class	0	collapse	C-STEP	0
DataExchange	TKDESTEP	RWStepFEA	RWStepFEA_RWFeaMaterialPropertyRepresentationItem	class	0	collapse	C-STEP	0
DataExchange	TKDESTEP	RWStepFEA	RWStepFEA_RWFeaModel	class	0	collapse	C-STEP	0
DataExchange	TKDESTEP	RWStepFEA	RWStepFEA_RWFeaModel3d	class	0	collapse	C-STEP	0
DataExchange	TKDESTEP	RWStepFEA	RWStepFEA_RWFeaModelDefinition	class	0	collapse	C-STEP	0
DataExchange	TKDESTEP	RWStepFEA	RWStepFEA_RWFeaMoistureAbsorption	class	0	collapse	C-STEP	0
DataExchange	TKDESTEP	RWStepFEA	RWStepFEA_RWFeaParametricPoint	class	0	collapse	C-STEP	0
DataExchange	TKDESTEP	RWStepFEA	RWStepFEA_RWFeaRepresentationItem	class	0	collapse	C-STEP	0
DataExchange	TKDESTEP	RWStepFEA	RWStepFEA_RWFeaSecantCoefficientOfLinearThermalExpansion	class	0	collapse	C-STEP	0
DataExchange	TKDESTEP	RWStepFEA	RWStepFEA_RWFeaShellBendingStiffness	class	0	collapse	C-STEP	0
DataExchange	TKDESTEP	RWStepFEA	RWStepFEA_RWFeaShellMembraneBendingCouplingStiffness	class	0	collapse	C-STEP	0
DataExchange	TKDESTEP	RWStepFEA	RWStepFEA_RWFeaShellMembraneStiffness	class	0	collapse	C-STEP	0
DataExchange	TKDESTEP	RWStepFEA	RWStepFEA_RWFeaShellShearStiffness	class	0	collapse	C-STEP	0
DataExchange	TKDESTEP	RWStepFEA	RWStepFEA_RWFeaSurfaceSectionGeometricRelationship	class	0	collapse	C-STEP	0
DataExchange	TKDESTEP	RWStepFEA	RWStepFEA_RWFeaTangentialCoefficientOfLinearThermalExpansion	class	0	collapse	C-STEP	0
DataExchange	TKDESTEP	RWStepFEA	RWStepFEA_RWFreedomAndCoefficient	class	0	collapse	C-STEP	0
DataExchange	TKDESTEP	RWStepFEA	RWStepFEA_RWFreedomsList	class	0	collapse	C-STEP	0
DataExchange	TKDESTEP	RWStepFEA	RWStepFEA_RWGeometricNode	class	0	collapse	C-STEP	0
DataExchange	TKDESTEP	RWStepFEA	RWStepFEA_RWNode	class	0	collapse	C-STEP	0
DataExchange	TKDESTEP	RWStepFEA	RWStepFEA_RWNodeDefinition	class	0	collapse	C-STEP	0
DataExchange	TKDESTEP	RWStepFEA	RWStepFEA_RWNodeGroup	class	0	collapse	C-STEP	0
DataExchange	TKDESTEP	RWStepFEA	RWStepFEA_RWNodeRepresentation	class	0	collapse	C-STEP	0
DataExchange	TKDESTEP	RWStepFEA	RWStepFEA_RWNodeSet	class	0	collapse	C-STEP	0
DataExchange	TKDESTEP	RWStepFEA	RWStepFEA_RWNodeWithSolutionCoordinateSystem	class	0	collapse	C-STEP	0
DataExchange	TKDESTEP	RWStepFEA	RWStepFEA_RWNodeWithVector	class	0	collapse	C-STEP	0
DataExchange	TKDESTEP	RWStepFEA	RWStepFEA_RWParametricCurve3dElementCoordinateDirection	class	0	collapse	C-STEP	0
DataExchange	TKDESTEP	RWStepFEA	RWStepFEA_RWParametricCurve3dElementCoordinateSystem	class	0	collapse	C-STEP	0
DataExchange	TKDESTEP	RWStepFEA	RWStepFEA_RWParametricSurface3dElementCoordinateSystem	class	0	collapse	C-STEP	0
DataExchange	TKDESTEP	RWStepFEA	RWStepFEA_RWSurface3dElementRepresentation	class	0	collapse	C-STEP	0
DataExchange	TKDESTEP	RWStepFEA	RWStepFEA_RWVolume3dElementRepresentation	class	0	collapse	C-STEP	0
DataExchange	TKDESTEP	RWStepGeom	RWStepGeom_RWAxis1Placement	class	0	collapse	C-STEP	0
DataExchange	TKDESTEP	RWStepGeom	RWStepGeom_RWAxis2Placement2d	class	0	collapse	C-STEP	0
DataExchange	TKDESTEP	RWStepGeom	RWStepGeom_RWAxis2Placement3d	class	0	collapse	C-STEP	0
DataExchange	TKDESTEP	RWStepGeom	RWStepGeom_RWBSplineCurve	class	0	collapse	C-STEP	0
DataExchange	TKDESTEP	RWStepGeom	RWStepGeom_RWBSplineCurveWithKnots	class	0	collapse	C-STEP	0
DataExchange	TKDESTEP	RWStepGeom	RWStepGeom_RWBSplineCurveWithKnotsAndRationalBSplineCurve	class	0	collapse	C-STEP	0
DataExchange	TKDESTEP	RWStepGeom	RWStepGeom_RWBSplineSurface	class	0	collapse	C-STEP	0
DataExchange	TKDESTEP	RWStepGeom	RWStepGeom_RWBSplineSurfaceWithKnots	class	0	collapse	C-STEP	0
DataExchange	TKDESTEP	RWStepGeom	RWStepGeom_RWBSplineSurfaceWithKnotsAndRationalBSplineSurface	class	0	collapse	C-STEP	0
DataExchange	TKDESTEP	RWStepGeom	RWStepGeom_RWBezierCurve	class	0	collapse	C-STEP	0
DataExchange	TKDESTEP	RWStepGeom	RWStepGeom_RWBezierCurveAndRationalBSplineCurve	class	0	collapse	C-STEP	0
DataExchange	TKDESTEP	RWStepGeom	RWStepGeom_RWBezierSurface	class	0	collapse	C-STEP	0
DataExchange	TKDESTEP	RWStepGeom	RWStepGeom_RWBezierSurfaceAndRationalBSplineSurface	class	0	collapse	C-STEP	0
DataExchange	TKDESTEP	RWStepGeom	RWStepGeom_RWBoundaryCurve	class	0	collapse	C-STEP	0
DataExchange	TKDESTEP	RWStepGeom	RWStepGeom_RWBoundedCurve	class	0	collapse	C-STEP	0
DataExchange	TKDESTEP	RWStepGeom	RWStepGeom_RWBoundedSurface	class	0	collapse	C-STEP	0
DataExchange	TKDESTEP	RWStepGeom	RWStepGeom_RWCartesianPoint	class	0	collapse	C-STEP	0
DataExchange	TKDESTEP	RWStepGeom	RWStepGeom_RWCartesianTransformationOperator	class	0	collapse	C-STEP	0
DataExchange	TKDESTEP	RWStepGeom	RWStepGeom_RWCartesianTransformationOperator3d	class	0	collapse	C-STEP	0
DataExchange	TKDESTEP	RWStepGeom	RWStepGeom_RWCircle	class	0	collapse	C-STEP	0
DataExchange	TKDESTEP	RWStepGeom	RWStepGeom_RWCompositeCurve	class	0	collapse	C-STEP	0
DataExchange	TKDESTEP	RWStepGeom	RWStepGeom_RWCompositeCurveOnSurface	class	0	collapse	C-STEP	0
DataExchange	TKDESTEP	RWStepGeom	RWStepGeom_RWCompositeCurveSegment	class	0	collapse	C-STEP	0
DataExchange	TKDESTEP	RWStepGeom	RWStepGeom_RWConic	class	0	collapse	C-STEP	0
DataExchange	TKDESTEP	RWStepGeom	RWStepGeom_RWConicalSurface	class	0	collapse	C-STEP	0
DataExchange	TKDESTEP	RWStepGeom	RWStepGeom_RWCurve	class	0	collapse	C-STEP	0
DataExchange	TKDESTEP	RWStepGeom	RWStepGeom_RWCurveBoundedSurface	class	0	collapse	C-STEP	0
DataExchange	TKDESTEP	RWStepGeom	RWStepGeom_RWCurveReplica	class	0	collapse	C-STEP	0
DataExchange	TKDESTEP	RWStepGeom	RWStepGeom_RWCylindricalSurface	class	0	collapse	C-STEP	0
DataExchange	TKDESTEP	RWStepGeom	RWStepGeom_RWDegeneratePcurve	class	0	collapse	C-STEP	0
DataExchange	TKDESTEP	RWStepGeom	RWStepGeom_RWDegenerateToroidalSurface	class	0	collapse	C-STEP	0
DataExchange	TKDESTEP	RWStepGeom	RWStepGeom_RWDirection	class	0	collapse	C-STEP	0
DataExchange	TKDESTEP	RWStepGeom	RWStepGeom_RWElementarySurface	class	0	collapse	C-STEP	0
DataExchange	TKDESTEP	RWStepGeom	RWStepGeom_RWEllipse	class	0	collapse	C-STEP	0
DataExchange	TKDESTEP	RWStepGeom	RWStepGeom_RWEvaluatedDegeneratePcurve	class	0	collapse	C-STEP	0
DataExchange	TKDESTEP	RWStepGeom	RWStepGeom_RWGeomRepContextAndGlobUnitAssCtxAndGlobUncertaintyAssCtx	class	0	collapse	C-STEP	0
DataExchange	TKDESTEP	RWStepGeom	RWStepGeom_RWGeometricRepresentationContext	class	0	collapse	C-STEP	0
DataExchange	TKDESTEP	RWStepGeom	RWStepGeom_RWGeometricRepresentationContextAndGlobalUnitAssignedContext	class	0	collapse	C-STEP	0
DataExchange	TKDESTEP	RWStepGeom	RWStepGeom_RWGeometricRepresentationContextAndParametricRepresentationContext	class	0	collapse	C-STEP	0
DataExchange	TKDESTEP	RWStepGeom	RWStepGeom_RWGeometricRepresentationItem	class	0	collapse	C-STEP	0
DataExchange	TKDESTEP	RWStepGeom	RWStepGeom_RWHyperbola	class	0	collapse	C-STEP	0
DataExchange	TKDESTEP	RWStepGeom	RWStepGeom_RWIntersectionCurve	class	0	collapse	C-STEP	0
DataExchange	TKDESTEP	RWStepGeom	RWStepGeom_RWLine	class	0	collapse	C-STEP	0
DataExchange	TKDESTEP	RWStepGeom	RWStepGeom_RWOffsetCurve3d	class	0	collapse	C-STEP	0
DataExchange	TKDESTEP	RWStepGeom	RWStepGeom_RWOffsetSurface	class	0	collapse	C-STEP	0
DataExchange	TKDESTEP	RWStepGeom	RWStepGeom_RWOrientedSurface	class	0	collapse	C-STEP	0
DataExchange	TKDESTEP	RWStepGeom	RWStepGeom_RWOuterBoundaryCurve	class	0	collapse	C-STEP	0
DataExchange	TKDESTEP	RWStepGeom	RWStepGeom_RWParabola	class	0	collapse	C-STEP	0
DataExchange	TKDESTEP	RWStepGeom	RWStepGeom_RWPcurve	class	0	collapse	C-STEP	0
DataExchange	TKDESTEP	RWStepGeom	RWStepGeom_RWPlacement	class	0	collapse	C-STEP	0
DataExchange	TKDESTEP	RWStepGeom	RWStepGeom_RWPlane	class	0	collapse	C-STEP	0
DataExchange	TKDESTEP	RWStepGeom	RWStepGeom_RWPoint	class	0	collapse	C-STEP	0
DataExchange	TKDESTEP	RWStepGeom	RWStepGeom_RWPointOnCurve	class	0	collapse	C-STEP	0
DataExchange	TKDESTEP	RWStepGeom	RWStepGeom_RWPointOnSurface	class	0	collapse	C-STEP	0
DataExchange	TKDESTEP	RWStepGeom	RWStepGeom_RWPointReplica	class	0	collapse	C-STEP	0
DataExchange	TKDESTEP	RWStepGeom	RWStepGeom_RWPolyline	class	0	collapse	C-STEP	0
DataExchange	TKDESTEP	RWStepGeom	RWStepGeom_RWQuasiUniformCurve	class	0	collapse	C-STEP	0
DataExchange	TKDESTEP	RWStepGeom	RWStepGeom_RWQuasiUniformCurveAndRationalBSplineCurve	class	0	collapse	C-STEP	0
DataExchange	TKDESTEP	RWStepGeom	RWStepGeom_RWQuasiUniformSurface	class	0	collapse	C-STEP	0
DataExchange	TKDESTEP	RWStepGeom	RWStepGeom_RWQuasiUniformSurfaceAndRationalBSplineSurface	class	0	collapse	C-STEP	0
DataExchange	TKDESTEP	RWStepGeom	RWStepGeom_RWRationalBSplineCurve	class	0	collapse	C-STEP	0
DataExchange	TKDESTEP	RWStepGeom	RWStepGeom_RWRationalBSplineSurface	class	0	collapse	C-STEP	0
DataExchange	TKDESTEP	RWStepGeom	RWStepGeom_RWRectangularCompositeSurface	class	0	collapse	C-STEP	0
DataExchange	TKDESTEP	RWStepGeom	RWStepGeom_RWRectangularTrimmedSurface	class	0	collapse	C-STEP	0
DataExchange	TKDESTEP	RWStepGeom	RWStepGeom_RWReparametrisedCompositeCurveSegment	class	0	collapse	C-STEP	0
DataExchange	TKDESTEP	RWStepGeom	RWStepGeom_RWSeamCurve	class	0	collapse	C-STEP	0
DataExchange	TKDESTEP	RWStepGeom	RWStepGeom_RWSphericalSurface	class	0	collapse	C-STEP	0
DataExchange	TKDESTEP	RWStepGeom	RWStepGeom_RWSuParameters	class	0	collapse	C-STEP	0
DataExchange	TKDESTEP	RWStepGeom	RWStepGeom_RWSurface	class	0	collapse	C-STEP	0
DataExchange	TKDESTEP	RWStepGeom	RWStepGeom_RWSurfaceCurve	class	0	collapse	C-STEP	0
DataExchange	TKDESTEP	RWStepGeom	RWStepGeom_RWSurfaceCurveAndBoundedCurve	class	0	collapse	C-STEP	0
DataExchange	TKDESTEP	RWStepGeom	RWStepGeom_RWSurfaceOfLinearExtrusion	class	0	collapse	C-STEP	0
DataExchange	TKDESTEP	RWStepGeom	RWStepGeom_RWSurfaceOfRevolution	class	0	collapse	C-STEP	0
DataExchange	TKDESTEP	RWStepGeom	RWStepGeom_RWSurfacePatch	class	0	collapse	C-STEP	0
DataExchange	TKDESTEP	RWStepGeom	RWStepGeom_RWSurfaceReplica	class	0	collapse	C-STEP	0
DataExchange	TKDESTEP	RWStepGeom	RWStepGeom_RWSweptSurface	class	0	collapse	C-STEP	0
DataExchange	TKDESTEP	RWStepGeom	RWStepGeom_RWToroidalSurface	class	0	collapse	C-STEP	0
DataExchange	TKDESTEP	RWStepGeom	RWStepGeom_RWTrimmedCurve	class	0	collapse	C-STEP	0
DataExchange	TKDESTEP	RWStepGeom	RWStepGeom_RWUniformCurve	class	0	collapse	C-STEP	0
DataExchange	TKDESTEP	RWStepGeom	RWStepGeom_RWUniformCurveAndRationalBSplineCurve	class	0	collapse	C-STEP	0
DataExchange	TKDESTEP	RWStepGeom	RWStepGeom_RWUniformSurface	class	0	collapse	C-STEP	0
DataExchange	TKDESTEP	RWStepGeom	RWStepGeom_RWUniformSurfaceAndRationalBSplineSurface	class	0	collapse	C-STEP	0
DataExchange	TKDESTEP	RWStepGeom	RWStepGeom_RWVector	class	0	collapse	C-STEP	0
DataExchange	TKDESTEP	RWStepKinematics	RWStepKinematics_RWActuatedKinPairAndOrderKinPair	class	0	collapse	C-STEP	0
DataExchange	TKDESTEP	RWStepKinematics	RWStepKinematics_RWActuatedKinematicPair	class	0	collapse	C-STEP	0
DataExchange	TKDESTEP	RWStepKinematics	RWStepKinematics_RWContextDependentKinematicLinkRepresentation	class	0	collapse	C-STEP	0
DataExchange	TKDESTEP	RWStepKinematics	RWStepKinematics_RWCylindricalPair	class	0	collapse	C-STEP	0
DataExchange	TKDESTEP	RWStepKinematics	RWStepKinematics_RWCylindricalPairValue	class	0	collapse	C-STEP	0
DataExchange	TKDESTEP	RWStepKinematics	RWStepKinematics_RWCylindricalPairWithRange	class	0	collapse	C-STEP	0
DataExchange	TKDESTEP	RWStepKinematics	RWStepKinematics_RWFullyConstrainedPair	class	0	collapse	C-STEP	0
DataExchange	TKDESTEP	RWStepKinematics	RWStepKinematics_RWGearPair	class	0	collapse	C-STEP	0
DataExchange	TKDESTEP	RWStepKinematics	RWStepKinematics_RWGearPairValue	class	0	collapse	C-STEP	0
DataExchange	TKDESTEP	RWStepKinematics	RWStepKinematics_RWGearPairWithRange	class	0	collapse	C-STEP	0
DataExchange	TKDESTEP	RWStepKinematics	RWStepKinematics_RWHomokineticPair	class	0	collapse	C-STEP	0
DataExchange	TKDESTEP	RWStepKinematics	RWStepKinematics_RWKinematicJoint	class	0	collapse	C-STEP	0
DataExchange	TKDESTEP	RWStepKinematics	RWStepKinematics_RWKinematicLink	class	0	collapse	C-STEP	0
DataExchange	TKDESTEP	RWStepKinematics	RWStepKinematics_RWKinematicLinkRepresentationAssociation	class	0	collapse	C-STEP	0
DataExchange	TKDESTEP	RWStepKinematics	RWStepKinematics_RWKinematicPropertyMechanismRepresentation	class	0	collapse	C-STEP	0
DataExchange	TKDESTEP	RWStepKinematics	RWStepKinematics_RWKinematicTopologyDirectedStructure	class	0	collapse	C-STEP	0
DataExchange	TKDESTEP	RWStepKinematics	RWStepKinematics_RWKinematicTopologyNetworkStructure	class	0	collapse	C-STEP	0
DataExchange	TKDESTEP	RWStepKinematics	RWStepKinematics_RWKinematicTopologyStructure	class	0	collapse	C-STEP	0
DataExchange	TKDESTEP	RWStepKinematics	RWStepKinematics_RWLinearFlexibleAndPinionPair	class	0	collapse	C-STEP	0
DataExchange	TKDESTEP	RWStepKinematics	RWStepKinematics_RWLinearFlexibleAndPlanarCurvePair	class	0	collapse	C-STEP	0
DataExchange	TKDESTEP	RWStepKinematics	RWStepKinematics_RWLinearFlexibleLinkRepresentation	class	0	collapse	C-STEP	0
DataExchange	TKDESTEP	RWStepKinematics	RWStepKinematics_RWLowOrderKinematicPair	class	0	collapse	C-STEP	0
DataExchange	TKDESTEP	RWStepKinematics	RWStepKinematics_RWLowOrderKinematicPairValue	class	0	collapse	C-STEP	0
DataExchange	TKDESTEP	RWStepKinematics	RWStepKinematics_RWLowOrderKinematicPairWithRange	class	0	collapse	C-STEP	0
DataExchange	TKDESTEP	RWStepKinematics	RWStepKinematics_RWMechanismRepresentation	class	0	collapse	C-STEP	0
DataExchange	TKDESTEP	RWStepKinematics	RWStepKinematics_RWMechanismStateRepresentation	class	0	collapse	C-STEP	0
DataExchange	TKDESTEP	RWStepKinematics	RWStepKinematics_RWOrientedJoint	class	0	collapse	C-STEP	0
DataExchange	TKDESTEP	RWStepKinematics	RWStepKinematics_RWPairRepresentationRelationship	class	0	collapse	C-STEP	0
DataExchange	TKDESTEP	RWStepKinematics	RWStepKinematics_RWPlanarCurvePair	class	0	collapse	C-STEP	0
DataExchange	TKDESTEP	RWStepKinematics	RWStepKinematics_RWPlanarCurvePairRange	class	0	collapse	C-STEP	0
DataExchange	TKDESTEP	RWStepKinematics	RWStepKinematics_RWPlanarPair	class	0	collapse	C-STEP	0
DataExchange	TKDESTEP	RWStepKinematics	RWStepKinematics_RWPlanarPairValue	class	0	collapse	C-STEP	0
DataExchange	TKDESTEP	RWStepKinematics	RWStepKinematics_RWPlanarPairWithRange	class	0	collapse	C-STEP	0
DataExchange	TKDESTEP	RWStepKinematics	RWStepKinematics_RWPointOnPlanarCurvePair	class	0	collapse	C-STEP	0
DataExchange	TKDESTEP	RWStepKinematics	RWStepKinematics_RWPointOnPlanarCurvePairValue	class	0	collapse	C-STEP	0
DataExchange	TKDESTEP	RWStepKinematics	RWStepKinematics_RWPointOnPlanarCurvePairWithRange	class	0	collapse	C-STEP	0
DataExchange	TKDESTEP	RWStepKinematics	RWStepKinematics_RWPointOnSurfacePair	class	0	collapse	C-STEP	0
DataExchange	TKDESTEP	RWStepKinematics	RWStepKinematics_RWPointOnSurfacePairValue	class	0	collapse	C-STEP	0
DataExchange	TKDESTEP	RWStepKinematics	RWStepKinematics_RWPointOnSurfacePairWithRange	class	0	collapse	C-STEP	0
DataExchange	TKDESTEP	RWStepKinematics	RWStepKinematics_RWPrismaticPair	class	0	collapse	C-STEP	0
DataExchange	TKDESTEP	RWStepKinematics	RWStepKinematics_RWPrismaticPairValue	class	0	collapse	C-STEP	0
DataExchange	TKDESTEP	RWStepKinematics	RWStepKinematics_RWPrismaticPairWithRange	class	0	collapse	C-STEP	0
DataExchange	TKDESTEP	RWStepKinematics	RWStepKinematics_RWProductDefinitionKinematics	class	0	collapse	C-STEP	0
DataExchange	TKDESTEP	RWStepKinematics	RWStepKinematics_RWProductDefinitionRelationshipKinematics	class	0	collapse	C-STEP	0
DataExchange	TKDESTEP	RWStepKinematics	RWStepKinematics_RWRackAndPinionPair	class	0	collapse	C-STEP	0
DataExchange	TKDESTEP	RWStepKinematics	RWStepKinematics_RWRackAndPinionPairValue	class	0	collapse	C-STEP	0
DataExchange	TKDESTEP	RWStepKinematics	RWStepKinematics_RWRackAndPinionPairWithRange	class	0	collapse	C-STEP	0
DataExchange	TKDESTEP	RWStepKinematics	RWStepKinematics_RWRevolutePair	class	0	collapse	C-STEP	0
DataExchange	TKDESTEP	RWStepKinematics	RWStepKinematics_RWRevolutePairValue	class	0	collapse	C-STEP	0
DataExchange	TKDESTEP	RWStepKinematics	RWStepKinematics_RWRevolutePairWithRange	class	0	collapse	C-STEP	0
DataExchange	TKDESTEP	RWStepKinematics	RWStepKinematics_RWRigidLinkRepresentation	class	0	collapse	C-STEP	0
DataExchange	TKDESTEP	RWStepKinematics	RWStepKinematics_RWRollingCurvePair	class	0	collapse	C-STEP	0
DataExchange	TKDESTEP	RWStepKinematics	RWStepKinematics_RWRollingCurvePairValue	class	0	collapse	C-STEP	0
DataExchange	TKDESTEP	RWStepKinematics	RWStepKinematics_RWRollingSurfacePair	class	0	collapse	C-STEP	0
DataExchange	TKDESTEP	RWStepKinematics	RWStepKinematics_RWRollingSurfacePairValue	class	0	collapse	C-STEP	0
DataExchange	TKDESTEP	RWStepKinematics	RWStepKinematics_RWRotationAboutDirection	class	0	collapse	C-STEP	0
DataExchange	TKDESTEP	RWStepKinematics	RWStepKinematics_RWScrewPair	class	0	collapse	C-STEP	0
DataExchange	TKDESTEP	RWStepKinematics	RWStepKinematics_RWScrewPairValue	class	0	collapse	C-STEP	0
DataExchange	TKDESTEP	RWStepKinematics	RWStepKinematics_RWScrewPairWithRange	class	0	collapse	C-STEP	0
DataExchange	TKDESTEP	RWStepKinematics	RWStepKinematics_RWSlidingCurvePair	class	0	collapse	C-STEP	0
DataExchange	TKDESTEP	RWStepKinematics	RWStepKinematics_RWSlidingCurvePairValue	class	0	collapse	C-STEP	0
DataExchange	TKDESTEP	RWStepKinematics	RWStepKinematics_RWSlidingSurfacePair	class	0	collapse	C-STEP	0
DataExchange	TKDESTEP	RWStepKinematics	RWStepKinematics_RWSlidingSurfacePairValue	class	0	collapse	C-STEP	0
DataExchange	TKDESTEP	RWStepKinematics	RWStepKinematics_RWSphericalPair	class	0	collapse	C-STEP	0
DataExchange	TKDESTEP	RWStepKinematics	RWStepKinematics_RWSphericalPairValue	class	0	collapse	C-STEP	0
DataExchange	TKDESTEP	RWStepKinematics	RWStepKinematics_RWSphericalPairWithPin	class	0	collapse	C-STEP	0
DataExchange	TKDESTEP	RWStepKinematics	RWStepKinematics_RWSphericalPairWithPinAndRange	class	0	collapse	C-STEP	0
DataExchange	TKDESTEP	RWStepKinematics	RWStepKinematics_RWSphericalPairWithRange	class	0	collapse	C-STEP	0
DataExchange	TKDESTEP	RWStepKinematics	RWStepKinematics_RWSurfacePairWithRange	class	0	collapse	C-STEP	0
DataExchange	TKDESTEP	RWStepKinematics	RWStepKinematics_RWUnconstrainedPair	class	0	collapse	C-STEP	0
DataExchange	TKDESTEP	RWStepKinematics	RWStepKinematics_RWUnconstrainedPairValue	class	0	collapse	C-STEP	0
DataExchange	TKDESTEP	RWStepKinematics	RWStepKinematics_RWUniversalPair	class	0	collapse	C-STEP	0
DataExchange	TKDESTEP	RWStepKinematics	RWStepKinematics_RWUniversalPairValue	class	0	collapse	C-STEP	0
DataExchange	TKDESTEP	RWStepKinematics	RWStepKinematics_RWUniversalPairWithRange	class	0	collapse	C-STEP	0
DataExchange	TKDESTEP	RWStepRepr	RWStepRepr_RWAllAroundShapeAspect	class	0	collapse	C-STEP	0
DataExchange	TKDESTEP	RWStepRepr	RWStepRepr_RWApex	class	0	collapse	C-STEP	0
DataExchange	TKDESTEP	RWStepRepr	RWStepRepr_RWAssemblyComponentUsage	class	0	collapse	C-STEP	0
DataExchange	TKDESTEP	RWStepRepr	RWStepRepr_RWAssemblyComponentUsageSubstitute	class	0	collapse	C-STEP	0
DataExchange	TKDESTEP	RWStepRepr	RWStepRepr_RWBetweenShapeAspect	class	0	collapse	C-STEP	0
DataExchange	TKDESTEP	RWStepRepr	RWStepRepr_RWCentreOfSymmetry	class	0	collapse	C-STEP	0
DataExchange	TKDESTEP	RWStepRepr	RWStepRepr_RWCharacterizedRepresentation	class	0	collapse	C-STEP	0
DataExchange	TKDESTEP	RWStepRepr	RWStepRepr_RWCompGroupShAspAndCompShAspAndDatumFeatAndShAsp	class	0	collapse	C-STEP	0
DataExchange	TKDESTEP	RWStepRepr	RWStepRepr_RWCompShAspAndDatumFeatAndShAsp	class	0	collapse	C-STEP	0
DataExchange	TKDESTEP	RWStepRepr	RWStepRepr_RWCompositeGroupShapeAspect	class	0	collapse	C-STEP	0
DataExchange	TKDESTEP	RWStepRepr	RWStepRepr_RWCompositeShapeAspect	class	0	collapse	C-STEP	0
DataExchange	TKDESTEP	RWStepRepr	RWStepRepr_RWCompoundRepresentationItem	class	0	collapse	C-STEP	0
DataExchange	TKDESTEP	RWStepRepr	RWStepRepr_RWConfigurationDesign	class	0	collapse	C-STEP	0
DataExchange	TKDESTEP	RWStepRepr	RWStepRepr_RWConfigurationEffectivity	class	0	collapse	C-STEP	0
DataExchange	TKDESTEP	RWStepRepr	RWStepRepr_RWConfigurationItem	class	0	collapse	C-STEP	0
DataExchange	TKDESTEP	RWStepRepr	RWStepRepr_RWConstructiveGeometryRepresentation	class	0	collapse	C-STEP	0
DataExchange	TKDESTEP	RWStepRepr	RWStepRepr_RWConstructiveGeometryRepresentationRelationship	class	0	collapse	C-STEP	0
DataExchange	TKDESTEP	RWStepRepr	RWStepRepr_RWContinuosShapeAspect	class	0	collapse	C-STEP	0
DataExchange	TKDESTEP	RWStepRepr	RWStepRepr_RWDataEnvironment	class	0	collapse	C-STEP	0
DataExchange	TKDESTEP	RWStepRepr	RWStepRepr_RWDefinitionalRepresentation	class	0	collapse	C-STEP	0
DataExchange	TKDESTEP	RWStepRepr	RWStepRepr_RWDerivedShapeAspect	class	0	collapse	C-STEP	0
DataExchange	TKDESTEP	RWStepRepr	RWStepRepr_RWDescriptiveRepresentationItem	class	0	collapse	C-STEP	0
DataExchange	TKDESTEP	RWStepRepr	RWStepRepr_RWExtension	class	0	collapse	C-STEP	0
DataExchange	TKDESTEP	RWStepRepr	RWStepRepr_RWFeatureForDatumTargetRelationship	class	0	collapse	C-STEP	0
DataExchange	TKDESTEP	RWStepRepr	RWStepRepr_RWFunctionallyDefinedTransformation	class	0	collapse	C-STEP	0
DataExchange	TKDESTEP	RWStepRepr	RWStepRepr_RWGeometricAlignment	class	0	collapse	C-STEP	0
DataExchange	TKDESTEP	RWStepRepr	RWStepRepr_RWGlobalUncertaintyAssignedContext	class	0	collapse	C-STEP	0
DataExchange	TKDESTEP	RWStepRepr	RWStepRepr_RWGlobalUnitAssignedContext	class	0	collapse	C-STEP	0
DataExchange	TKDESTEP	RWStepRepr	RWStepRepr_RWIntegerRepresentationItem	class	0	collapse	C-STEP	0
DataExchange	TKDESTEP	RWStepRepr	RWStepRepr_RWItemDefinedTransformation	class	0	collapse	C-STEP	0
DataExchange	TKDESTEP	RWStepRepr	RWStepRepr_RWMakeFromUsageOption	class	0	collapse	C-STEP	0
DataExchange	TKDESTEP	RWStepRepr	RWStepRepr_RWMappedItem	class	0	collapse	C-STEP	0
DataExchange	TKDESTEP	RWStepRepr	RWStepRepr_RWMaterialDesignation	class	0	collapse	C-STEP	0
DataExchange	TKDESTEP	RWStepRepr	RWStepRepr_RWMaterialProperty	class	0	collapse	C-STEP	0
DataExchange	TKDESTEP	RWStepRepr	RWStepRepr_RWMaterialPropertyRepresentation	class	0	collapse	C-STEP	0
DataExchange	TKDESTEP	RWStepRepr	RWStepRepr_RWMeasureRepresentationItem	class	0	collapse	C-STEP	0
DataExchange	TKDESTEP	RWStepRepr	RWStepRepr_RWParallelOffset	class	0	collapse	C-STEP	0
DataExchange	TKDESTEP	RWStepRepr	RWStepRepr_RWParametricRepresentationContext	class	0	collapse	C-STEP	0
DataExchange	TKDESTEP	RWStepRepr	RWStepRepr_RWPerpendicularTo	class	0	collapse	C-STEP	0
DataExchange	TKDESTEP	RWStepRepr	RWStepRepr_RWProductConcept	class	0	collapse	C-STEP	0
DataExchange	TKDESTEP	RWStepRepr	RWStepRepr_RWProductDefinitionShape	class	0	collapse	C-STEP	0
DataExchange	TKDESTEP	RWStepRepr	RWStepRepr_RWPropertyDefinition	class	0	collapse	C-STEP	0
DataExchange	TKDESTEP	RWStepRepr	RWStepRepr_RWPropertyDefinitionRelationship	class	0	collapse	C-STEP	0
DataExchange	TKDESTEP	RWStepRepr	RWStepRepr_RWPropertyDefinitionRepresentation	class	0	collapse	C-STEP	0
DataExchange	TKDESTEP	RWStepRepr	RWStepRepr_RWQuantifiedAssemblyComponentUsage	class	0	collapse	C-STEP	0
DataExchange	TKDESTEP	RWStepRepr	RWStepRepr_RWReprItemAndLengthMeasureWithUnit	class	0	collapse	C-STEP	0
DataExchange	TKDESTEP	RWStepRepr	RWStepRepr_RWReprItemAndLengthMeasureWithUnitAndQRI	class	0	collapse	C-STEP	0
DataExchange	TKDESTEP	RWStepRepr	RWStepRepr_RWReprItemAndPlaneAngleMeasureWithUnit	class	0	collapse	C-STEP	0
DataExchange	TKDESTEP	RWStepRepr	RWStepRepr_RWReprItemAndPlaneAngleMeasureWithUnitAndQRI	class	0	collapse	C-STEP	0
DataExchange	TKDESTEP	RWStepRepr	RWStepRepr_RWRepresentation	class	0	collapse	C-STEP	0
DataExchange	TKDESTEP	RWStepRepr	RWStepRepr_RWRepresentationContext	class	0	collapse	C-STEP	0
DataExchange	TKDESTEP	RWStepRepr	RWStepRepr_RWRepresentationContextReference	class	0	collapse	C-STEP	0
DataExchange	TKDESTEP	RWStepRepr	RWStepRepr_RWRepresentationItem	class	0	collapse	C-STEP	0
DataExchange	TKDESTEP	RWStepRepr	RWStepRepr_RWRepresentationMap	class	0	collapse	C-STEP	0
DataExchange	TKDESTEP	RWStepRepr	RWStepRepr_RWRepresentationReference	class	0	collapse	C-STEP	0
DataExchange	TKDESTEP	RWStepRepr	RWStepRepr_RWRepresentationRelationship	class	0	collapse	C-STEP	0
DataExchange	TKDESTEP	RWStepRepr	RWStepRepr_RWRepresentationRelationshipWithTransformation	class	0	collapse	C-STEP	0
DataExchange	TKDESTEP	RWStepRepr	RWStepRepr_RWShapeAspect	class	0	collapse	C-STEP	0
DataExchange	TKDESTEP	RWStepRepr	RWStepRepr_RWShapeAspectDerivingRelationship	class	0	collapse	C-STEP	0
DataExchange	TKDESTEP	RWStepRepr	RWStepRepr_RWShapeAspectRelationship	class	0	collapse	C-STEP	0
DataExchange	TKDESTEP	RWStepRepr	RWStepRepr_RWShapeAspectTransition	class	0	collapse	C-STEP	0
DataExchange	TKDESTEP	RWStepRepr	RWStepRepr_RWShapeRepresentationRelationshipWithTransformation	class	0	collapse	C-STEP	0
DataExchange	TKDESTEP	RWStepRepr	RWStepRepr_RWSpecifiedHigherUsageOccurrence	class	0	collapse	C-STEP	0
DataExchange	TKDESTEP	RWStepRepr	RWStepRepr_RWStructuralResponseProperty	class	0	collapse	C-STEP	0
DataExchange	TKDESTEP	RWStepRepr	RWStepRepr_RWStructuralResponsePropertyDefinitionRepresentation	class	0	collapse	C-STEP	0
DataExchange	TKDESTEP	RWStepRepr	RWStepRepr_RWTangent	class	0	collapse	C-STEP	0
DataExchange	TKDESTEP	RWStepRepr	RWStepRepr_RWValueRepresentationItem	class	0	collapse	C-STEP	0
DataExchange	TKDESTEP	RWStepShape	RWStepShape_RWAdvancedBrepShapeRepresentation	class	0	collapse	C-STEP	0
DataExchange	TKDESTEP	RWStepShape	RWStepShape_RWAdvancedFace	class	0	collapse	C-STEP	0
DataExchange	TKDESTEP	RWStepShape	RWStepShape_RWAngularLocation	class	0	collapse	C-STEP	0
DataExchange	TKDESTEP	RWStepShape	RWStepShape_RWAngularSize	class	0	collapse	C-STEP	0
DataExchange	TKDESTEP	RWStepShape	RWStepShape_RWBlock	class	0	collapse	C-STEP	0
DataExchange	TKDESTEP	RWStepShape	RWStepShape_RWBooleanResult	class	0	collapse	C-STEP	0
DataExchange	TKDESTEP	RWStepShape	RWStepShape_RWBoxDomain	class	0	collapse	C-STEP	0
DataExchange	TKDESTEP	RWStepShape	RWStepShape_RWBoxedHalfSpace	class	0	collapse	C-STEP	0
DataExchange	TKDESTEP	RWStepShape	RWStepShape_RWBrepWithVoids	class	0	collapse	C-STEP	0
DataExchange	TKDESTEP	RWStepShape	RWStepShape_RWClosedShell	class	0	collapse	C-STEP	0
DataExchange	TKDESTEP	RWStepShape	RWStepShape_RWCompoundShapeRepresentation	class	0	collapse	C-STEP	0
DataExchange	TKDESTEP	RWStepShape	RWStepShape_RWConnectedEdgeSet	class	0	collapse	C-STEP	0
DataExchange	TKDESTEP	RWStepShape	RWStepShape_RWConnectedFaceSet	class	0	collapse	C-STEP	0
DataExchange	TKDESTEP	RWStepShape	RWStepShape_RWConnectedFaceShapeRepresentation	class	0	collapse	C-STEP	0
DataExchange	TKDESTEP	RWStepShape	RWStepShape_RWConnectedFaceSubSet	class	0	collapse	C-STEP	0
DataExchange	TKDESTEP	RWStepShape	RWStepShape_RWContextDependentShapeRepresentation	class	0	collapse	C-STEP	0
DataExchange	TKDESTEP	RWStepShape	RWStepShape_RWCsgShapeRepresentation	class	0	collapse	C-STEP	0
DataExchange	TKDESTEP	RWStepShape	RWStepShape_RWCsgSolid	class	0	collapse	C-STEP	0
DataExchange	TKDESTEP	RWStepShape	RWStepShape_RWDefinitionalRepresentationAndShapeRepresentation	class	0	collapse	C-STEP	0
DataExchange	TKDESTEP	RWStepShape	RWStepShape_RWDimensionalCharacteristicRepresentation	class	0	collapse	C-STEP	0
DataExchange	TKDESTEP	RWStepShape	RWStepShape_RWDimensionalLocation	class	0	collapse	C-STEP	0
DataExchange	TKDESTEP	RWStepShape	RWStepShape_RWDimensionalLocationWithPath	class	0	collapse	C-STEP	0
DataExchange	TKDESTEP	RWStepShape	RWStepShape_RWDimensionalSize	class	0	collapse	C-STEP	0
DataExchange	TKDESTEP	RWStepShape	RWStepShape_RWDimensionalSizeWithPath	class	0	collapse	C-STEP	0
DataExchange	TKDESTEP	RWStepShape	RWStepShape_RWEdge	class	0	collapse	C-STEP	0
DataExchange	TKDESTEP	RWStepShape	RWStepShape_RWEdgeBasedWireframeModel	class	0	collapse	C-STEP	0
DataExchange	TKDESTEP	RWStepShape	RWStepShape_RWEdgeBasedWireframeShapeRepresentation	class	0	collapse	C-STEP	0
DataExchange	TKDESTEP	RWStepShape	RWStepShape_RWEdgeCurve	class	0	collapse	C-STEP	0
DataExchange	TKDESTEP	RWStepShape	RWStepShape_RWEdgeLoop	class	0	collapse	C-STEP	0
DataExchange	TKDESTEP	RWStepShape	RWStepShape_RWExtrudedAreaSolid	class	0	collapse	C-STEP	0
DataExchange	TKDESTEP	RWStepShape	RWStepShape_RWExtrudedFaceSolid	class	0	collapse	C-STEP	0
DataExchange	TKDESTEP	RWStepShape	RWStepShape_RWFace	class	0	collapse	C-STEP	0
DataExchange	TKDESTEP	RWStepShape	RWStepShape_RWFaceBasedSurfaceModel	class	0	collapse	C-STEP	0
DataExchange	TKDESTEP	RWStepShape	RWStepShape_RWFaceBound	class	0	collapse	C-STEP	0
DataExchange	TKDESTEP	RWStepShape	RWStepShape_RWFaceOuterBound	class	0	collapse	C-STEP	0
DataExchange	TKDESTEP	RWStepShape	RWStepShape_RWFaceSurface	class	0	collapse	C-STEP	0
DataExchange	TKDESTEP	RWStepShape	RWStepShape_RWFacetedBrep	class	0	collapse	C-STEP	0
DataExchange	TKDESTEP	RWStepShape	RWStepShape_RWFacetedBrepAndBrepWithVoids	class	0	collapse	C-STEP	0
DataExchange	TKDESTEP	RWStepShape	RWStepShape_RWFacetedBrepShapeRepresentation	class	0	collapse	C-STEP	0
DataExchange	TKDESTEP	RWStepShape	RWStepShape_RWGeometricCurveSet	class	0	collapse	C-STEP	0
DataExchange	TKDESTEP	RWStepShape	RWStepShape_RWGeometricSet	class	0	collapse	C-STEP	0
DataExchange	TKDESTEP	RWStepShape	RWStepShape_RWGeometricallyBoundedSurfaceShapeRepresentation	class	0	collapse	C-STEP	0
DataExchange	TKDESTEP	RWStepShape	RWStepShape_RWGeometricallyBoundedWireframeShapeRepresentation	class	0	collapse	C-STEP	0
DataExchange	TKDESTEP	RWStepShape	RWStepShape_RWHalfSpaceSolid	class	0	collapse	C-STEP	0
DataExchange	TKDESTEP	RWStepShape	RWStepShape_RWLimitsAndFits	class	0	collapse	C-STEP	0
DataExchange	TKDESTEP	RWStepShape	RWStepShape_RWLoop	class	0	collapse	C-STEP	0
DataExchange	TKDESTEP	RWStepShape	RWStepShape_RWLoopAndPath	class	0	collapse	C-STEP	0
DataExchange	TKDESTEP	RWStepShape	RWStepShape_RWManifoldSolidBrep	class	0	collapse	C-STEP	0
DataExchange	TKDESTEP	RWStepShape	RWStepShape_RWManifoldSurfaceShapeRepresentation	class	0	collapse	C-STEP	0
DataExchange	TKDESTEP	RWStepShape	RWStepShape_RWMeasureQualification	class	0	collapse	C-STEP	0
DataExchange	TKDESTEP	RWStepShape	RWStepShape_RWMeasureRepresentationItemAndQualifiedRepresentationItem	class	0	collapse	C-STEP	0
DataExchange	TKDESTEP	RWStepShape	RWStepShape_RWNonManifoldSurfaceShapeRepresentation	class	0	collapse	C-STEP	0
DataExchange	TKDESTEP	RWStepShape	RWStepShape_RWOpenShell	class	0	collapse	C-STEP	0
DataExchange	TKDESTEP	RWStepShape	RWStepShape_RWOrientedClosedShell	class	0	collapse	C-STEP	0
DataExchange	TKDESTEP	RWStepShape	RWStepShape_RWOrientedEdge	class	0	collapse	C-STEP	0
DataExchange	TKDESTEP	RWStepShape	RWStepShape_RWOrientedFace	class	0	collapse	C-STEP	0
DataExchange	TKDESTEP	RWStepShape	RWStepShape_RWOrientedOpenShell	class	0	collapse	C-STEP	0
DataExchange	TKDESTEP	RWStepShape	RWStepShape_RWOrientedPath	class	0	collapse	C-STEP	0
DataExchange	TKDESTEP	RWStepShape	RWStepShape_RWPath	class	0	collapse	C-STEP	0
DataExchange	TKDESTEP	RWStepShape	RWStepShape_RWPlusMinusTolerance	class	0	collapse	C-STEP	0
DataExchange	TKDESTEP	RWStepShape	RWStepShape_RWPointRepresentation	class	0	collapse	C-STEP	0
DataExchange	TKDESTEP	RWStepShape	RWStepShape_RWPolyLoop	class	0	collapse	C-STEP	0
DataExchange	TKDESTEP	RWStepShape	RWStepShape_RWPrecisionQualifier	class	0	collapse	C-STEP	0
DataExchange	TKDESTEP	RWStepShape	RWStepShape_RWQualifiedRepresentationItem	class	0	collapse	C-STEP	0
DataExchange	TKDESTEP	RWStepShape	RWStepShape_RWRevolvedAreaSolid	class	0	collapse	C-STEP	0
DataExchange	TKDESTEP	RWStepShape	RWStepShape_RWRevolvedFaceSolid	class	0	collapse	C-STEP	0
DataExchange	TKDESTEP	RWStepShape	RWStepShape_RWRightAngularWedge	class	0	collapse	C-STEP	0
DataExchange	TKDESTEP	RWStepShape	RWStepShape_RWRightCircularCone	class	0	collapse	C-STEP	0
DataExchange	TKDESTEP	RWStepShape	RWStepShape_RWRightCircularCylinder	class	0	collapse	C-STEP	0
DataExchange	TKDESTEP	RWStepShape	RWStepShape_RWSeamEdge	class	0	collapse	C-STEP	0
DataExchange	TKDESTEP	RWStepShape	RWStepShape_RWShapeDefinitionRepresentation	class	0	collapse	C-STEP	0
DataExchange	TKDESTEP	RWStepShape	RWStepShape_RWShapeDimensionRepresentation	class	0	collapse	C-STEP	0
DataExchange	TKDESTEP	RWStepShape	RWStepShape_RWShapeRepresentation	class	0	collapse	C-STEP	0
DataExchange	TKDESTEP	RWStepShape	RWStepShape_RWShapeRepresentationWithParameters	class	0	collapse	C-STEP	0
DataExchange	TKDESTEP	RWStepShape	RWStepShape_RWShellBasedSurfaceModel	class	0	collapse	C-STEP	0
DataExchange	TKDESTEP	RWStepShape	RWStepShape_RWSolidModel	class	0	collapse	C-STEP	0
DataExchange	TKDESTEP	RWStepShape	RWStepShape_RWSolidReplica	class	0	collapse	C-STEP	0
DataExchange	TKDESTEP	RWStepShape	RWStepShape_RWSphere	class	0	collapse	C-STEP	0
DataExchange	TKDESTEP	RWStepShape	RWStepShape_RWSubedge	class	0	collapse	C-STEP	0
DataExchange	TKDESTEP	RWStepShape	RWStepShape_RWSubface	class	0	collapse	C-STEP	0
DataExchange	TKDESTEP	RWStepShape	RWStepShape_RWSweptAreaSolid	class	0	collapse	C-STEP	0
DataExchange	TKDESTEP	RWStepShape	RWStepShape_RWSweptFaceSolid	class	0	collapse	C-STEP	0
DataExchange	TKDESTEP	RWStepShape	RWStepShape_RWToleranceValue	class	0	collapse	C-STEP	0
DataExchange	TKDESTEP	RWStepShape	RWStepShape_RWTopologicalRepresentationItem	class	0	collapse	C-STEP	0
DataExchange	TKDESTEP	RWStepShape	RWStepShape_RWTorus	class	0	collapse	C-STEP	0
DataExchange	TKDESTEP	RWStepShape	RWStepShape_RWTransitionalShapeRepresentation	class	0	collapse	C-STEP	0
DataExchange	TKDESTEP	RWStepShape	RWStepShape_RWTypeQualifier	class	0	collapse	C-STEP	0
DataExchange	TKDESTEP	RWStepShape	RWStepShape_RWValueFormatTypeQualifier	class	0	collapse	C-STEP	0
DataExchange	TKDESTEP	RWStepShape	RWStepShape_RWVertex	class	0	collapse	C-STEP	0
DataExchange	TKDESTEP	RWStepShape	RWStepShape_RWVertexLoop	class	0	collapse	C-STEP	0
DataExchange	TKDESTEP	RWStepShape	RWStepShape_RWVertexPoint	class	0	collapse	C-STEP	0
DataExchange	TKDESTEP	RWStepVisual	RWStepVisual_RWAnnotationCurveOccurrence	class	0	collapse	C-STEP	0
DataExchange	TKDESTEP	RWStepVisual	RWStepVisual_RWAnnotationCurveOccurrenceAndGeomReprItem	class	0	collapse	C-STEP	0
DataExchange	TKDESTEP	RWStepVisual	RWStepVisual_RWAnnotationFillArea	class	0	collapse	C-STEP	0
DataExchange	TKDESTEP	RWStepVisual	RWStepVisual_RWAnnotationFillAreaOccurrence	class	0	collapse	C-STEP	0
DataExchange	TKDESTEP	RWStepVisual	RWStepVisual_RWAnnotationOccurrence	class	0	collapse	C-STEP	0
DataExchange	TKDESTEP	RWStepVisual	RWStepVisual_RWAnnotationPlane	class	0	collapse	C-STEP	0
DataExchange	TKDESTEP	RWStepVisual	RWStepVisual_RWAreaInSet	class	0	collapse	C-STEP	0
DataExchange	TKDESTEP	RWStepVisual	RWStepVisual_RWBackgroundColour	class	0	collapse	C-STEP	0
DataExchange	TKDESTEP	RWStepVisual	RWStepVisual_RWCameraImage	class	0	collapse	C-STEP	0
DataExchange	TKDESTEP	RWStepVisual	RWStepVisual_RWCameraModel	class	0	collapse	C-STEP	0
DataExchange	TKDESTEP	RWStepVisual	RWStepVisual_RWCameraModelD2	class	0	collapse	C-STEP	0
DataExchange	TKDESTEP	RWStepVisual	RWStepVisual_RWCameraModelD3	class	0	collapse	C-STEP	0
DataExchange	TKDESTEP	RWStepVisual	RWStepVisual_RWCameraModelD3MultiClipping	class	0	collapse	C-STEP	0
DataExchange	TKDESTEP	RWStepVisual	RWStepVisual_RWCameraModelD3MultiClippingIntersection	class	0	collapse	C-STEP	0
DataExchange	TKDESTEP	RWStepVisual	RWStepVisual_RWCameraModelD3MultiClippingUnion	class	0	collapse	C-STEP	0
DataExchange	TKDESTEP	RWStepVisual	RWStepVisual_RWCameraUsage	class	0	collapse	C-STEP	0
DataExchange	TKDESTEP	RWStepVisual	RWStepVisual_RWCharacterizedObjAndRepresentationAndDraughtingModel	class	0	collapse	C-STEP	0
DataExchange	TKDESTEP	RWStepVisual	RWStepVisual_RWColour	class	0	collapse	C-STEP	0
DataExchange	TKDESTEP	RWStepVisual	RWStepVisual_RWColourRgb	class	0	collapse	C-STEP	0
DataExchange	TKDESTEP	RWStepVisual	RWStepVisual_RWColourSpecification	class	0	collapse	C-STEP	0
DataExchange	TKDESTEP	RWStepVisual	RWStepVisual_RWComplexTriangulatedFace	class	0	collapse	C-STEP	0
DataExchange	TKDESTEP	RWStepVisual	RWStepVisual_RWComplexTriangulatedSurfaceSet	class	0	collapse	C-STEP	0
DataExchange	TKDESTEP	RWStepVisual	RWStepVisual_RWCompositeText	class	0	collapse	C-STEP	0
DataExchange	TKDESTEP	RWStepVisual	RWStepVisual_RWCompositeTextWithExtent	class	0	collapse	C-STEP	0
DataExchange	TKDESTEP	RWStepVisual	RWStepVisual_RWContextDependentInvisibility	class	0	collapse	C-STEP	0
DataExchange	TKDESTEP	RWStepVisual	RWStepVisual_RWContextDependentOverRidingStyledItem	class	0	collapse	C-STEP	0
DataExchange	TKDESTEP	RWStepVisual	RWStepVisual_RWCoordinatesList	class	0	collapse	C-STEP	0
DataExchange	TKDESTEP	RWStepVisual	RWStepVisual_RWCubicBezierTessellatedEdge	class	0	collapse	C-STEP	0
DataExchange	TKDESTEP	RWStepVisual	RWStepVisual_RWCubicBezierTriangulatedFace	class	0	collapse	C-STEP	0
DataExchange	TKDESTEP	RWStepVisual	RWStepVisual_RWCurveStyle	class	0	collapse	C-STEP	0
DataExchange	TKDESTEP	RWStepVisual	RWStepVisual_RWCurveStyleFont	class	0	collapse	C-STEP	0
DataExchange	TKDESTEP	RWStepVisual	RWStepVisual_RWCurveStyleFontPattern	class	0	collapse	C-STEP	0
DataExchange	TKDESTEP	RWStepVisual	RWStepVisual_RWDraughtingCallout	class	0	collapse	C-STEP	0
DataExchange	TKDESTEP	RWStepVisual	RWStepVisual_RWDraughtingModel	class	0	collapse	C-STEP	0
DataExchange	TKDESTEP	RWStepVisual	RWStepVisual_RWDraughtingPreDefinedColour	class	0	collapse	C-STEP	0
DataExchange	TKDESTEP	RWStepVisual	RWStepVisual_RWDraughtingPreDefinedCurveFont	class	0	collapse	C-STEP	0
DataExchange	TKDESTEP	RWStepVisual	RWStepVisual_RWExternallyDefinedCurveFont	class	0	collapse	C-STEP	0
DataExchange	TKDESTEP	RWStepVisual	RWStepVisual_RWFillAreaStyle	class	0	collapse	C-STEP	0
DataExchange	TKDESTEP	RWStepVisual	RWStepVisual_RWFillAreaStyleColour	class	0	collapse	C-STEP	0
DataExchange	TKDESTEP	RWStepVisual	RWStepVisual_RWInvisibility	class	0	collapse	C-STEP	0
DataExchange	TKDESTEP	RWStepVisual	RWStepVisual_RWMechanicalDesignGeometricPresentationArea	class	0	collapse	C-STEP	0
DataExchange	TKDESTEP	RWStepVisual	RWStepVisual_RWMechanicalDesignGeometricPresentationRepresentation	class	0	collapse	C-STEP	0
DataExchange	TKDESTEP	RWStepVisual	RWStepVisual_RWOverRidingStyledItem	class	0	collapse	C-STEP	0
DataExchange	TKDESTEP	RWStepVisual	RWStepVisual_RWPlanarBox	class	0	collapse	C-STEP	0
DataExchange	TKDESTEP	RWStepVisual	RWStepVisual_RWPlanarExtent	class	0	collapse	C-STEP	0
DataExchange	TKDESTEP	RWStepVisual	RWStepVisual_RWPointStyle	class	0	collapse	C-STEP	0
DataExchange	TKDESTEP	RWStepVisual	RWStepVisual_RWPreDefinedColour	class	0	collapse	C-STEP	0
DataExchange	TKDESTEP	RWStepVisual	RWStepVisual_RWPreDefinedCurveFont	class	0	collapse	C-STEP	0
DataExchange	TKDESTEP	RWStepVisual	RWStepVisual_RWPreDefinedItem	class	0	collapse	C-STEP	0
DataExchange	TKDESTEP	RWStepVisual	RWStepVisual_RWPresentationArea	class	0	collapse	C-STEP	0
DataExchange	TKDESTEP	RWStepVisual	RWStepVisual_RWPresentationLayerAssignment	class	0	collapse	C-STEP	0
DataExchange	TKDESTEP	RWStepVisual	RWStepVisual_RWPresentationLayerUsage	class	0	collapse	C-STEP	0
DataExchange	TKDESTEP	RWStepVisual	RWStepVisual_RWPresentationRepresentation	class	0	collapse	C-STEP	0
DataExchange	TKDESTEP	RWStepVisual	RWStepVisual_RWPresentationSet	class	0	collapse	C-STEP	0
DataExchange	TKDESTEP	RWStepVisual	RWStepVisual_RWPresentationSize	class	0	collapse	C-STEP	0
DataExchange	TKDESTEP	RWStepVisual	RWStepVisual_RWPresentationStyleAssignment	class	0	collapse	C-STEP	0
DataExchange	TKDESTEP	RWStepVisual	RWStepVisual_RWPresentationStyleByContext	class	0	collapse	C-STEP	0
DataExchange	TKDESTEP	RWStepVisual	RWStepVisual_RWPresentationView	class	0	collapse	C-STEP	0
DataExchange	TKDESTEP	RWStepVisual	RWStepVisual_RWPresentedItemRepresentation	class	0	collapse	C-STEP	0
DataExchange	TKDESTEP	RWStepVisual	RWStepVisual_RWRepositionedTessellatedGeometricSet	class	0	collapse	C-STEP	0
DataExchange	TKDESTEP	RWStepVisual	RWStepVisual_RWRepositionedTessellatedItem	class	0	collapse	C-STEP	0
DataExchange	TKDESTEP	RWStepVisual	RWStepVisual_RWStyledItem	class	0	collapse	C-STEP	0
DataExchange	TKDESTEP	RWStepVisual	RWStepVisual_RWSurfaceSideStyle	class	0	collapse	C-STEP	0
DataExchange	TKDESTEP	RWStepVisual	RWStepVisual_RWSurfaceStyleBoundary	class	0	collapse	C-STEP	0
DataExchange	TKDESTEP	RWStepVisual	RWStepVisual_RWSurfaceStyleControlGrid	class	0	collapse	C-STEP	0
DataExchange	TKDESTEP	RWStepVisual	RWStepVisual_RWSurfaceStyleFillArea	class	0	collapse	C-STEP	0
DataExchange	TKDESTEP	RWStepVisual	RWStepVisual_RWSurfaceStyleParameterLine	class	0	collapse	C-STEP	0
DataExchange	TKDESTEP	RWStepVisual	RWStepVisual_RWSurfaceStyleReflectanceAmbient	class	0	collapse	C-STEP	0
DataExchange	TKDESTEP	RWStepVisual	RWStepVisual_RWSurfaceStyleRendering	class	0	collapse	C-STEP	0
DataExchange	TKDESTEP	RWStepVisual	RWStepVisual_RWSurfaceStyleRenderingWithProperties	class	0	collapse	C-STEP	0
DataExchange	TKDESTEP	RWStepVisual	RWStepVisual_RWSurfaceStyleSegmentationCurve	class	0	collapse	C-STEP	0
DataExchange	TKDESTEP	RWStepVisual	RWStepVisual_RWSurfaceStyleSilhouette	class	0	collapse	C-STEP	0
DataExchange	TKDESTEP	RWStepVisual	RWStepVisual_RWSurfaceStyleTransparent	class	0	collapse	C-STEP	0
DataExchange	TKDESTEP	RWStepVisual	RWStepVisual_RWSurfaceStyleUsage	class	0	collapse	C-STEP	0
DataExchange	TKDESTEP	RWStepVisual	RWStepVisual_RWTemplate	class	0	collapse	C-STEP	0
DataExchange	TKDESTEP	RWStepVisual	RWStepVisual_RWTemplateInstance	class	0	collapse	C-STEP	0
DataExchange	TKDESTEP	RWStepVisual	RWStepVisual_RWTessellatedAnnotationOccurrence	class	0	collapse	C-STEP	0
DataExchange	TKDESTEP	RWStepVisual	RWStepVisual_RWTessellatedConnectingEdge	class	0	collapse	C-STEP	0
DataExchange	TKDESTEP	RWStepVisual	RWStepVisual_RWTessellatedCurveSet	class	0	collapse	C-STEP	0
DataExchange	TKDESTEP	RWStepVisual	RWStepVisual_RWTessellatedEdge	class	0	collapse	C-STEP	0
DataExchange	TKDESTEP	RWStepVisual	RWStepVisual_RWTessellatedGeometricSet	class	0	collapse	C-STEP	0
DataExchange	TKDESTEP	RWStepVisual	RWStepVisual_RWTessellatedItem	class	0	collapse	C-STEP	0
DataExchange	TKDESTEP	RWStepVisual	RWStepVisual_RWTessellatedPointSet	class	0	collapse	C-STEP	0
DataExchange	TKDESTEP	RWStepVisual	RWStepVisual_RWTessellatedShapeRepresentation	class	0	collapse	C-STEP	0
DataExchange	TKDESTEP	RWStepVisual	RWStepVisual_RWTessellatedShapeRepresentationWithAccuracyParameters	class	0	collapse	C-STEP	0
DataExchange	TKDESTEP	RWStepVisual	RWStepVisual_RWTessellatedShell	class	0	collapse	C-STEP	0
DataExchange	TKDESTEP	RWStepVisual	RWStepVisual_RWTessellatedSolid	class	0	collapse	C-STEP	0
DataExchange	TKDESTEP	RWStepVisual	RWStepVisual_RWTessellatedStructuredItem	class	0	collapse	C-STEP	0
DataExchange	TKDESTEP	RWStepVisual	RWStepVisual_RWTessellatedVertex	class	0	collapse	C-STEP	0
DataExchange	TKDESTEP	RWStepVisual	RWStepVisual_RWTessellatedWire	class	0	collapse	C-STEP	0
DataExchange	TKDESTEP	RWStepVisual	RWStepVisual_RWTextLiteral	class	0	collapse	C-STEP	0
DataExchange	TKDESTEP	RWStepVisual	RWStepVisual_RWTextStyle	class	0	collapse	C-STEP	0
DataExchange	TKDESTEP	RWStepVisual	RWStepVisual_RWTextStyleForDefinedFont	class	0	collapse	C-STEP	0
DataExchange	TKDESTEP	RWStepVisual	RWStepVisual_RWTextStyleWithBoxCharacteristics	class	0	collapse	C-STEP	0
DataExchange	TKDESTEP	RWStepVisual	RWStepVisual_RWTriangulatedFace	class	0	collapse	C-STEP	0
DataExchange	TKDESTEP	RWStepVisual	RWStepVisual_RWTriangulatedSurfaceSet	class	0	collapse	C-STEP	0
DataExchange	TKDESTEP	RWStepVisual	RWStepVisual_RWViewVolume	class	0	collapse	C-STEP	0
DataExchange	TKDESTL	RWStl	RWStl	class	0	keep		0
DataExchange	TKDESTL	RWStl	RWStl_ConfigurationNode	class	0	keep		0
DataExchange	TKDESTL	RWStl	RWStl_Provider	class	0	keep		0
DataExchange	TKDESTL	RWStl	RWStl_Reader	class	0	keep		0
DataExchange	TKDESTEP	STEPCAFControl	STEPCAFControl_ActorWrite	class	0	keep		0
DataExchange	TKDESTEP	STEPCAFControl	STEPCAFControl_ConfigurationNode	class	0	keep		0
DataExchange	TKDESTEP	STEPCAFControl	STEPCAFControl_Controller	class	0	keep		0
DataExchange	TKDESTEP	STEPCAFControl	STEPCAFControl_DataMapIteratorOfDataMapOfLabelExternFile	other	0	drop	R1	0
DataExchange	TKDESTEP	STEPCAFControl	STEPCAFControl_DataMapIteratorOfDataMapOfLabelShape	other	0	drop	R1	0
DataExchange	TKDESTEP	STEPCAFControl	STEPCAFControl_DataMapIteratorOfDataMapOfPDExternFile	other	0	drop	R1	0
DataExchange	TKDESTEP	STEPCAFControl	STEPCAFControl_DataMapIteratorOfDataMapOfSDRExternFile	other	0	drop	R1	0
DataExchange	TKDESTEP	STEPCAFControl	STEPCAFControl_DataMapIteratorOfDataMapOfShapePD	other	0	drop	R1	0
DataExchange	TKDESTEP	STEPCAFControl	STEPCAFControl_DataMapIteratorOfDataMapOfShapeSDR	other	0	drop	R1	0
DataExchange	TKDESTEP	STEPCAFControl	STEPCAFControl_DataMapOfLabelExternFile	alias	0	drop	R1	0
DataExchange	TKDESTEP	STEPCAFControl	STEPCAFControl_DataMapOfLabelShape	alias	0	drop	R1	0
DataExchange	TKDESTEP	STEPCAFControl	STEPCAFControl_DataMapOfPDExternFile	alias	0	drop	R1	0
DataExchange	TKDESTEP	STEPCAFControl	STEPCAFControl_DataMapOfSDRExternFile	alias	0	drop	R1	0
DataExchange	TKDESTEP	STEPCAFControl	STEPCAFControl_DataMapOfShapePD	alias	0	drop	R1	0
DataExchange	TKDESTEP	STEPCAFControl	STEPCAFControl_DataMapOfShapeSDR	alias	0	drop	R1	0
DataExchange	TKDESTEP	STEPCAFControl	STEPCAFControl_ExternFile	class	0	keep		0
DataExchange	TKDESTEP	STEPCAFControl	STEPCAFControl_GDTProperty	class	0	keep		0
DataExchange	TKDESTEP	STEPCAFControl	STEPCAFControl_Provider	class	0	keep		0
DataExchange	TKDESTEP	STEPCAFControl	STEPCAFControl_Reader	class	0	keep		1
DataExchange	TKDESTEP	STEPCAFControl	STEPCAFControl_Writer	class	0	keep		1
DataExchange	TKDESTEP	STEPConstruct	STEPConstruct	class	0	keep		1
DataExchange	TKDESTEP	STEPConstruct	STEPConstruct_AP203Context	class	0	keep		0
DataExchange	TKDESTEP	STEPConstruct	STEPConstruct_Assembly	class	0	keep		0
DataExchange	TKDESTEP	STEPConstruct	STEPConstruct_ContextTool	class	0	keep		0
DataExchange	TKDESTEP	STEPConstruct	STEPConstruct_DataMapIteratorOfDataMapOfAsciiStringTransient	other	0	drop	R1	0
DataExchange	TKDESTEP	STEPConstruct	STEPConstruct_DataMapIteratorOfDataMapOfPointTransient	other	0	drop	R1	0
DataExchange	TKDESTEP	STEPConstruct	STEPConstruct_DataMapOfAsciiStringTransient	alias	0	drop	R1	0
DataExchange	TKDESTEP	STEPConstruct	STEPConstruct_DataMapOfPointTransient	alias	0	drop	R1	0
DataExchange	TKDESTEP	STEPConstruct	STEPConstruct_ExternRefs	class	0	keep		0
DataExchange	TKDESTEP	STEPConstruct	STEPConstruct_Part	class	0	keep		0
DataExchange	TKDESTEP	STEPConstruct	STEPConstruct_Styles	class	0	keep		1
DataExchange	TKDESTEP	STEPConstruct	STEPConstruct_Tool	class	0	keep		0
DataExchange	TKDESTEP	STEPConstruct	STEPConstruct_UnitContext	class	0	keep		0
DataExchange	TKDESTEP	STEPConstruct	STEPConstruct_ValidationProps	class	0	keep		0
DataExchange	TKDESTEP	STEPControl	STEPControl_ActorRead	class	0	keep		0
DataExchange	TKDESTEP	STEPControl	STEPControl_ActorWrite	class	0	keep		0
DataExchange	TKDESTEP	STEPControl	STEPControl_Controller	class	0	keep		2
DataExchange	TKDESTEP	STEPControl	STEPControl_Reader	class	0	keep		4
DataExchange	TKDESTEP	STEPControl	STEPControl_StepModelType	enum	0	keep		0
DataExchange	TKDESTEP	STEPControl	STEPControl_Writer	class	0	keep		2
DataExchange	TKDESTEP	STEPEdit	STEPEdit	class	0	keep		0
DataExchange	TKDESTEP	STEPEdit	STEPEdit_EditContext	class	0	keep		0
DataExchange	TKDESTEP	STEPEdit	STEPEdit_EditSDR	class	0	keep		0
DataExchange	TKDESTEP	STEPSelections	STEPSelections_AssemblyComponent	class	0	keep		0
DataExchange	TKDESTEP	STEPSelections	STEPSelections_AssemblyExplorer	class	0	keep		0
DataExchange	TKDESTEP	STEPSelections	STEPSelections_AssemblyLink	class	0	keep		0
DataExchange	TKDESTEP	STEPSelections	STEPSelections_Counter	class	0	keep		0
DataExchange	TKDESTEP	STEPSelections	STEPSelections_HSequenceOfAssemblyLink	other	0	drop	R1	0
DataExchange	TKDESTEP	STEPSelections	STEPSelections_SelectAssembly	class	0	keep		0
DataExchange	TKDESTEP	STEPSelections	STEPSelections_SelectDerived	class	0	keep		0
DataExchange	TKDESTEP	STEPSelections	STEPSelections_SelectFaces	class	0	keep		0
DataExchange	TKDESTEP	STEPSelections	STEPSelections_SelectForTransfer	class	0	keep		0
DataExchange	TKDESTEP	STEPSelections	STEPSelections_SelectGSCurves	class	0	keep		0
DataExchange	TKDESTEP	STEPSelections	STEPSelections_SelectInstances	class	0	keep		0
DataExchange	TKDESTEP	STEPSelections	STEPSelections_SequenceOfAssemblyComponent	alias	0	drop	R1	0
DataExchange	TKDESTEP	STEPSelections	STEPSelections_SequenceOfAssemblyLink	alias	0	drop	R1	0
DataExchange	TKDESTEP	StepAP203	StepAP203_ApprovedItem	class	0	collapse	C-STEP	0
DataExchange	TKDESTEP	StepAP203	StepAP203_Array1OfApprovedItem	alias	0	collapse	C-STEP	0
DataExchange	TKDESTEP	StepAP203	StepAP203_Array1OfCertifiedItem	alias	0	collapse	C-STEP	0
DataExchange	TKDESTEP	StepAP203	StepAP203_Array1OfChangeRequestItem	alias	0	collapse	C-STEP	0
DataExchange	TKDESTEP	StepAP203	StepAP203_Array1OfClassifiedItem	alias	0	collapse	C-STEP	0
DataExchange	TKDESTEP	StepAP203	StepAP203_Array1OfContractedItem	alias	0	collapse	C-STEP	0
DataExchange	TKDESTEP	StepAP203	StepAP203_Array1OfDateTimeItem	alias	0	collapse	C-STEP	0
DataExchange	TKDESTEP	StepAP203	StepAP203_Array1OfPersonOrganizationItem	alias	0	collapse	C-STEP	0
DataExchange	TKDESTEP	StepAP203	StepAP203_Array1OfSpecifiedItem	alias	0	collapse	C-STEP	0
DataExchange	TKDESTEP	StepAP203	StepAP203_Array1OfStartRequestItem	alias	0	collapse	C-STEP	0
DataExchange	TKDESTEP	StepAP203	StepAP203_Array1OfWorkItem	alias	0	collapse	C-STEP	0
DataExchange	TKDESTEP	StepAP203	StepAP203_CcDesignApproval	class	0	collapse	C-STEP	0
DataExchange	TKDESTEP	StepAP203	StepAP203_CcDesignCertification	class	0	collapse	C-STEP	0
DataExchange	TKDESTEP	StepAP203	StepAP203_CcDesignContract	class	0	collapse	C-STEP	0
DataExchange	TKDESTEP	StepAP203	StepAP203_CcDesignDateAndTimeAssignment	class	0	collapse	C-STEP	0
DataExchange	TKDESTEP	StepAP203	StepAP203_CcDesignPersonAndOrganizationAssignment	class	0	collapse	C-STEP	0
DataExchange	TKDESTEP	StepAP203	StepAP203_CcDesignSecurityClassification	class	0	collapse	C-STEP	0
DataExchange	TKDESTEP	StepAP203	StepAP203_CcDesignSpecificationReference	class	0	collapse	C-STEP	0
DataExchange	TKDESTEP	StepAP203	StepAP203_CertifiedItem	class	0	collapse	C-STEP	0
DataExchange	TKDESTEP	StepAP203	StepAP203_Change	class	0	collapse	C-STEP	0
DataExchange	TKDESTEP	StepAP203	StepAP203_ChangeRequest	class	0	collapse	C-STEP	0
DataExchange	TKDESTEP	StepAP203	StepAP203_ChangeRequestItem	class	0	collapse	C-STEP	0
DataExchange	TKDESTEP	StepAP203	StepAP203_ClassifiedItem	class	0	collapse	C-STEP	0
DataExchange	TKDESTEP	StepAP203	StepAP203_ContractedItem	class	0	collapse	C-STEP	0
DataExchange	TKDESTEP	StepAP203	StepAP203_DateTimeItem	class	0	collapse	C-STEP	0
DataExchange	TKDESTEP	StepAP203	StepAP203_HArray1OfApprovedItem	other	0	collapse	C-STEP	0
DataExchange	TKDESTEP	StepAP203	StepAP203_HArray1OfCertifiedItem	other	0	collapse	C-STEP	0
DataExchange	TKDESTEP	StepAP203	StepAP203_HArray1OfChangeRequestItem	other	0	collapse	C-STEP	0
DataExchange	TKDESTEP	StepAP203	StepAP203_HArray1OfClassifiedItem	other	0	collapse	C-STEP	0
DataExchange	TKDESTEP	StepAP203	StepAP203_HArray1OfContractedItem	other	0	collapse	C-STEP	0
DataExchange	TKDESTEP	StepAP203	StepAP203_HArray1OfDateTimeItem	other	0	collapse	C-STEP	0
DataExchange	TKDESTEP	StepAP203	StepAP203_HArray1OfPersonOrganizationItem	other	0	collapse	C-STEP	0
DataExchange	TKDESTEP	StepAP203	StepAP203_HArray1OfSpecifiedItem	other	0	collapse	C-STEP	0
DataExchange	TKDESTEP	StepAP203	StepAP203_HArray1OfStartRequestItem	other	0	collapse	C-STEP	0
DataExchange	TKDESTEP	StepAP203	StepAP203_HArray1OfWorkItem	other	0	collapse	C-STEP	0
DataExchange	TKDESTEP	StepAP203	StepAP203_PersonOrganizationItem	class	0	collapse	C-STEP	0
DataExchange	TKDESTEP	StepAP203	StepAP203_SpecifiedItem	class	0	collapse	C-STEP	0
DataExchange	TKDESTEP	StepAP203	StepAP203_StartRequest	class	0	collapse	C-STEP	0
DataExchange	TKDESTEP	StepAP203	StepAP203_StartRequestItem	class	0	collapse	C-STEP	0
DataExchange	TKDESTEP	StepAP203	StepAP203_StartWork	class	0	collapse	C-STEP	0
DataExchange	TKDESTEP	StepAP203	StepAP203_WorkItem	class	0	collapse	C-STEP	0
DataExchange	TKDESTEP	StepAP209	StepAP209_Construct	class	0	collapse	C-STEP	0
DataExchange	TKDESTEP	StepAP214	StepAP214	class	0	collapse	C-STEP	0
DataExchange	TKDESTEP	StepAP214	StepAP214_AppliedApprovalAssignment	class	0	collapse	C-STEP	0
DataExchange	TKDESTEP	StepAP214	StepAP214_AppliedDateAndTimeAssignment	class	0	collapse	C-STEP	0
DataExchange	TKDESTEP	StepAP214	StepAP214_AppliedDateAssignment	class	0	collapse	C-STEP	0
DataExchange	TKDESTEP	StepAP214	StepAP214_AppliedDocumentReference	class	0	collapse	C-STEP	0
DataExchange	TKDESTEP	StepAP214	StepAP214_AppliedExternalIdentificationAssignment	class	0	collapse	C-STEP	0
DataExchange	TKDESTEP	StepAP214	StepAP214_AppliedGroupAssignment	class	0	collapse	C-STEP	0
DataExchange	TKDESTEP	StepAP214	StepAP214_AppliedOrganizationAssignment	class	0	collapse	C-STEP	0
DataExchange	TKDESTEP	StepAP214	StepAP214_AppliedPersonAndOrganizationAssignment	class	0	collapse	C-STEP	0
DataExchange	TKDESTEP	StepAP214	StepAP214_AppliedPresentedItem	class	0	collapse	C-STEP	0
DataExchange	TKDESTEP	StepAP214	StepAP214_AppliedSecurityClassificationAssignment	class	0	collapse	C-STEP	0
DataExchange	TKDESTEP	StepAP214	StepAP214_ApprovalItem	class	0	collapse	C-STEP	0
DataExchange	TKDESTEP	StepAP214	StepAP214_Array1OfApprovalItem	alias	0	collapse	C-STEP	0
DataExchange	TKDESTEP	StepAP214	StepAP214_Array1OfAutoDesignDateAndPersonItem	alias	0	collapse	C-STEP	0
DataExchange	TKDESTEP	StepAP214	StepAP214_Array1OfAutoDesignDateAndTimeItem	alias	0	collapse	C-STEP	0
DataExchange	TKDESTEP	StepAP214	StepAP214_Array1OfAutoDesignDatedItem	alias	0	collapse	C-STEP	0
DataExchange	TKDESTEP	StepAP214	StepAP214_Array1OfAutoDesignGeneralOrgItem	alias	0	collapse	C-STEP	0
DataExchange	TKDESTEP	StepAP214	StepAP214_Array1OfAutoDesignGroupedItem	alias	0	collapse	C-STEP	0
DataExchange	TKDESTEP	StepAP214	StepAP214_Array1OfAutoDesignPresentedItemSelect	alias	0	collapse	C-STEP	0
DataExchange	TKDESTEP	StepAP214	StepAP214_Array1OfAutoDesignReferencingItem	alias	0	collapse	C-STEP	0
DataExchange	TKDESTEP	StepAP214	StepAP214_Array1OfDateAndTimeItem	alias	0	collapse	C-STEP	0
DataExchange	TKDESTEP	StepAP214	StepAP214_Array1OfDateItem	alias	0	collapse	C-STEP	0
DataExchange	TKDESTEP	StepAP214	StepAP214_Array1OfDocumentReferenceItem	alias	0	collapse	C-STEP	0
DataExchange	TKDESTEP	StepAP214	StepAP214_Array1OfExternalIdentificationItem	alias	0	collapse	C-STEP	0
DataExchange	TKDESTEP	StepAP214	StepAP214_Array1OfGroupItem	alias	0	collapse	C-STEP	0
DataExchange	TKDESTEP	StepAP214	StepAP214_Array1OfOrganizationItem	alias	0	collapse	C-STEP	0
DataExchange	TKDESTEP	StepAP214	StepAP214_Array1OfPersonAndOrganizationItem	alias	0	collapse	C-STEP	0
DataExchange	TKDESTEP	StepAP214	StepAP214_Array1OfPresentedItemSelect	alias	0	collapse	C-STEP	0
DataExchange	TKDESTEP	StepAP214	StepAP214_Array1OfSecurityClassificationItem	alias	0	collapse	C-STEP	0
DataExchange	TKDESTEP	StepAP214	StepAP214_AutoDesignActualDateAndTimeAssignment	class	0	collapse	C-STEP	0
DataExchange	TKDESTEP	StepAP214	StepAP214_AutoDesignActualDateAssignment	class	0	collapse	C-STEP	0
DataExchange	TKDESTEP	StepAP214	StepAP214_AutoDesignApprovalAssignment	class	0	collapse	C-STEP	0
DataExchange	TKDESTEP	StepAP214	StepAP214_AutoDesignDateAndPersonAssignment	class	0	collapse	C-STEP	0
DataExchange	TKDESTEP	StepAP214	StepAP214_AutoDesignDateAndPersonItem	class	0	collapse	C-STEP	0
DataExchange	TKDESTEP	StepAP214	StepAP214_AutoDesignDateAndTimeItem	class	0	collapse	C-STEP	0
DataExchange	TKDESTEP	StepAP214	StepAP214_AutoDesignDatedItem	class	0	collapse	C-STEP	0
DataExchange	TKDESTEP	StepAP214	StepAP214_AutoDesignDocumentReference	class	0	collapse	C-STEP	0
DataExchange	TKDESTEP	StepAP214	StepAP214_AutoDesignGeneralOrgItem	class	0	collapse	C-STEP	0
DataExchange	TKDESTEP	StepAP214	StepAP214_AutoDesignGroupAssignment	class	0	collapse	C-STEP	0
DataExchange	TKDESTEP	StepAP214	StepAP214_AutoDesignGroupedItem	class	0	collapse	C-STEP	0
DataExchange	TKDESTEP	StepAP214	StepAP214_AutoDesignNominalDateAndTimeAssignment	class	0	collapse	C-STEP	0
DataExchange	TKDESTEP	StepAP214	StepAP214_AutoDesignNominalDateAssignment	class	0	collapse	C-STEP	0
DataExchange	TKDESTEP	StepAP214	StepAP214_AutoDesignOrganizationAssignment	class	0	collapse	C-STEP	0
DataExchange	TKDESTEP	StepAP214	StepAP214_AutoDesignOrganizationItem	class	0	collapse	C-STEP	0
DataExchange	TKDESTEP	StepAP214	StepAP214_AutoDesignPersonAndOrganizationAssignment	class	0	collapse	C-STEP	0
DataExchange	TKDESTEP	StepAP214	StepAP214_AutoDesignPresentedItem	class	0	collapse	C-STEP	0
DataExchange	TKDESTEP	StepAP214	StepAP214_AutoDesignPresentedItemSelect	class	0	collapse	C-STEP	0
DataExchange	TKDESTEP	StepAP214	StepAP214_AutoDesignReferencingItem	class	0	collapse	C-STEP	0
DataExchange	TKDESTEP	StepAP214	StepAP214_AutoDesignSecurityClassificationAssignment	class	0	collapse	C-STEP	0
DataExchange	TKDESTEP	StepAP214	StepAP214_Class	class	0	collapse	C-STEP	0
DataExchange	TKDESTEP	StepAP214	StepAP214_DateAndTimeItem	class	0	collapse	C-STEP	0
DataExchange	TKDESTEP	StepAP214	StepAP214_DateItem	class	0	collapse	C-STEP	0
DataExchange	TKDESTEP	StepAP214	StepAP214_DocumentReferenceItem	class	0	collapse	C-STEP	0
DataExchange	TKDESTEP	StepAP214	StepAP214_ExternalIdentificationItem	class	0	collapse	C-STEP	0
DataExchange	TKDESTEP	StepAP214	StepAP214_ExternallyDefinedClass	class	0	collapse	C-STEP	0
DataExchange	TKDESTEP	StepAP214	StepAP214_ExternallyDefinedGeneralProperty	class	0	collapse	C-STEP	0
DataExchange	TKDESTEP	StepAP214	StepAP214_GroupItem	class	0	collapse	C-STEP	0
DataExchange	TKDESTEP	StepAP214	StepAP214_HArray1OfApprovalItem	other	0	collapse	C-STEP	0
DataExchange	TKDESTEP	StepAP214	StepAP214_HArray1OfAutoDesignDateAndPersonItem	other	0	collapse	C-STEP	0
DataExchange	TKDESTEP	StepAP214	StepAP214_HArray1OfAutoDesignDateAndTimeItem	other	0	collapse	C-STEP	0
DataExchange	TKDESTEP	StepAP214	StepAP214_HArray1OfAutoDesignDatedItem	other	0	collapse	C-STEP	0
DataExchange	TKDESTEP	StepAP214	StepAP214_HArray1OfAutoDesignGeneralOrgItem	other	0	collapse	C-STEP	0
DataExchange	TKDESTEP	StepAP214	StepAP214_HArray1OfAutoDesignGroupedItem	other	0	collapse	C-STEP	0
DataExchange	TKDESTEP	StepAP214	StepAP214_HArray1OfAutoDesignPresentedItemSelect	other	0	collapse	C-STEP	0
DataExchange	TKDESTEP	StepAP214	StepAP214_HArray1OfAutoDesignReferencingItem	other	0	collapse	C-STEP	0
DataExchange	TKDESTEP	StepAP214	StepAP214_HArray1OfDateAndTimeItem	other	0	collapse	C-STEP	0
DataExchange	TKDESTEP	StepAP214	StepAP214_HArray1OfDateItem	other	0	collapse	C-STEP	0
DataExchange	TKDESTEP	StepAP214	StepAP214_HArray1OfDocumentReferenceItem	other	0	collapse	C-STEP	0
DataExchange	TKDESTEP	StepAP214	StepAP214_HArray1OfExternalIdentificationItem	other	0	collapse	C-STEP	0
DataExchange	TKDESTEP	StepAP214	StepAP214_HArray1OfGroupItem	other	0	collapse	C-STEP	0
DataExchange	TKDESTEP	StepAP214	StepAP214_HArray1OfOrganizationItem	other	0	collapse	C-STEP	0
DataExchange	TKDESTEP	StepAP214	StepAP214_HArray1OfPersonAndOrganizationItem	other	0	collapse	C-STEP	0
DataExchange	TKDESTEP	StepAP214	StepAP214_HArray1OfPresentedItemSelect	other	0	collapse	C-STEP	0
DataExchange	TKDESTEP	StepAP214	StepAP214_HArray1OfSecurityClassificationItem	other	0	collapse	C-STEP	0
DataExchange	TKDESTEP	StepAP214	StepAP214_OrganizationItem	class	0	collapse	C-STEP	0
DataExchange	TKDESTEP	StepAP214	StepAP214_PersonAndOrganizationItem	class	0	collapse	C-STEP	0
DataExchange	TKDESTEP	StepAP214	StepAP214_PresentedItemSelect	class	0	collapse	C-STEP	0
DataExchange	TKDESTEP	StepAP214	StepAP214_Protocol	class	0	collapse	C-STEP	0
DataExchange	TKDESTEP	StepAP214	StepAP214_RepItemGroup	class	0	collapse	C-STEP	0
DataExchange	TKDESTEP	StepAP214	StepAP214_SecurityClassificationItem	class	0	collapse	C-STEP	0
DataExchange	TKDESTEP	StepAP242	StepAP242_DraughtingModelItemAssociation	class	0	collapse	C-STEP	0
DataExchange	TKDESTEP	StepAP242	StepAP242_GeometricItemSpecificUsage	class	0	collapse	C-STEP	0
DataExchange	TKDESTEP	StepAP242	StepAP242_IdAttribute	class	0	collapse	C-STEP	0
DataExchange	TKDESTEP	StepAP242	StepAP242_IdAttributeSelect	class	0	collapse	C-STEP	0
DataExchange	TKDESTEP	StepAP242	StepAP242_ItemIdentifiedRepresentationUsage	class	0	collapse	C-STEP	0
DataExchange	TKDESTEP	StepAP242	StepAP242_ItemIdentifiedRepresentationUsageDefinition	class	0	collapse	C-STEP	0
DataExchange	TKDESTEP	StepBasic	StepBasic_Action	class	0	collapse	C-STEP	0
DataExchange	TKDESTEP	StepBasic	StepBasic_ActionAssignment	class	0	collapse	C-STEP	0
DataExchange	TKDESTEP	StepBasic	StepBasic_ActionMethod	class	0	collapse	C-STEP	0
DataExchange	TKDESTEP	StepBasic	StepBasic_ActionRequestAssignment	class	0	collapse	C-STEP	0
DataExchange	TKDESTEP	StepBasic	StepBasic_ActionRequestSolution	class	0	collapse	C-STEP	0
DataExchange	TKDESTEP	StepBasic	StepBasic_Address	class	0	collapse	C-STEP	0
DataExchange	TKDESTEP	StepBasic	StepBasic_AheadOrBehind	enum	0	collapse	C-STEP	0
DataExchange	TKDESTEP	StepBasic	StepBasic_ApplicationContext	class	0	collapse	C-STEP	0
DataExchange	TKDESTEP	StepBasic	StepBasic_ApplicationContextElement	class	0	collapse	C-STEP	0
DataExchange	TKDESTEP	StepBasic	StepBasic_ApplicationProtocolDefinition	class	0	collapse	C-STEP	0
DataExchange	TKDESTEP	StepBasic	StepBasic_Approval	class	0	collapse	C-STEP	0
DataExchange	TKDESTEP	StepBasic	StepBasic_ApprovalAssignment	class	0	collapse	C-STEP	0
DataExchange	TKDESTEP	StepBasic	StepBasic_ApprovalDateTime	class	0	collapse	C-STEP	0
DataExchange	TKDESTEP	StepBasic	StepBasic_ApprovalPersonOrganization	class	0	collapse	C-STEP	0
DataExchange	TKDESTEP	StepBasic	StepBasic_ApprovalRelationship	class	0	collapse	C-STEP	0
DataExchange	TKDESTEP	StepBasic	StepBasic_ApprovalRole	class	0	collapse	C-STEP	0
DataExchange	TKDESTEP	StepBasic	StepBasic_ApprovalStatus	class	0	collapse	C-STEP	0
DataExchange	TKDESTEP	StepBasic	StepBasic_AreaUnit	class	0	collapse	C-STEP	0
DataExchange	TKDESTEP	StepBasic	StepBasic_Array1OfApproval	alias	0	collapse	C-STEP	0
DataExchange	TKDESTEP	StepBasic	StepBasic_Array1OfDerivedUnitElement	alias	0	collapse	C-STEP	0
DataExchange	TKDESTEP	StepBasic	StepBasic_Array1OfDocument	alias	0	collapse	C-STEP	0
DataExchange	TKDESTEP	StepBasic	StepBasic_Array1OfNamedUnit	alias	0	collapse	C-STEP	0
DataExchange	TKDESTEP	StepBasic	StepBasic_Array1OfOrganization	alias	0	collapse	C-STEP	0
DataExchange	TKDESTEP	StepBasic	StepBasic_Array1OfPerson	alias	0	collapse	C-STEP	0
DataExchange	TKDESTEP	StepBasic	StepBasic_Array1OfProduct	alias	0	collapse	C-STEP	0
DataExchange	TKDESTEP	StepBasic	StepBasic_Array1OfProductContext	alias	0	collapse	C-STEP	0
DataExchange	TKDESTEP	StepBasic	StepBasic_Array1OfProductDefinition	alias	0	collapse	C-STEP	0
DataExchange	TKDESTEP	StepBasic	StepBasic_Array1OfUncertaintyMeasureWithUnit	alias	0	collapse	C-STEP	0
DataExchange	TKDESTEP	StepBasic	StepBasic_CalendarDate	class	0	collapse	C-STEP	0
DataExchange	TKDESTEP	StepBasic	StepBasic_Certification	class	0	collapse	C-STEP	0
DataExchange	TKDESTEP	StepBasic	StepBasic_CertificationAssignment	class	0	collapse	C-STEP	0
DataExchange	TKDESTEP	StepBasic	StepBasic_CertificationType	class	0	collapse	C-STEP	0
DataExchange	TKDESTEP	StepBasic	StepBasic_CharacterizedObject	class	0	collapse	C-STEP	0
DataExchange	TKDESTEP	StepBasic	StepBasic_Contract	class	0	collapse	C-STEP	0
DataExchange	TKDESTEP	StepBasic	StepBasic_ContractAssignment	class	0	collapse	C-STEP	0
DataExchange	TKDESTEP	StepBasic	StepBasic_ContractType	class	0	collapse	C-STEP	0
DataExchange	TKDESTEP	StepBasic	StepBasic_ConversionBasedUnit	class	0	collapse	C-STEP	0
DataExchange	TKDESTEP	StepBasic	StepBasic_ConversionBasedUnitAndAreaUnit	class	0	collapse	C-STEP	0
DataExchange	TKDESTEP	StepBasic	StepBasic_ConversionBasedUnitAndLengthUnit	class	0	collapse	C-STEP	0
DataExchange	TKDESTEP	StepBasic	StepBasic_ConversionBasedUnitAndMassUnit	class	0	collapse	C-STEP	0
DataExchange	TKDESTEP	StepBasic	StepBasic_ConversionBasedUnitAndPlaneAngleUnit	class	0	collapse	C-STEP	0
DataExchange	TKDESTEP	StepBasic	StepBasic_ConversionBasedUnitAndRatioUnit	class	0	collapse	C-STEP	0
DataExchange	TKDESTEP	StepBasic	StepBasic_ConversionBasedUnitAndSolidAngleUnit	class	0	collapse	C-STEP	0
DataExchange	TKDESTEP	StepBasic	StepBasic_ConversionBasedUnitAndTimeUnit	class	0	collapse	C-STEP	0
DataExchange	TKDESTEP	StepBasic	StepBasic_ConversionBasedUnitAndVolumeUnit	class	0	collapse	C-STEP	0
DataExchange	TKDESTEP	StepBasic	StepBasic_CoordinatedUniversalTimeOffset	class	0	collapse	C-STEP	0
DataExchange	TKDESTEP	StepBasic	StepBasic_Date	class	0	collapse	C-STEP	0
DataExchange	TKDESTEP	StepBasic	StepBasic_DateAndTime	class	0	collapse	C-STEP	0
DataExchange	TKDESTEP	StepBasic	StepBasic_DateAndTimeAssignment	class	0	collapse	C-STEP	0
DataExchange	TKDESTEP	StepBasic	StepBasic_DateAssignment	class	0	collapse	C-STEP	0
DataExchange	TKDESTEP	StepBasic	StepBasic_DateRole	class	0	collapse	C-STEP	0
DataExchange	TKDESTEP	StepBasic	StepBasic_DateTimeRole	class	0	collapse	C-STEP	0
DataExchange	TKDESTEP	StepBasic	StepBasic_DateTimeSelect	class	0	collapse	C-STEP	0
DataExchange	TKDESTEP	StepBasic	StepBasic_DerivedUnit	class	0	collapse	C-STEP	0
DataExchange	TKDESTEP	StepBasic	StepBasic_DerivedUnitElement	class	0	collapse	C-STEP	0
DataExchange	TKDESTEP	StepBasic	StepBasic_DesignContext	class	0	collapse	C-STEP	0
DataExchange	TKDESTEP	StepBasic	StepBasic_DigitalDocument	class	0	collapse	C-STEP	0
DataExchange	TKDESTEP	StepBasic	StepBasic_DimensionalExponents	class	0	collapse	C-STEP	0
DataExchange	TKDESTEP	StepBasic	StepBasic_Document	class	0	collapse	C-STEP	0
DataExchange	TKDESTEP	StepBasic	StepBasic_DocumentFile	class	0	collapse	C-STEP	0
DataExchange	TKDESTEP	StepBasic	StepBasic_DocumentProductAssociation	class	0	collapse	C-STEP	0
DataExchange	TKDESTEP	StepBasic	StepBasic_DocumentProductEquivalence	class	0	collapse	C-STEP	0
DataExchange	TKDESTEP	StepBasic	StepBasic_DocumentReference	class	0	collapse	C-STEP	0
DataExchange	TKDESTEP	StepBasic	StepBasic_DocumentRelationship	class	0	collapse	C-STEP	0
DataExchange	TKDESTEP	StepBasic	StepBasic_DocumentRepresentationType	class	0	collapse	C-STEP	0
DataExchange	TKDESTEP	StepBasic	StepBasic_DocumentType	class	0	collapse	C-STEP	0
DataExchange	TKDESTEP	StepBasic	StepBasic_DocumentUsageConstraint	class	0	collapse	C-STEP	0
DataExchange	TKDESTEP	StepBasic	StepBasic_Effectivity	class	0	collapse	C-STEP	0
DataExchange	TKDESTEP	StepBasic	StepBasic_EffectivityAssignment	class	0	collapse	C-STEP	0
DataExchange	TKDESTEP	StepBasic	StepBasic_EulerAngles	class	0	collapse	C-STEP	0
DataExchange	TKDESTEP	StepBasic	StepBasic_ExternalIdentificationAssignment	class	0	collapse	C-STEP	0
DataExchange	TKDESTEP	StepBasic	StepBasic_ExternalSource	class	0	collapse	C-STEP	0
DataExchange	TKDESTEP	StepBasic	StepBasic_ExternallyDefinedItem	class	0	collapse	C-STEP	0
DataExchange	TKDESTEP	StepBasic	StepBasic_GeneralProperty	class	0	collapse	C-STEP	0
DataExchange	TKDESTEP	StepBasic	StepBasic_Group	class	0	collapse	C-STEP	0
DataExchange	TKDESTEP	StepBasic	StepBasic_GroupAssignment	class	0	collapse	C-STEP	0
DataExchange	TKDESTEP	StepBasic	StepBasic_GroupRelationship	class	0	collapse	C-STEP	0
DataExchange	TKDESTEP	StepBasic	StepBasic_HArray1OfApproval	other	0	collapse	C-STEP	0
DataExchange	TKDESTEP	StepBasic	StepBasic_HArray1OfDerivedUnitElement	other	0	collapse	C-STEP	0
DataExchange	TKDESTEP	StepBasic	StepBasic_HArray1OfDocument	other	0	collapse	C-STEP	0
DataExchange	TKDESTEP	StepBasic	StepBasic_HArray1OfNamedUnit	other	0	collapse	C-STEP	0
DataExchange	TKDESTEP	StepBasic	StepBasic_HArray1OfOrganization	other	0	collapse	C-STEP	0
DataExchange	TKDESTEP	StepBasic	StepBasic_HArray1OfPerson	other	0	collapse	C-STEP	0
DataExchange	TKDESTEP	StepBasic	StepBasic_HArray1OfProduct	other	0	collapse	C-STEP	0
DataExchange	TKDESTEP	StepBasic	StepBasic_HArray1OfProductContext	other	0	collapse	C-STEP	0
DataExchange	TKDESTEP	StepBasic	StepBasic_HArray1OfProductDefinition	other	0	collapse	C-STEP	0
DataExchange	TKDESTEP	StepBasic	StepBasic_HArray1OfUncertaintyMeasureWithUnit	other	0	collapse	C-STEP	0
DataExchange	TKDESTEP	StepBasic	StepBasic_IdentificationAssignment	class	0	collapse	C-STEP	0
DataExchange	TKDESTEP	StepBasic	StepBasic_IdentificationRole	class	0	collapse	C-STEP	0
DataExchange	TKDESTEP	StepBasic	StepBasic_LengthMeasureWithUnit	class	0	collapse	C-STEP	0
DataExchange	TKDESTEP	StepBasic	StepBasic_LengthUnit	class	0	collapse	C-STEP	0
DataExchange	TKDESTEP	StepBasic	StepBasic_LocalTime	class	0	collapse	C-STEP	0
DataExchange	TKDESTEP	StepBasic	StepBasic_MassMeasureWithUnit	class	0	collapse	C-STEP	0
DataExchange	TKDESTEP	StepBasic	StepBasic_MassUnit	class	0	collapse	C-STEP	0
DataExchange	TKDESTEP	StepBasic	StepBasic_MeasureValueMember	class	0	collapse	C-STEP	0
DataExchange	TKDESTEP	StepBasic	StepBasic_MeasureWithUnit	class	0	collapse	C-STEP	0
DataExchange	TKDESTEP	StepBasic	StepBasic_MechanicalContext	class	0	collapse	C-STEP	0
DataExchange	TKDESTEP	StepBasic	StepBasic_NameAssignment	class	0	collapse	C-STEP	0
DataExchange	TKDESTEP	StepBasic	StepBasic_NamedUnit	class	0	collapse	C-STEP	0
DataExchange	TKDESTEP	StepBasic	StepBasic_ObjectRole	class	0	collapse	C-STEP	0
DataExchange	TKDESTEP	StepBasic	StepBasic_OrdinalDate	class	0	collapse	C-STEP	0
DataExchange	TKDESTEP	StepBasic	StepBasic_Organization	class	0	collapse	C-STEP	0
DataExchange	TKDESTEP	StepBasic	StepBasic_OrganizationAssignment	class	0	collapse	C-STEP	0
DataExchange	TKDESTEP	StepBasic	StepBasic_OrganizationRole	class	0	collapse	C-STEP	0
DataExchange	TKDESTEP	StepBasic	StepBasic_OrganizationalAddress	class	0	collapse	C-STEP	0
DataExchange	TKDESTEP	StepBasic	StepBasic_Person	class	0	collapse	C-STEP	0
DataExchange	TKDESTEP	StepBasic	StepBasic_PersonAndOrganization	class	0	collapse	C-STEP	0
DataExchange	TKDESTEP	StepBasic	StepBasic_PersonAndOrganizationAssignment	class	0	collapse	C-STEP	0
DataExchange	TKDESTEP	StepBasic	StepBasic_PersonAndOrganizationRole	class	0	collapse	C-STEP	0
DataExchange	TKDESTEP	StepBasic	StepBasic_PersonOrganizationSelect	class	0	collapse	C-STEP	0
DataExchange	TKDESTEP	StepBasic	StepBasic_PersonalAddress	class	0	collapse	C-STEP	0
DataExchange	TKDESTEP	StepBasic	StepBasic_PhysicallyModeledProductDefinition	class	0	collapse	C-STEP	0
DataExchange	TKDESTEP	StepBasic	StepBasic_PlaneAngleMeasureWithUnit	class	0	collapse	C-STEP	0
DataExchange	TKDESTEP	StepBasic	StepBasic_PlaneAngleUnit	class	0	collapse	C-STEP	0
DataExchange	TKDESTEP	StepBasic	StepBasic_Product	class	0	collapse	C-STEP	1
DataExchange	TKDESTEP	StepBasic	StepBasic_ProductCategory	class	0	collapse	C-STEP	0
DataExchange	TKDESTEP	StepBasic	StepBasic_ProductCategoryRelationship	class	0	collapse	C-STEP	0
DataExchange	TKDESTEP	StepBasic	StepBasic_ProductConceptContext	class	0	collapse	C-STEP	0
DataExchange	TKDESTEP	StepBasic	StepBasic_ProductContext	class	0	collapse	C-STEP	0
DataExchange	TKDESTEP	StepBasic	StepBasic_ProductDefinition	class	0	collapse	C-STEP	1
DataExchange	TKDESTEP	StepBasic	StepBasic_ProductDefinitionContext	class	0	collapse	C-STEP	0
DataExchange	TKDESTEP	StepBasic	StepBasic_ProductDefinitionEffectivity	class	0	collapse	C-STEP	0
DataExchange	TKDESTEP	StepBasic	StepBasic_ProductDefinitionFormation	class	0	collapse	C-STEP	1
DataExchange	TKDESTEP	StepBasic	StepBasic_ProductDefinitionFormationRelationship	class	0	collapse	C-STEP	0
DataExchange	TKDESTEP	StepBasic	StepBasic_ProductDefinitionFormationWithSpecifiedSource	class	0	collapse	C-STEP	0
DataExchange	TKDESTEP	StepBasic	StepBasic_ProductDefinitionOrReference	class	0	collapse	C-STEP	0
DataExchange	TKDESTEP	StepBasic	StepBasic_ProductDefinitionReference	class	0	collapse	C-STEP	0
DataExchange	TKDESTEP	StepBasic	StepBasic_ProductDefinitionReferenceWithLocalRepresentation	class	0	collapse	C-STEP	0
DataExchange	TKDESTEP	StepBasic	StepBasic_ProductDefinitionRelationship	class	0	collapse	C-STEP	0
DataExchange	TKDESTEP	StepBasic	StepBasic_ProductDefinitionWithAssociatedDocuments	class	0	collapse	C-STEP	0
DataExchange	TKDESTEP	StepBasic	StepBasic_ProductOrFormationOrDefinition	class	0	collapse	C-STEP	0
DataExchange	TKDESTEP	StepBasic	StepBasic_ProductRelatedProductCategory	class	0	collapse	C-STEP	0
DataExchange	TKDESTEP	StepBasic	StepBasic_ProductType	class	0	collapse	C-STEP	0
DataExchange	TKDESTEP	StepBasic	StepBasic_RatioMeasureWithUnit	class	0	collapse	C-STEP	0
DataExchange	TKDESTEP	StepBasic	StepBasic_RatioUnit	class	0	collapse	C-STEP	0
DataExchange	TKDESTEP	StepBasic	StepBasic_RoleAssociation	class	0	collapse	C-STEP	0
DataExchange	TKDESTEP	StepBasic	StepBasic_RoleSelect	class	0	collapse	C-STEP	0
DataExchange	TKDESTEP	StepBasic	StepBasic_SecurityClassification	class	0	collapse	C-STEP	0
DataExchange	TKDESTEP	StepBasic	StepBasic_SecurityClassificationAssignment	class	0	collapse	C-STEP	0
DataExchange	TKDESTEP	StepBasic	StepBasic_SecurityClassificationLevel	class	0	collapse	C-STEP	0
DataExchange	TKDESTEP	StepBasic	StepBasic_SiPrefix	enum	0	collapse	C-STEP	0
DataExchange	TKDESTEP	StepBasic	StepBasic_SiUnit	class	0	collapse	C-STEP	0
DataExchange	TKDESTEP	StepBasic	StepBasic_SiUnitAndAreaUnit	class	0	collapse	C-STEP	0
DataExchange	TKDESTEP	StepBasic	StepBasic_SiUnitAndLengthUnit	class	0	collapse	C-STEP	0
DataExchange	TKDESTEP	StepBasic	StepBasic_SiUnitAndMassUnit	class	0	collapse	C-STEP	0
DataExchange	TKDESTEP	StepBasic	StepBasic_SiUnitAndPlaneAngleUnit	class	0	collapse	C-STEP	0
DataExchange	TKDESTEP	StepBasic	StepBasic_SiUnitAndRatioUnit	class	0	collapse	C-STEP	0
DataExchange	TKDESTEP	StepBasic	StepBasic_SiUnitAndSolidAngleUnit	class	0	collapse	C-STEP	0
DataExchange	TKDESTEP	StepBasic	StepBasic_SiUnitAndThermodynamicTemperatureUnit	class	0	collapse	C-STEP	0
DataExchange	TKDESTEP	StepBasic	StepBasic_SiUnitAndTimeUnit	class	0	collapse	C-STEP	0
DataExchange	TKDESTEP	StepBasic	StepBasic_SiUnitAndVolumeUnit	class	0	collapse	C-STEP	0
DataExchange	TKDESTEP	StepBasic	StepBasic_SiUnitName	enum	0	collapse	C-STEP	0
DataExchange	TKDESTEP	StepBasic	StepBasic_SizeMember	class	0	collapse	C-STEP	0
DataExchange	TKDESTEP	StepBasic	StepBasic_SizeSelect	class	0	collapse	C-STEP	0
DataExchange	TKDESTEP	StepBasic	StepBasic_SolidAngleMeasureWithUnit	class	0	collapse	C-STEP	0
DataExchange	TKDESTEP	StepBasic	StepBasic_SolidAngleUnit	class	0	collapse	C-STEP	0
DataExchange	TKDESTEP	StepBasic	StepBasic_Source	enum	0	collapse	C-STEP	0
DataExchange	TKDESTEP	StepBasic	StepBasic_SourceItem	class	0	collapse	C-STEP	0
DataExchange	TKDESTEP	StepBasic	StepBasic_ThermodynamicTemperatureUnit	class	0	collapse	C-STEP	0
DataExchange	TKDESTEP	StepBasic	StepBasic_TimeMeasureWithUnit	class	0	collapse	C-STEP	0
DataExchange	TKDESTEP	StepBasic	StepBasic_TimeUnit	class	0	collapse	C-STEP	0
DataExchange	TKDESTEP	StepBasic	StepBasic_UncertaintyMeasureWithUnit	class	0	collapse	C-STEP	0
DataExchange	TKDESTEP	StepBasic	StepBasic_Unit	class	0	collapse	C-STEP	0
DataExchange	TKDESTEP	StepBasic	StepBasic_VersionedActionRequest	class	0	collapse	C-STEP	0
DataExchange	TKDESTEP	StepBasic	StepBasic_VolumeUnit	class	0	collapse	C-STEP	0
DataExchange	TKDESTEP	StepBasic	StepBasic_WeekOfYearAndDayDate	class	0	collapse	C-STEP	0
DataExchange	TKDESTEP	StepData	StepData	class	0	keep		0
DataExchange	TKDESTEP	StepData	StepData_Array1OfField	alias	0	drop	R1	0
DataExchange	TKDESTEP	StepData	StepData_ConfParameters	class	0	keep		0
DataExchange	TKDESTEP	StepData	StepData_DefaultGeneral	class	0	keep		0
DataExchange	TKDESTEP	StepData	StepData_Described	class	0	keep		0
DataExchange	TKDESTEP	StepData	StepData_ECDescr	class	0	keep		0
DataExchange	TKDESTEP	StepData	StepData_EDescr	class	0	keep		0
DataExchange	TKDESTEP	StepData	StepData_ESDescr	class	0	keep		0
DataExchange	TKDESTEP	StepData	StepData_EnumTool	class	0	keep		0
DataExchange	TKDESTEP	StepData	StepData_Factors	class	0	keep		0
DataExchange	TKDESTEP	StepData	StepData_Field	class	0	keep		0
DataExchange	TKDESTEP	StepData	StepData_FieldList	class	0	keep		0
DataExchange	TKDESTEP	StepData	StepData_FieldList1	class	0	keep		0
DataExchange	TKDESTEP	StepData	StepData_FieldListD	class	0	keep		0
DataExchange	TKDESTEP	StepData	StepData_FieldListN	class	0	keep		0
DataExchange	TKDESTEP	StepData	StepData_FileProtocol	class	0	keep		0
DataExchange	TKDESTEP	StepData	StepData_FileRecognizer	class	0	keep		0
DataExchange	TKDESTEP	StepData	StepData_FreeFormEntity	class	0	keep		0
DataExchange	TKDESTEP	StepData	StepData_GeneralModule	class	0	keep		0
DataExchange	TKDESTEP	StepData	StepData_GlobalNodeOfWriterLib	class	0	drop	R1	0
DataExchange	TKDESTEP	StepData	StepData_HArray1OfField	other	0	drop	R1	0
DataExchange	TKDESTEP	StepData	StepData_Logical	enum	0	keep		0
DataExchange	TKDESTEP	StepData	StepData_NodeOfWriterLib	class	0	drop	R1	0
DataExchange	TKDESTEP	StepData	StepData_PDescr	class	0	keep		0
DataExchange	TKDESTEP	StepData	StepData_Plex	class	0	keep		0
DataExchange	TKDESTEP	StepData	StepData_Protocol	class	0	keep		0
DataExchange	TKDESTEP	StepData	StepData_ReadWriteModule	class	0	keep		0
DataExchange	TKDESTEP	StepData	StepData_SelectArrReal	class	0	keep		0
DataExchange	TKDESTEP	StepData	StepData_SelectInt	class	0	keep		0
DataExchange	TKDESTEP	StepData	StepData_SelectMember	class	0	keep		0
DataExchange	TKDESTEP	StepData	StepData_SelectNamed	class	0	keep		0
DataExchange	TKDESTEP	StepData	StepData_SelectReal	class	0	keep		0
DataExchange	TKDESTEP	StepData	StepData_SelectType	class	0	keep		0
DataExchange	TKDESTEP	StepData	StepData_Simple	class	0	keep		0
DataExchange	TKDESTEP	StepData	StepData_StepDumper	class	0	keep		0
DataExchange	TKDESTEP	StepData	StepData_StepModel	class	0	keep		4
DataExchange	TKDESTEP	StepData	StepData_StepReaderData	class	0	keep		0
DataExchange	TKDESTEP	StepData	StepData_StepReaderTool	class	0	keep		0
DataExchange	TKDESTEP	StepData	StepData_StepWriter	class	0	keep		0
DataExchange	TKDESTEP	StepData	StepData_UndefinedEntity	class	0	keep		0
DataExchange	TKDESTEP	StepData	StepData_WriterLib	class	0	keep		0
DataExchange	TKDESTEP	StepDimTol	StepDimTol_AngularityTolerance	class	0	collapse	C-STEP	0
DataExchange	TKDESTEP	StepDimTol	StepDimTol_AreaUnitType	enum	0	collapse	C-STEP	0
DataExchange	TKDESTEP	StepDimTol	StepDimTol_Array1OfDatumReference	alias	0	collapse	C-STEP	0
DataExchange	TKDESTEP	StepDimTol	StepDimTol_Array1OfDatumReferenceCompartment	alias	0	collapse	C-STEP	0
DataExchange	TKDESTEP	StepDimTol	StepDimTol_Array1OfDatumReferenceElement	alias	0	collapse	C-STEP	0
DataExchange	TKDESTEP	StepDimTol	StepDimTol_Array1OfDatumReferenceModifier	alias	0	collapse	C-STEP	0
DataExchange	TKDESTEP	StepDimTol	StepDimTol_Array1OfDatumSystemOrReference	alias	0	collapse	C-STEP	0
DataExchange	TKDESTEP	StepDimTol	StepDimTol_Array1OfGeometricToleranceModifier	alias	0	collapse	C-STEP	0
DataExchange	TKDESTEP	StepDimTol	StepDimTol_Array1OfToleranceZoneTarget	alias	0	collapse	C-STEP	0
DataExchange	TKDESTEP	StepDimTol	StepDimTol_CircularRunoutTolerance	class	0	collapse	C-STEP	0
DataExchange	TKDESTEP	StepDimTol	StepDimTol_CoaxialityTolerance	class	0	collapse	C-STEP	0
DataExchange	TKDESTEP	StepDimTol	StepDimTol_CommonDatum	class	0	collapse	C-STEP	0
DataExchange	TKDESTEP	StepDimTol	StepDimTol_ConcentricityTolerance	class	0	collapse	C-STEP	0
DataExchange	TKDESTEP	StepDimTol	StepDimTol_CylindricityTolerance	class	0	collapse	C-STEP	0
DataExchange	TKDESTEP	StepDimTol	StepDimTol_Datum	class	0	collapse	C-STEP	0
DataExchange	TKDESTEP	StepDimTol	StepDimTol_DatumFeature	class	0	collapse	C-STEP	0
DataExchange	TKDESTEP	StepDimTol	StepDimTol_DatumOrCommonDatum	class	0	collapse	C-STEP	0
DataExchange	TKDESTEP	StepDimTol	StepDimTol_DatumReference	class	0	collapse	C-STEP	0
DataExchange	TKDESTEP	StepDimTol	StepDimTol_DatumReferenceCompartment	class	0	collapse	C-STEP	0
DataExchange	TKDESTEP	StepDimTol	StepDimTol_DatumReferenceElement	class	0	collapse	C-STEP	0
DataExchange	TKDESTEP	StepDimTol	StepDimTol_DatumReferenceModifier	class	0	collapse	C-STEP	0
DataExchange	TKDESTEP	StepDimTol	StepDimTol_DatumReferenceModifierType	enum	0	collapse	C-STEP	0
DataExchange	TKDESTEP	StepDimTol	StepDimTol_DatumReferenceModifierWithValue	class	0	collapse	C-STEP	0
DataExchange	TKDESTEP	StepDimTol	StepDimTol_DatumSystem	class	0	collapse	C-STEP	0
DataExchange	TKDESTEP	StepDimTol	StepDimTol_DatumSystemOrReference	class	0	collapse	C-STEP	0
DataExchange	TKDESTEP	StepDimTol	StepDimTol_DatumTarget	class	0	collapse	C-STEP	0
DataExchange	TKDESTEP	StepDimTol	StepDimTol_FlatnessTolerance	class	0	collapse	C-STEP	0
DataExchange	TKDESTEP	StepDimTol	StepDimTol_GeneralDatumReference	class	0	collapse	C-STEP	0
DataExchange	TKDESTEP	StepDimTol	StepDimTol_GeoTolAndGeoTolWthDatRef	class	0	collapse	C-STEP	0
DataExchange	TKDESTEP	StepDimTol	StepDimTol_GeoTolAndGeoTolWthDatRefAndGeoTolWthMaxTol	class	0	collapse	C-STEP	0
DataExchange	TKDESTEP	StepDimTol	StepDimTol_GeoTolAndGeoTolWthDatRefAndGeoTolWthMod	class	0	collapse	C-STEP	0
DataExchange	TKDESTEP	StepDimTol	StepDimTol_GeoTolAndGeoTolWthDatRefAndModGeoTolAndPosTol	class	0	collapse	C-STEP	0
DataExchange	TKDESTEP	StepDimTol	StepDimTol_GeoTolAndGeoTolWthDatRefAndUneqDisGeoTol	class	0	collapse	C-STEP	0
DataExchange	TKDESTEP	StepDimTol	StepDimTol_GeoTolAndGeoTolWthMaxTol	class	0	collapse	C-STEP	0
DataExchange	TKDESTEP	StepDimTol	StepDimTol_GeoTolAndGeoTolWthMod	class	0	collapse	C-STEP	0
DataExchange	TKDESTEP	StepDimTol	StepDimTol_GeometricTolerance	class	0	collapse	C-STEP	0
DataExchange	TKDESTEP	StepDimTol	StepDimTol_GeometricToleranceModifier	enum	0	collapse	C-STEP	0
DataExchange	TKDESTEP	StepDimTol	StepDimTol_GeometricToleranceRelationship	class	0	collapse	C-STEP	0
DataExchange	TKDESTEP	StepDimTol	StepDimTol_GeometricToleranceTarget	class	0	collapse	C-STEP	0
DataExchange	TKDESTEP	StepDimTol	StepDimTol_GeometricToleranceType	enum	0	collapse	C-STEP	0
DataExchange	TKDESTEP	StepDimTol	StepDimTol_GeometricToleranceWithDatumReference	class	0	collapse	C-STEP	0
DataExchange	TKDESTEP	StepDimTol	StepDimTol_GeometricToleranceWithDefinedAreaUnit	class	0	collapse	C-STEP	0
DataExchange	TKDESTEP	StepDimTol	StepDimTol_GeometricToleranceWithDefinedUnit	class	0	collapse	C-STEP	0
DataExchange	TKDESTEP	StepDimTol	StepDimTol_GeometricToleranceWithMaximumTolerance	class	0	collapse	C-STEP	0
DataExchange	TKDESTEP	StepDimTol	StepDimTol_GeometricToleranceWithModifiers	class	0	collapse	C-STEP	0
DataExchange	TKDESTEP	StepDimTol	StepDimTol_HArray1OfDatumReference	other	0	collapse	C-STEP	0
DataExchange	TKDESTEP	StepDimTol	StepDimTol_HArray1OfDatumReferenceCompartment	other	0	collapse	C-STEP	0
DataExchange	TKDESTEP	StepDimTol	StepDimTol_HArray1OfDatumReferenceElement	other	0	collapse	C-STEP	0
DataExchange	TKDESTEP	StepDimTol	StepDimTol_HArray1OfDatumReferenceModifier	other	0	collapse	C-STEP	0
DataExchange	TKDESTEP	StepDimTol	StepDimTol_HArray1OfDatumSystemOrReference	other	0	collapse	C-STEP	0
DataExchange	TKDESTEP	StepDimTol	StepDimTol_HArray1OfGeometricToleranceModifier	other	0	collapse	C-STEP	0
DataExchange	TKDESTEP	StepDimTol	StepDimTol_HArray1OfToleranceZoneTarget	other	0	collapse	C-STEP	0
DataExchange	TKDESTEP	StepDimTol	StepDimTol_LimitCondition	enum	0	collapse	C-STEP	0
DataExchange	TKDESTEP	StepDimTol	StepDimTol_LineProfileTolerance	class	0	collapse	C-STEP	0
DataExchange	TKDESTEP	StepDimTol	StepDimTol_ModifiedGeometricTolerance	class	0	collapse	C-STEP	0
DataExchange	TKDESTEP	StepDimTol	StepDimTol_NonUniformZoneDefinition	class	0	collapse	C-STEP	0
DataExchange	TKDESTEP	StepDimTol	StepDimTol_ParallelismTolerance	class	0	collapse	C-STEP	0
DataExchange	TKDESTEP	StepDimTol	StepDimTol_PerpendicularityTolerance	class	0	collapse	C-STEP	0
DataExchange	TKDESTEP	StepDimTol	StepDimTol_PlacedDatumTargetFeature	class	0	collapse	C-STEP	0
DataExchange	TKDESTEP	StepDimTol	StepDimTol_PositionTolerance	class	0	collapse	C-STEP	0
DataExchange	TKDESTEP	StepDimTol	StepDimTol_ProjectedZoneDefinition	class	0	collapse	C-STEP	0
DataExchange	TKDESTEP	StepDimTol	StepDimTol_RoundnessTolerance	class	0	collapse	C-STEP	0
DataExchange	TKDESTEP	StepDimTol	StepDimTol_RunoutZoneDefinition	class	0	collapse	C-STEP	0
DataExchange	TKDESTEP	StepDimTol	StepDimTol_RunoutZoneOrientation	class	0	collapse	C-STEP	0
DataExchange	TKDESTEP	StepDimTol	StepDimTol_ShapeToleranceSelect	class	0	collapse	C-STEP	0
DataExchange	TKDESTEP	StepDimTol	StepDimTol_SimpleDatumReferenceModifier	enum	0	collapse	C-STEP	0
DataExchange	TKDESTEP	StepDimTol	StepDimTol_SimpleDatumReferenceModifierMember	class	0	collapse	C-STEP	0
DataExchange	TKDESTEP	StepDimTol	StepDimTol_StraightnessTolerance	class	0	collapse	C-STEP	0
DataExchange	TKDESTEP	StepDimTol	StepDimTol_SurfaceProfileTolerance	class	0	collapse	C-STEP	0
DataExchange	TKDESTEP	StepDimTol	StepDimTol_SymmetryTolerance	class	0	collapse	C-STEP	0
DataExchange	TKDESTEP	StepDimTol	StepDimTol_ToleranceZone	class	0	collapse	C-STEP	0
DataExchange	TKDESTEP	StepDimTol	StepDimTol_ToleranceZoneDefinition	class	0	collapse	C-STEP	0
DataExchange	TKDESTEP	StepDimTol	StepDimTol_ToleranceZoneForm	class	0	collapse	C-STEP	0
DataExchange	TKDESTEP	StepDimTol	StepDimTol_ToleranceZoneTarget	class	0	collapse	C-STEP	0
DataExchange	TKDESTEP	StepDimTol	StepDimTol_TotalRunoutTolerance	class	0	collapse	C-STEP	0
DataExchange	TKDESTEP	StepDimTol	StepDimTol_UnequallyDisposedGeometricTolerance	class	0	collapse	C-STEP	0
DataExchange	TKDESTEP	StepElement	StepElement_AnalysisItemWithinRepresentation	class	0	collapse	C-STEP	1
DataExchange	TKDESTEP	StepElement	StepElement_Array1OfCurveElementEndReleasePacket	alias	0	collapse	C-STEP	0
DataExchange	TKDESTEP	StepElement	StepElement_Array1OfCurveElementSectionDefinition	alias	0	collapse	C-STEP	0
DataExchange	TKDESTEP	StepElement	StepElement_Array1OfHSequenceOfCurveElementPurposeMember	alias	0	collapse	C-STEP	0
DataExchange	TKDESTEP	StepElement	StepElement_Array1OfHSequenceOfSurfaceElementPurposeMember	alias	0	collapse	C-STEP	0
DataExchange	TKDESTEP	StepElement	StepElement_Array1OfMeasureOrUnspecifiedValue	alias	0	collapse	C-STEP	0
DataExchange	TKDESTEP	StepElement	StepElement_Array1OfSurfaceSection	alias	0	collapse	C-STEP	0
DataExchange	TKDESTEP	StepElement	StepElement_Array1OfVolumeElementPurpose	alias	0	collapse	C-STEP	0
DataExchange	TKDESTEP	StepElement	StepElement_Array1OfVolumeElementPurposeMember	alias	0	collapse	C-STEP	0
DataExchange	TKDESTEP	StepElement	StepElement_Array2OfCurveElementPurposeMember	alias	0	collapse	C-STEP	0
DataExchange	TKDESTEP	StepElement	StepElement_Array2OfSurfaceElementPurpose	alias	0	collapse	C-STEP	0
DataExchange	TKDESTEP	StepElement	StepElement_Array2OfSurfaceElementPurposeMember	alias	0	collapse	C-STEP	0
DataExchange	TKDESTEP	StepElement	StepElement_Curve3dElementDescriptor	class	0	collapse	C-STEP	0
DataExchange	TKDESTEP	StepElement	StepElement_CurveEdge	enum	0	collapse	C-STEP	0
DataExchange	TKDESTEP	StepElement	StepElement_CurveElementEndReleasePacket	class	0	collapse	C-STEP	0
DataExchange	TKDESTEP	StepElement	StepElement_CurveElementFreedom	class	0	collapse	C-STEP	0
DataExchange	TKDESTEP	StepElement	StepElement_CurveElementFreedomMember	class	0	collapse	C-STEP	0
DataExchange	TKDESTEP	StepElement	StepElement_CurveElementPurpose	class	0	collapse	C-STEP	0
DataExchange	TKDESTEP	StepElement	StepElement_CurveElementPurposeMember	class	0	collapse	C-STEP	0
DataExchange	TKDESTEP	StepElement	StepElement_CurveElementSectionDefinition	class	0	collapse	C-STEP	0
DataExchange	TKDESTEP	StepElement	StepElement_CurveElementSectionDerivedDefinitions	class	0	collapse	C-STEP	0
DataExchange	TKDESTEP	StepElement	StepElement_Element2dShape	enum	0	collapse	C-STEP	0
DataExchange	TKDESTEP	StepElement	StepElement_ElementAspect	class	0	collapse	C-STEP	0
DataExchange	TKDESTEP	StepElement	StepElement_ElementAspectMember	class	0	collapse	C-STEP	0
DataExchange	TKDESTEP	StepElement	StepElement_ElementDescriptor	class	0	collapse	C-STEP	0
DataExchange	TKDESTEP	StepElement	StepElement_ElementMaterial	class	0	collapse	C-STEP	0
DataExchange	TKDESTEP	StepElement	StepElement_ElementOrder	enum	0	collapse	C-STEP	0
DataExchange	TKDESTEP	StepElement	StepElement_ElementVolume	enum	0	collapse	C-STEP	0
DataExchange	TKDESTEP	StepElement	StepElement_EnumeratedCurveElementFreedom	enum	0	collapse	C-STEP	0
DataExchange	TKDESTEP	StepElement	StepElement_EnumeratedCurveElementPurpose	enum	0	collapse	C-STEP	0
DataExchange	TKDESTEP	StepElement	StepElement_EnumeratedSurfaceElementPurpose	enum	0	collapse	C-STEP	0
DataExchange	TKDESTEP	StepElement	StepElement_EnumeratedVolumeElementPurpose	enum	0	collapse	C-STEP	0
DataExchange	TKDESTEP	StepElement	StepElement_HArray1OfCurveElementEndReleasePacket	other	0	collapse	C-STEP	0
DataExchange	TKDESTEP	StepElement	StepElement_HArray1OfCurveElementSectionDefinition	other	0	collapse	C-STEP	0
DataExchange	TKDESTEP	StepElement	StepElement_HArray1OfHSequenceOfCurveElementPurposeMember	other	0	collapse	C-STEP	0
DataExchange	TKDESTEP	StepElement	StepElement_HArray1OfHSequenceOfSurfaceElementPurposeMember	other	0	collapse	C-STEP	0
DataExchange	TKDESTEP	StepElement	StepElement_HArray1OfMeasureOrUnspecifiedValue	other	0	collapse	C-STEP	0
DataExchange	TKDESTEP	StepElement	StepElement_HArray1OfSurfaceSection	other	0	collapse	C-STEP	0
DataExchange	TKDESTEP	StepElement	StepElement_HArray1OfVolumeElementPurpose	other	0	collapse	C-STEP	0
DataExchange	TKDESTEP	StepElement	StepElement_HArray1OfVolumeElementPurposeMember	other	0	collapse	C-STEP	0
DataExchange	TKDESTEP	StepElement	StepElement_HArray2OfCurveElementPurposeMember	other	0	collapse	C-STEP	0
DataExchange	TKDESTEP	StepElement	StepElement_HArray2OfSurfaceElementPurpose	other	0	collapse	C-STEP	0
DataExchange	TKDESTEP	StepElement	StepElement_HArray2OfSurfaceElementPurposeMember	other	0	collapse	C-STEP	0
DataExchange	TKDESTEP	StepElement	StepElement_HSequenceOfCurveElementPurposeMember	other	0	collapse	C-STEP	0
DataExchange	TKDESTEP	StepElement	StepElement_HSequenceOfCurveElementSectionDefinition	other	0	collapse	C-STEP	0
DataExchange	TKDESTEP	StepElement	StepElement_HSequenceOfElementMaterial	other	0	collapse	C-STEP	0
DataExchange	TKDESTEP	StepElement	StepElement_HSequenceOfSurfaceElementPurposeMember	other	0	collapse	C-STEP	0
DataExchange	TKDESTEP	StepElement	StepElement_MeasureOrUnspecifiedValue	class	0	collapse	C-STEP	0
DataExchange	TKDESTEP	StepElement	StepElement_MeasureOrUnspecifiedValueMember	class	0	collapse	C-STEP	0
DataExchange	TKDESTEP	StepElement	StepElement_SequenceOfCurveElementPurposeMember	alias	0	collapse	C-STEP	0
DataExchange	TKDESTEP	StepElement	StepElement_SequenceOfCurveElementSectionDefinition	alias	0	collapse	C-STEP	0
DataExchange	TKDESTEP	StepElement	StepElement_SequenceOfElementMaterial	alias	0	collapse	C-STEP	0
DataExchange	TKDESTEP	StepElement	StepElement_SequenceOfSurfaceElementPurposeMember	alias	0	collapse	C-STEP	0
DataExchange	TKDESTEP	StepElement	StepElement_Surface3dElementDescriptor	class	0	collapse	C-STEP	0
DataExchange	TKDESTEP	StepElement	StepElement_SurfaceElementProperty	class	0	collapse	C-STEP	0
DataExchange	TKDESTEP	StepElement	StepElement_SurfaceElementPurpose	class	0	collapse	C-STEP	0
DataExchange	TKDESTEP	StepElement	StepElement_SurfaceElementPurposeMember	class	0	collapse	C-STEP	0
DataExchange	TKDESTEP	StepElement	StepElement_SurfaceSection	class	0	collapse	C-STEP	0
DataExchange	TKDESTEP	StepElement	StepElement_SurfaceSectionField	class	0	collapse	C-STEP	0
DataExchange	TKDESTEP	StepElement	StepElement_SurfaceSectionFieldConstant	class	0	collapse	C-STEP	0
DataExchange	TKDESTEP	StepElement	StepElement_SurfaceSectionFieldVarying	class	0	collapse	C-STEP	0
DataExchange	TKDESTEP	StepElement	StepElement_UniformSurfaceSection	class	0	collapse	C-STEP	0
DataExchange	TKDESTEP	StepElement	StepElement_UnspecifiedValue	enum	0	collapse	C-STEP	0
DataExchange	TKDESTEP	StepElement	StepElement_Volume3dElementDescriptor	class	0	collapse	C-STEP	0
DataExchange	TKDESTEP	StepElement	StepElement_Volume3dElementShape	enum	0	collapse	C-STEP	0
DataExchange	TKDESTEP	StepElement	StepElement_VolumeElementPurpose	class	0	collapse	C-STEP	0
DataExchange	TKDESTEP	StepElement	StepElement_VolumeElementPurposeMember	class	0	collapse	C-STEP	0
DataExchange	TKDESTEP	StepFEA	StepFEA_AlignedCurve3dElementCoordinateSystem	class	0	collapse	C-STEP	0
DataExchange	TKDESTEP	StepFEA	StepFEA_AlignedSurface3dElementCoordinateSystem	class	0	collapse	C-STEP	0
DataExchange	TKDESTEP	StepFEA	StepFEA_ArbitraryVolume3dElementCoordinateSystem	class	0	collapse	C-STEP	0
DataExchange	TKDESTEP	StepFEA	StepFEA_Array1OfCurveElementEndOffset	alias	0	collapse	C-STEP	0
DataExchange	TKDESTEP	StepFEA	StepFEA_Array1OfCurveElementEndRelease	alias	0	collapse	C-STEP	0
DataExchange	TKDESTEP	StepFEA	StepFEA_Array1OfCurveElementInterval	alias	0	collapse	C-STEP	0
DataExchange	TKDESTEP	StepFEA	StepFEA_Array1OfDegreeOfFreedom	alias	0	collapse	C-STEP	0
DataExchange	TKDESTEP	StepFEA	StepFEA_Array1OfElementRepresentation	alias	0	collapse	C-STEP	0
DataExchange	TKDESTEP	StepFEA	StepFEA_Array1OfNodeRepresentation	alias	0	collapse	C-STEP	0
DataExchange	TKDESTEP	StepFEA	StepFEA_ConstantSurface3dElementCoordinateSystem	class	0	collapse	C-STEP	0
DataExchange	TKDESTEP	StepFEA	StepFEA_CoordinateSystemType	enum	0	collapse	C-STEP	0
DataExchange	TKDESTEP	StepFEA	StepFEA_Curve3dElementProperty	class	0	collapse	C-STEP	0
DataExchange	TKDESTEP	StepFEA	StepFEA_Curve3dElementRepresentation	class	0	collapse	C-STEP	0
DataExchange	TKDESTEP	StepFEA	StepFEA_CurveEdge	enum	0	collapse	C-STEP	0
DataExchange	TKDESTEP	StepFEA	StepFEA_CurveElementEndCoordinateSystem	class	0	collapse	C-STEP	0
DataExchange	TKDESTEP	StepFEA	StepFEA_CurveElementEndOffset	class	0	collapse	C-STEP	0
DataExchange	TKDESTEP	StepFEA	StepFEA_CurveElementEndRelease	class	0	collapse	C-STEP	0
DataExchange	TKDESTEP	StepFEA	StepFEA_CurveElementInterval	class	0	collapse	C-STEP	0
DataExchange	TKDESTEP	StepFEA	StepFEA_CurveElementIntervalConstant	class	0	collapse	C-STEP	0
DataExchange	TKDESTEP	StepFEA	StepFEA_CurveElementIntervalLinearlyVarying	class	0	collapse	C-STEP	0
DataExchange	TKDESTEP	StepFEA	StepFEA_CurveElementLocation	class	0	collapse	C-STEP	0
DataExchange	TKDESTEP	StepFEA	StepFEA_DegreeOfFreedom	class	0	collapse	C-STEP	0
DataExchange	TKDESTEP	StepFEA	StepFEA_DegreeOfFreedomMember	class	0	collapse	C-STEP	0
DataExchange	TKDESTEP	StepFEA	StepFEA_DummyNode	class	0	collapse	C-STEP	0
DataExchange	TKDESTEP	StepFEA	StepFEA_ElementGeometricRelationship	class	0	collapse	C-STEP	0
DataExchange	TKDESTEP	StepFEA	StepFEA_ElementGroup	class	0	collapse	C-STEP	0
DataExchange	TKDESTEP	StepFEA	StepFEA_ElementOrElementGroup	class	0	collapse	C-STEP	0
DataExchange	TKDESTEP	StepFEA	StepFEA_ElementRepresentation	class	0	collapse	C-STEP	0
DataExchange	TKDESTEP	StepFEA	StepFEA_ElementVolume	enum	0	collapse	C-STEP	0
DataExchange	TKDESTEP	StepFEA	StepFEA_EnumeratedDegreeOfFreedom	enum	0	collapse	C-STEP	0
DataExchange	TKDESTEP	StepFEA	StepFEA_FeaAreaDensity	class	0	collapse	C-STEP	0
DataExchange	TKDESTEP	StepFEA	StepFEA_FeaAxis2Placement3d	class	0	collapse	C-STEP	0
DataExchange	TKDESTEP	StepFEA	StepFEA_FeaCurveSectionGeometricRelationship	class	0	collapse	C-STEP	0
DataExchange	TKDESTEP	StepFEA	StepFEA_FeaGroup	class	0	collapse	C-STEP	0
DataExchange	TKDESTEP	StepFEA	StepFEA_FeaLinearElasticity	class	0	collapse	C-STEP	0
DataExchange	TKDESTEP	StepFEA	StepFEA_FeaMassDensity	class	0	collapse	C-STEP	0
DataExchange	TKDESTEP	StepFEA	StepFEA_FeaMaterialPropertyRepresentation	class	0	collapse	C-STEP	0
DataExchange	TKDESTEP	StepFEA	StepFEA_FeaMaterialPropertyRepresentationItem	class	0	collapse	C-STEP	0
DataExchange	TKDESTEP	StepFEA	StepFEA_FeaModel	class	0	collapse	C-STEP	0
DataExchange	TKDESTEP	StepFEA	StepFEA_FeaModel3d	class	0	collapse	C-STEP	0
DataExchange	TKDESTEP	StepFEA	StepFEA_FeaModelDefinition	class	0	collapse	C-STEP	0
DataExchange	TKDESTEP	StepFEA	StepFEA_FeaMoistureAbsorption	class	0	collapse	C-STEP	0
DataExchange	TKDESTEP	StepFEA	StepFEA_FeaParametricPoint	class	0	collapse	C-STEP	0
DataExchange	TKDESTEP	StepFEA	StepFEA_FeaRepresentationItem	class	0	collapse	C-STEP	0
DataExchange	TKDESTEP	StepFEA	StepFEA_FeaSecantCoefficientOfLinearThermalExpansion	class	0	collapse	C-STEP	0
DataExchange	TKDESTEP	StepFEA	StepFEA_FeaShellBendingStiffness	class	0	collapse	C-STEP	0
DataExchange	TKDESTEP	StepFEA	StepFEA_FeaShellMembraneBendingCouplingStiffness	class	0	collapse	C-STEP	0
DataExchange	TKDESTEP	StepFEA	StepFEA_FeaShellMembraneStiffness	class	0	collapse	C-STEP	0
DataExchange	TKDESTEP	StepFEA	StepFEA_FeaShellShearStiffness	class	0	collapse	C-STEP	0
DataExchange	TKDESTEP	StepFEA	StepFEA_FeaSurfaceSectionGeometricRelationship	class	0	collapse	C-STEP	0
DataExchange	TKDESTEP	StepFEA	StepFEA_FeaTangentialCoefficientOfLinearThermalExpansion	class	0	collapse	C-STEP	0
DataExchange	TKDESTEP	StepFEA	StepFEA_FreedomAndCoefficient	class	0	collapse	C-STEP	0
DataExchange	TKDESTEP	StepFEA	StepFEA_FreedomsList	class	0	collapse	C-STEP	0
DataExchange	TKDESTEP	StepFEA	StepFEA_GeometricNode	class	0	collapse	C-STEP	0
DataExchange	TKDESTEP	StepFEA	StepFEA_HArray1OfCurveElementEndOffset	other	0	collapse	C-STEP	0
DataExchange	TKDESTEP	StepFEA	StepFEA_HArray1OfCurveElementEndRelease	other	0	collapse	C-STEP	0
DataExchange	TKDESTEP	StepFEA	StepFEA_HArray1OfCurveElementInterval	other	0	collapse	C-STEP	0
DataExchange	TKDESTEP	StepFEA	StepFEA_HArray1OfDegreeOfFreedom	other	0	collapse	C-STEP	0
DataExchange	TKDESTEP	StepFEA	StepFEA_HArray1OfElementRepresentation	other	0	collapse	C-STEP	0
DataExchange	TKDESTEP	StepFEA	StepFEA_HArray1OfNodeRepresentation	other	0	collapse	C-STEP	0
DataExchange	TKDESTEP	StepFEA	StepFEA_HSequenceOfCurve3dElementProperty	other	0	collapse	C-STEP	0
DataExchange	TKDESTEP	StepFEA	StepFEA_HSequenceOfElementGeometricRelationship	other	0	collapse	C-STEP	0
DataExchange	TKDESTEP	StepFEA	StepFEA_HSequenceOfElementRepresentation	other	0	collapse	C-STEP	0
DataExchange	TKDESTEP	StepFEA	StepFEA_HSequenceOfNodeRepresentation	other	0	collapse	C-STEP	0
DataExchange	TKDESTEP	StepFEA	StepFEA_Node	class	0	collapse	C-STEP	0
DataExchange	TKDESTEP	StepFEA	StepFEA_NodeDefinition	class	0	collapse	C-STEP	0
DataExchange	TKDESTEP	StepFEA	StepFEA_NodeGroup	class	0	collapse	C-STEP	0
DataExchange	TKDESTEP	StepFEA	StepFEA_NodeRepresentation	class	0	collapse	C-STEP	0
DataExchange	TKDESTEP	StepFEA	StepFEA_NodeSet	class	0	collapse	C-STEP	0
DataExchange	TKDESTEP	StepFEA	StepFEA_NodeWithSolutionCoordinateSystem	class	0	collapse	C-STEP	0
DataExchange	TKDESTEP	StepFEA	StepFEA_NodeWithVector	class	0	collapse	C-STEP	0
DataExchange	TKDESTEP	StepFEA	StepFEA_ParametricCurve3dElementCoordinateDirection	class	0	collapse	C-STEP	0
DataExchange	TKDESTEP	StepFEA	StepFEA_ParametricCurve3dElementCoordinateSystem	class	0	collapse	C-STEP	0
DataExchange	TKDESTEP	StepFEA	StepFEA_ParametricSurface3dElementCoordinateSystem	class	0	collapse	C-STEP	0
DataExchange	TKDESTEP	StepFEA	StepFEA_SequenceOfCurve3dElementProperty	alias	0	collapse	C-STEP	0
DataExchange	TKDESTEP	StepFEA	StepFEA_SequenceOfElementGeometricRelationship	alias	0	collapse	C-STEP	0
DataExchange	TKDESTEP	StepFEA	StepFEA_SequenceOfElementRepresentation	alias	0	collapse	C-STEP	0
DataExchange	TKDESTEP	StepFEA	StepFEA_SequenceOfNodeRepresentation	alias	0	collapse	C-STEP	0
DataExchange	TKDESTEP	StepFEA	StepFEA_Surface3dElementRepresentation	class	0	collapse	C-STEP	0
DataExchange	TKDESTEP	StepFEA	StepFEA_SymmetricTensor22d	class	0	collapse	C-STEP	0
DataExchange	TKDESTEP	StepFEA	StepFEA_SymmetricTensor23d	class	0	collapse	C-STEP	0
DataExchange	TKDESTEP	StepFEA	StepFEA_SymmetricTensor23dMember	class	0	collapse	C-STEP	0
DataExchange	TKDESTEP	StepFEA	StepFEA_SymmetricTensor42d	class	0	collapse	C-STEP	0
DataExchange	TKDESTEP	StepFEA	StepFEA_SymmetricTensor43d	class	0	collapse	C-STEP	0
DataExchange	TKDESTEP	StepFEA	StepFEA_SymmetricTensor43dMember	class	0	collapse	C-STEP	0
DataExchange	TKDESTEP	StepFEA	StepFEA_UnspecifiedValue	enum	0	collapse	C-STEP	0
DataExchange	TKDESTEP	StepFEA	StepFEA_Volume3dElementRepresentation	class	0	collapse	C-STEP	0
DataExchange	TKDESTEP	StepFile	StepFile_Read	other	0	keep		0
DataExchange	TKDESTEP	StepFile	StepFile_ReadData	class	0	keep		0
DataExchange	TKDESTEP	StepFile	step.tab	other	0	keep		0
DataExchange	TKDESTEP	StepGeom	StepGeom_Array1OfBoundaryCurve	alias	0	collapse	C-STEP	0
DataExchange	TKDESTEP	StepGeom	StepGeom_Array1OfCartesianPoint	alias	0	collapse	C-STEP	0
DataExchange	TKDESTEP	StepGeom	StepGeom_Array1OfCompositeCurveSegment	alias	0	collapse	C-STEP	0
DataExchange	TKDESTEP	StepGeom	StepGeom_Array1OfCurve	alias	0	collapse	C-STEP	0
DataExchange	TKDESTEP	StepGeom	StepGeom_Array1OfPcurveOrSurface	alias	0	collapse	C-STEP	0
DataExchange	TKDESTEP	StepGeom	StepGeom_Array1OfSurfaceBoundary	alias	0	collapse	C-STEP	0
DataExchange	TKDESTEP	StepGeom	StepGeom_Array1OfTrimmingSelect	alias	0	collapse	C-STEP	0
DataExchange	TKDESTEP	StepGeom	StepGeom_Array2OfCartesianPoint	alias	0	collapse	C-STEP	0
DataExchange	TKDESTEP	StepGeom	StepGeom_Array2OfSurfacePatch	alias	0	collapse	C-STEP	0
DataExchange	TKDESTEP	StepGeom	StepGeom_Axis1Placement	class	0	collapse	C-STEP	0
DataExchange	TKDESTEP	StepGeom	StepGeom_Axis2Placement	class	0	collapse	C-STEP	0
DataExchange	TKDESTEP	StepGeom	StepGeom_Axis2Placement2d	class	0	collapse	C-STEP	0
DataExchange	TKDESTEP	StepGeom	StepGeom_Axis2Placement3d	class	0	collapse	C-STEP	0
DataExchange	TKDESTEP	StepGeom	StepGeom_BSplineCurve	class	0	collapse	C-STEP	0
DataExchange	TKDESTEP	StepGeom	StepGeom_BSplineCurveForm	enum	0	collapse	C-STEP	0
DataExchange	TKDESTEP	StepGeom	StepGeom_BSplineCurveWithKnots	class	0	collapse	C-STEP	0
DataExchange	TKDESTEP	StepGeom	StepGeom_BSplineCurveWithKnotsAndRationalBSplineCurve	class	0	collapse	C-STEP	0
DataExchange	TKDESTEP	StepGeom	StepGeom_BSplineSurface	class	0	collapse	C-STEP	0
DataExchange	TKDESTEP	StepGeom	StepGeom_BSplineSurfaceForm	enum	0	collapse	C-STEP	0
DataExchange	TKDESTEP	StepGeom	StepGeom_BSplineSurfaceWithKnots	class	0	collapse	C-STEP	0
DataExchange	TKDESTEP	StepGeom	StepGeom_BSplineSurfaceWithKnotsAndRationalBSplineSurface	class	0	collapse	C-STEP	0
DataExchange	TKDESTEP	StepGeom	StepGeom_BezierCurve	class	0	collapse	C-STEP	0
DataExchange	TKDESTEP	StepGeom	StepGeom_BezierCurveAndRationalBSplineCurve	class	0	collapse	C-STEP	0
DataExchange	TKDESTEP	StepGeom	StepGeom_BezierSurface	class	0	collapse	C-STEP	0
DataExchange	TKDESTEP	StepGeom	StepGeom_BezierSurfaceAndRationalBSplineSurface	class	0	collapse	C-STEP	0
DataExchange	TKDESTEP	StepGeom	StepGeom_BoundaryCurve	class	0	collapse	C-STEP	0
DataExchange	TKDESTEP	StepGeom	StepGeom_BoundedCurve	class	0	collapse	C-STEP	0
DataExchange	TKDESTEP	StepGeom	StepGeom_BoundedSurface	class	0	collapse	C-STEP	0
DataExchange	TKDESTEP	StepGeom	StepGeom_CartesianPoint	class	0	collapse	C-STEP	0
DataExchange	TKDESTEP	StepGeom	StepGeom_CartesianTransformationOperator	class	0	collapse	C-STEP	0
DataExchange	TKDESTEP	StepGeom	StepGeom_CartesianTransformationOperator2d	class	0	collapse	C-STEP	0
DataExchange	TKDESTEP	StepGeom	StepGeom_CartesianTransformationOperator3d	class	0	collapse	C-STEP	0
DataExchange	TKDESTEP	StepGeom	StepGeom_Circle	class	0	collapse	C-STEP	0
DataExchange	TKDESTEP	StepGeom	StepGeom_CompositeCurve	class	0	collapse	C-STEP	0
DataExchange	TKDESTEP	StepGeom	StepGeom_CompositeCurveOnSurface	class	0	collapse	C-STEP	0
DataExchange	TKDESTEP	StepGeom	StepGeom_CompositeCurveSegment	class	0	collapse	C-STEP	0
DataExchange	TKDESTEP	StepGeom	StepGeom_Conic	class	0	collapse	C-STEP	0
DataExchange	TKDESTEP	StepGeom	StepGeom_ConicalSurface	class	0	collapse	C-STEP	0
DataExchange	TKDESTEP	StepGeom	StepGeom_Curve	class	0	collapse	C-STEP	0
DataExchange	TKDESTEP	StepGeom	StepGeom_CurveBoundedSurface	class	0	collapse	C-STEP	0
DataExchange	TKDESTEP	StepGeom	StepGeom_CurveOnSurface	class	0	collapse	C-STEP	0
DataExchange	TKDESTEP	StepGeom	StepGeom_CurveReplica	class	0	collapse	C-STEP	0
DataExchange	TKDESTEP	StepGeom	StepGeom_CylindricalSurface	class	0	collapse	C-STEP	0
DataExchange	TKDESTEP	StepGeom	StepGeom_DegeneratePcurve	class	0	collapse	C-STEP	0
DataExchange	TKDESTEP	StepGeom	StepGeom_DegenerateToroidalSurface	class	0	collapse	C-STEP	0
DataExchange	TKDESTEP	StepGeom	StepGeom_Direction	class	0	collapse	C-STEP	0
DataExchange	TKDESTEP	StepGeom	StepGeom_ElementarySurface	class	0	collapse	C-STEP	0
DataExchange	TKDESTEP	StepGeom	StepGeom_Ellipse	class	0	collapse	C-STEP	0
DataExchange	TKDESTEP	StepGeom	StepGeom_EvaluatedDegeneratePcurve	class	0	collapse	C-STEP	0
DataExchange	TKDESTEP	StepGeom	StepGeom_GeomRepContextAndGlobUnitAssCtxAndGlobUncertaintyAssCtx	class	0	collapse	C-STEP	0
DataExchange	TKDESTEP	StepGeom	StepGeom_GeometricRepresentationContext	class	0	collapse	C-STEP	0
DataExchange	TKDESTEP	StepGeom	StepGeom_GeometricRepresentationContextAndGlobalUnitAssignedContext	class	0	collapse	C-STEP	0
DataExchange	TKDESTEP	StepGeom	StepGeom_GeometricRepresentationContextAndParametricRepresentationContext	class	0	collapse	C-STEP	0
DataExchange	TKDESTEP	StepGeom	StepGeom_GeometricRepresentationItem	class	0	collapse	C-STEP	0
DataExchange	TKDESTEP	StepGeom	StepGeom_HArray1OfBoundaryCurve	other	0	collapse	C-STEP	0
DataExchange	TKDESTEP	StepGeom	StepGeom_HArray1OfCartesianPoint	other	0	collapse	C-STEP	0
DataExchange	TKDESTEP	StepGeom	StepGeom_HArray1OfCompositeCurveSegment	other	0	collapse	C-STEP	0
DataExchange	TKDESTEP	StepGeom	StepGeom_HArray1OfCurve	other	0	collapse	C-STEP	0
DataExchange	TKDESTEP	StepGeom	StepGeom_HArray1OfPcurveOrSurface	other	0	collapse	C-STEP	0
DataExchange	TKDESTEP	StepGeom	StepGeom_HArray1OfSurfaceBoundary	other	0	collapse	C-STEP	0
DataExchange	TKDESTEP	StepGeom	StepGeom_HArray1OfTrimmingSelect	other	0	collapse	C-STEP	0
DataExchange	TKDESTEP	StepGeom	StepGeom_HArray2OfCartesianPoint	other	0	collapse	C-STEP	0
DataExchange	TKDESTEP	StepGeom	StepGeom_HArray2OfSurfacePatch	other	0	collapse	C-STEP	0
DataExchange	TKDESTEP	StepGeom	StepGeom_Hyperbola	class	0	collapse	C-STEP	0
DataExchange	TKDESTEP	StepGeom	StepGeom_IntersectionCurve	class	0	collapse	C-STEP	0
DataExchange	TKDESTEP	StepGeom	StepGeom_KnotType	enum	0	collapse	C-STEP	0
DataExchange	TKDESTEP	StepGeom	StepGeom_Line	class	0	collapse	C-STEP	0
DataExchange	TKDESTEP	StepGeom	StepGeom_OffsetCurve3d	class	0	collapse	C-STEP	0
DataExchange	TKDESTEP	StepGeom	StepGeom_OffsetSurface	class	0	collapse	C-STEP	0
DataExchange	TKDESTEP	StepGeom	StepGeom_OrientedSurface	class	0	collapse	C-STEP	0
DataExchange	TKDESTEP	StepGeom	StepGeom_OuterBoundaryCurve	class	0	collapse	C-STEP	0
DataExchange	TKDESTEP	StepGeom	StepGeom_Parabola	class	0	collapse	C-STEP	0
DataExchange	TKDESTEP	StepGeom	StepGeom_Pcurve	class	0	collapse	C-STEP	0
DataExchange	TKDESTEP	StepGeom	StepGeom_PcurveOrSurface	class	0	collapse	C-STEP	0
DataExchange	TKDESTEP	StepGeom	StepGeom_Placement	class	0	collapse	C-STEP	0
DataExchange	TKDESTEP	StepGeom	StepGeom_Plane	class	0	collapse	C-STEP	0
DataExchange	TKDESTEP	StepGeom	StepGeom_Point	class	0	collapse	C-STEP	0
DataExchange	TKDESTEP	StepGeom	StepGeom_PointOnCurve	class	0	collapse	C-STEP	0
DataExchange	TKDESTEP	StepGeom	StepGeom_PointOnSurface	class	0	collapse	C-STEP	0
DataExchange	TKDESTEP	StepGeom	StepGeom_PointReplica	class	0	collapse	C-STEP	0
DataExchange	TKDESTEP	StepGeom	StepGeom_Polyline	class	0	collapse	C-STEP	0
DataExchange	TKDESTEP	StepGeom	StepGeom_PreferredSurfaceCurveRepresentation	enum	0	collapse	C-STEP	0
DataExchange	TKDESTEP	StepGeom	StepGeom_QuasiUniformCurve	class	0	collapse	C-STEP	0
DataExchange	TKDESTEP	StepGeom	StepGeom_QuasiUniformCurveAndRationalBSplineCurve	class	0	collapse	C-STEP	0
DataExchange	TKDESTEP	StepGeom	StepGeom_QuasiUniformSurface	class	0	collapse	C-STEP	0
DataExchange	TKDESTEP	StepGeom	StepGeom_QuasiUniformSurfaceAndRationalBSplineSurface	class	0	collapse	C-STEP	0
DataExchange	TKDESTEP	StepGeom	StepGeom_RationalBSplineCurve	class	0	collapse	C-STEP	0
DataExchange	TKDESTEP	StepGeom	StepGeom_RationalBSplineSurface	class	0	collapse	C-STEP	0
DataExchange	TKDESTEP	StepGeom	StepGeom_RectangularCompositeSurface	class	0	collapse	C-STEP	0
DataExchange	TKDESTEP	StepGeom	StepGeom_RectangularTrimmedSurface	class	0	collapse	C-STEP	0
DataExchange	TKDESTEP	StepGeom	StepGeom_ReparametrisedCompositeCurveSegment	class	0	collapse	C-STEP	0
DataExchange	TKDESTEP	StepGeom	StepGeom_SeamCurve	class	0	collapse	C-STEP	0
DataExchange	TKDESTEP	StepGeom	StepGeom_SphericalSurface	class	0	collapse	C-STEP	0
DataExchange	TKDESTEP	StepGeom	StepGeom_SuParameters	class	0	collapse	C-STEP	0
DataExchange	TKDESTEP	StepGeom	StepGeom_Surface	class	0	collapse	C-STEP	0
DataExchange	TKDESTEP	StepGeom	StepGeom_SurfaceBoundary	class	0	collapse	C-STEP	0
DataExchange	TKDESTEP	StepGeom	StepGeom_SurfaceCurve	class	0	collapse	C-STEP	0
DataExchange	TKDESTEP	StepGeom	StepGeom_SurfaceCurveAndBoundedCurve	class	0	collapse	C-STEP	0
DataExchange	TKDESTEP	StepGeom	StepGeom_SurfaceOfLinearExtrusion	class	0	collapse	C-STEP	0
DataExchange	TKDESTEP	StepGeom	StepGeom_SurfaceOfRevolution	class	0	collapse	C-STEP	0
DataExchange	TKDESTEP	StepGeom	StepGeom_SurfacePatch	class	0	collapse	C-STEP	0
DataExchange	TKDESTEP	StepGeom	StepGeom_SurfaceReplica	class	0	collapse	C-STEP	0
DataExchange	TKDESTEP	StepGeom	StepGeom_SweptSurface	class	0	collapse	C-STEP	0
DataExchange	TKDESTEP	StepGeom	StepGeom_ToroidalSurface	class	0	collapse	C-STEP	0
DataExchange	TKDESTEP	StepGeom	StepGeom_TransitionCode	enum	0	collapse	C-STEP	0
DataExchange	TKDESTEP	StepGeom	StepGeom_TrimmedCurve	class	0	collapse	C-STEP	0
DataExchange	TKDESTEP	StepGeom	StepGeom_TrimmingMember	class	0	collapse	C-STEP	0
DataExchange	TKDESTEP	StepGeom	StepGeom_TrimmingPreference	enum	0	collapse	C-STEP	0
DataExchange	TKDESTEP	StepGeom	StepGeom_TrimmingSelect	class	0	collapse	C-STEP	0
DataExchange	TKDESTEP	StepGeom	StepGeom_UniformCurve	class	0	collapse	C-STEP	0
DataExchange	TKDESTEP	StepGeom	StepGeom_UniformCurveAndRationalBSplineCurve	class	0	collapse	C-STEP	0
DataExchange	TKDESTEP	StepGeom	StepGeom_UniformSurface	class	0	collapse	C-STEP	0
DataExchange	TKDESTEP	StepGeom	StepGeom_UniformSurfaceAndRationalBSplineSurface	class	0	collapse	C-STEP	0
DataExchange	TKDESTEP	StepGeom	StepGeom_Vector	class	0	collapse	C-STEP	0
DataExchange	TKDESTEP	StepGeom	StepGeom_VectorOrDirection	class	0	collapse	C-STEP	0
DataExchange	TKDESTEP	StepKinematics	StepKinematics_ActuatedDirection	enum	0	collapse	C-STEP	0
DataExchange	TKDESTEP	StepKinematics	StepKinematics_ActuatedKinPairAndOrderKinPair	class	0	collapse	C-STEP	0
DataExchange	TKDESTEP	StepKinematics	StepKinematics_ActuatedKinematicPair	class	0	collapse	C-STEP	0
DataExchange	TKDESTEP	StepKinematics	StepKinematics_ContextDependentKinematicLinkRepresentation	class	0	collapse	C-STEP	0
DataExchange	TKDESTEP	StepKinematics	StepKinematics_CylindricalPair	class	0	collapse	C-STEP	0
DataExchange	TKDESTEP	StepKinematics	StepKinematics_CylindricalPairValue	class	0	collapse	C-STEP	0
DataExchange	TKDESTEP	StepKinematics	StepKinematics_CylindricalPairWithRange	class	0	collapse	C-STEP	0
DataExchange	TKDESTEP	StepKinematics	StepKinematics_FullyConstrainedPair	class	0	collapse	C-STEP	0
DataExchange	TKDESTEP	StepKinematics	StepKinematics_GearPair	class	0	collapse	C-STEP	0
DataExchange	TKDESTEP	StepKinematics	StepKinematics_GearPairValue	class	0	collapse	C-STEP	0
DataExchange	TKDESTEP	StepKinematics	StepKinematics_GearPairWithRange	class	0	collapse	C-STEP	0
DataExchange	TKDESTEP	StepKinematics	StepKinematics_HighOrderKinematicPair	class	0	collapse	C-STEP	0
DataExchange	TKDESTEP	StepKinematics	StepKinematics_HomokineticPair	class	0	collapse	C-STEP	0
DataExchange	TKDESTEP	StepKinematics	StepKinematics_KinematicJoint	class	0	collapse	C-STEP	0
DataExchange	TKDESTEP	StepKinematics	StepKinematics_KinematicLink	class	0	collapse	C-STEP	0
DataExchange	TKDESTEP	StepKinematics	StepKinematics_KinematicLinkRepresentation	class	0	collapse	C-STEP	0
DataExchange	TKDESTEP	StepKinematics	StepKinematics_KinematicLinkRepresentationAssociation	class	0	collapse	C-STEP	0
DataExchange	TKDESTEP	StepKinematics	StepKinematics_KinematicPair	class	0	collapse	C-STEP	0
DataExchange	TKDESTEP	StepKinematics	StepKinematics_KinematicPropertyDefinitionRepresentation	class	0	collapse	C-STEP	0
DataExchange	TKDESTEP	StepKinematics	StepKinematics_KinematicPropertyMechanismRepresentation	class	0	collapse	C-STEP	0
DataExchange	TKDESTEP	StepKinematics	StepKinematics_KinematicTopologyDirectedStructure	class	0	collapse	C-STEP	0
DataExchange	TKDESTEP	StepKinematics	StepKinematics_KinematicTopologyNetworkStructure	class	0	collapse	C-STEP	0
DataExchange	TKDESTEP	StepKinematics	StepKinematics_KinematicTopologyRepresentationSelect	class	0	collapse	C-STEP	0
DataExchange	TKDESTEP	StepKinematics	StepKinematics_KinematicTopologyStructure	class	0	collapse	C-STEP	0
DataExchange	TKDESTEP	StepKinematics	StepKinematics_LinearFlexibleAndPinionPair	class	0	collapse	C-STEP	0
DataExchange	TKDESTEP	StepKinematics	StepKinematics_LinearFlexibleAndPlanarCurvePair	class	0	collapse	C-STEP	0
DataExchange	TKDESTEP	StepKinematics	StepKinematics_LinearFlexibleLinkRepresentation	class	0	collapse	C-STEP	0
DataExchange	TKDESTEP	StepKinematics	StepKinematics_LowOrderKinematicPair	class	0	collapse	C-STEP	0
DataExchange	TKDESTEP	StepKinematics	StepKinematics_LowOrderKinematicPairValue	class	0	collapse	C-STEP	0
DataExchange	TKDESTEP	StepKinematics	StepKinematics_LowOrderKinematicPairWithMotionCoupling	class	0	collapse	C-STEP	0
DataExchange	TKDESTEP	StepKinematics	StepKinematics_LowOrderKinematicPairWithRange	class	0	collapse	C-STEP	0
DataExchange	TKDESTEP	StepKinematics	StepKinematics_MechanismRepresentation	class	0	collapse	C-STEP	0
DataExchange	TKDESTEP	StepKinematics	StepKinematics_MechanismStateRepresentation	class	0	collapse	C-STEP	0
DataExchange	TKDESTEP	StepKinematics	StepKinematics_OrientedJoint	class	0	collapse	C-STEP	0
DataExchange	TKDESTEP	StepKinematics	StepKinematics_PairRepresentationRelationship	class	0	collapse	C-STEP	0
DataExchange	TKDESTEP	StepKinematics	StepKinematics_PairValue	class	0	collapse	C-STEP	0
DataExchange	TKDESTEP	StepKinematics	StepKinematics_PlanarCurvePair	class	0	collapse	C-STEP	0
DataExchange	TKDESTEP	StepKinematics	StepKinematics_PlanarCurvePairRange	class	0	collapse	C-STEP	0
DataExchange	TKDESTEP	StepKinematics	StepKinematics_PlanarPair	class	0	collapse	C-STEP	0
DataExchange	TKDESTEP	StepKinematics	StepKinematics_PlanarPairValue	class	0	collapse	C-STEP	0
DataExchange	TKDESTEP	StepKinematics	StepKinematics_PlanarPairWithRange	class	0	collapse	C-STEP	0
DataExchange	TKDESTEP	StepKinematics	StepKinematics_PointOnPlanarCurvePair	class	0	collapse	C-STEP	0
DataExchange	TKDESTEP	StepKinematics	StepKinematics_PointOnPlanarCurvePairValue	class	0	collapse	C-STEP	0
DataExchange	TKDESTEP	StepKinematics	StepKinematics_PointOnPlanarCurvePairWithRange	class	0	collapse	C-STEP	0
DataExchange	TKDESTEP	StepKinematics	StepKinematics_PointOnSurfacePair	class	0	collapse	C-STEP	0
DataExchange	TKDESTEP	StepKinematics	StepKinematics_PointOnSurfacePairValue	class	0	collapse	C-STEP	0
DataExchange	TKDESTEP	StepKinematics	StepKinematics_PointOnSurfacePairWithRange	class	0	collapse	C-STEP	0
DataExchange	TKDESTEP	StepKinematics	StepKinematics_PrismaticPair	class	0	collapse	C-STEP	0
DataExchange	TKDESTEP	StepKinematics	StepKinematics_PrismaticPairValue	class	0	collapse	C-STEP	0
DataExchange	TKDESTEP	StepKinematics	StepKinematics_PrismaticPairWithRange	class	0	collapse	C-STEP	0
DataExchange	TKDESTEP	StepKinematics	StepKinematics_ProductDefinitionKinematics	class	0	collapse	C-STEP	0
DataExchange	TKDESTEP	StepKinematics	StepKinematics_ProductDefinitionRelationshipKinematics	class	0	collapse	C-STEP	0
DataExchange	TKDESTEP	StepKinematics	StepKinematics_RackAndPinionPair	class	0	collapse	C-STEP	0
DataExchange	TKDESTEP	StepKinematics	StepKinematics_RackAndPinionPairValue	class	0	collapse	C-STEP	0
DataExchange	TKDESTEP	StepKinematics	StepKinematics_RackAndPinionPairWithRange	class	0	collapse	C-STEP	0
DataExchange	TKDESTEP	StepKinematics	StepKinematics_RevolutePair	class	0	collapse	C-STEP	0
DataExchange	TKDESTEP	StepKinematics	StepKinematics_RevolutePairValue	class	0	collapse	C-STEP	0
DataExchange	TKDESTEP	StepKinematics	StepKinematics_RevolutePairWithRange	class	0	collapse	C-STEP	0
DataExchange	TKDESTEP	StepKinematics	StepKinematics_RigidLinkRepresentation	class	0	collapse	C-STEP	0
DataExchange	TKDESTEP	StepKinematics	StepKinematics_RigidPlacement	class	0	collapse	C-STEP	0
DataExchange	TKDESTEP	StepKinematics	StepKinematics_RollingCurvePair	class	0	collapse	C-STEP	0
DataExchange	TKDESTEP	StepKinematics	StepKinematics_RollingCurvePairValue	class	0	collapse	C-STEP	0
DataExchange	TKDESTEP	StepKinematics	StepKinematics_RollingSurfacePair	class	0	collapse	C-STEP	0
DataExchange	TKDESTEP	StepKinematics	StepKinematics_RollingSurfacePairValue	class	0	collapse	C-STEP	0
DataExchange	TKDESTEP	StepKinematics	StepKinematics_RotationAboutDirection	class	0	collapse	C-STEP	0
DataExchange	TKDESTEP	StepKinematics	StepKinematics_ScrewPair	class	0	collapse	C-STEP	0
DataExchange	TKDESTEP	StepKinematics	StepKinematics_ScrewPairValue	class	0	collapse	C-STEP	0
DataExchange	TKDESTEP	StepKinematics	StepKinematics_ScrewPairWithRange	class	0	collapse	C-STEP	0
DataExchange	TKDESTEP	StepKinematics	StepKinematics_SlidingCurvePair	class	0	collapse	C-STEP	0
DataExchange	TKDESTEP	StepKinematics	StepKinematics_SlidingCurvePairValue	class	0	collapse	C-STEP	0
DataExchange	TKDESTEP	StepKinematics	StepKinematics_SlidingSurfacePair	class	0	collapse	C-STEP	0
DataExchange	TKDESTEP	StepKinematics	StepKinematics_SlidingSurfacePairValue	class	0	collapse	C-STEP	0
DataExchange	TKDESTEP	StepKinematics	StepKinematics_SpatialRotation	class	0	collapse	C-STEP	0
DataExchange	TKDESTEP	StepKinematics	StepKinematics_SphericalPair	class	0	collapse	C-STEP	0
DataExchange	TKDESTEP	StepKinematics	StepKinematics_SphericalPairSelect	class	0	collapse	C-STEP	0
DataExchange	TKDESTEP	StepKinematics	StepKinematics_SphericalPairValue	class	0	collapse	C-STEP	0
DataExchange	TKDESTEP	StepKinematics	StepKinematics_SphericalPairWithPin	class	0	collapse	C-STEP	0
DataExchange	TKDESTEP	StepKinematics	StepKinematics_SphericalPairWithPinAndRange	class	0	collapse	C-STEP	0
DataExchange	TKDESTEP	StepKinematics	StepKinematics_SphericalPairWithRange	class	0	collapse	C-STEP	0
DataExchange	TKDESTEP	StepKinematics	StepKinematics_SurfacePair	class	0	collapse	C-STEP	0
DataExchange	TKDESTEP	StepKinematics	StepKinematics_SurfacePairWithRange	class	0	collapse	C-STEP	0
DataExchange	TKDESTEP	StepKinematics	StepKinematics_UnconstrainedPair	class	0	collapse	C-STEP	0
DataExchange	TKDESTEP	StepKinematics	StepKinematics_UnconstrainedPairValue	class	0	collapse	C-STEP	0
DataExchange	TKDESTEP	StepKinematics	StepKinematics_UniversalPair	class	0	collapse	C-STEP	0
DataExchange	TKDESTEP	StepKinematics	StepKinematics_UniversalPairValue	class	0	collapse	C-STEP	0
DataExchange	TKDESTEP	StepKinematics	StepKinematics_UniversalPairWithRange	class	0	collapse	C-STEP	0
DataExchange	TKDESTEP	StepRepr	StepRepr_AllAroundShapeAspect	class	0	collapse	C-STEP	0
DataExchange	TKDESTEP	StepRepr	StepRepr_Apex	class	0	collapse	C-STEP	0
DataExchange	TKDESTEP	StepRepr	StepRepr_Array1OfMaterialPropertyRepresentation	alias	0	collapse	C-STEP	0
DataExchange	TKDESTEP	StepRepr	StepRepr_Array1OfPropertyDefinitionRepresentation	alias	0	collapse	C-STEP	0
DataExchange	TKDESTEP	StepRepr	StepRepr_Array1OfRepresentationItem	alias	0	collapse	C-STEP	0
DataExchange	TKDESTEP	StepRepr	StepRepr_Array1OfShapeAspect	alias	0	collapse	C-STEP	0
DataExchange	TKDESTEP	StepRepr	StepRepr_AssemblyComponentUsage	class	0	collapse	C-STEP	1
DataExchange	TKDESTEP	StepRepr	StepRepr_AssemblyComponentUsageSubstitute	class	0	collapse	C-STEP	0
DataExchange	TKDESTEP	StepRepr	StepRepr_BetweenShapeAspect	class	0	collapse	C-STEP	0
DataExchange	TKDESTEP	StepRepr	StepRepr_CentreOfSymmetry	class	0	collapse	C-STEP	0
DataExchange	TKDESTEP	StepRepr	StepRepr_CharacterizedDefinition	class	0	collapse	C-STEP	1
DataExchange	TKDESTEP	StepRepr	StepRepr_CharacterizedRepresentation	class	0	collapse	C-STEP	0
DataExchange	TKDESTEP	StepRepr	StepRepr_CompGroupShAspAndCompShAspAndDatumFeatAndShAsp	class	0	collapse	C-STEP	0
DataExchange	TKDESTEP	StepRepr	StepRepr_CompShAspAndDatumFeatAndShAsp	class	0	collapse	C-STEP	0
DataExchange	TKDESTEP	StepRepr	StepRepr_CompositeGroupShapeAspect	class	0	collapse	C-STEP	0
DataExchange	TKDESTEP	StepRepr	StepRepr_CompositeShapeAspect	class	0	collapse	C-STEP	0
DataExchange	TKDESTEP	StepRepr	StepRepr_CompoundRepresentationItem	class	0	collapse	C-STEP	0
DataExchange	TKDESTEP	StepRepr	StepRepr_ConfigurationDesign	class	0	collapse	C-STEP	0
DataExchange	TKDESTEP	StepRepr	StepRepr_ConfigurationDesignItem	class	0	collapse	C-STEP	0
DataExchange	TKDESTEP	StepRepr	StepRepr_ConfigurationEffectivity	class	0	collapse	C-STEP	0
DataExchange	TKDESTEP	StepRepr	StepRepr_ConfigurationItem	class	0	collapse	C-STEP	0
DataExchange	TKDESTEP	StepRepr	StepRepr_ConstructiveGeometryRepresentation	class	0	collapse	C-STEP	0
DataExchange	TKDESTEP	StepRepr	StepRepr_ConstructiveGeometryRepresentationRelationship	class	0	collapse	C-STEP	0
DataExchange	TKDESTEP	StepRepr	StepRepr_ContinuosShapeAspect	class	0	collapse	C-STEP	0
DataExchange	TKDESTEP	StepRepr	StepRepr_DataEnvironment	class	0	collapse	C-STEP	0
DataExchange	TKDESTEP	StepRepr	StepRepr_DefinitionalRepresentation	class	0	collapse	C-STEP	0
DataExchange	TKDESTEP	StepRepr	StepRepr_DerivedShapeAspect	class	0	collapse	C-STEP	0
DataExchange	TKDESTEP	StepRepr	StepRepr_DescriptiveRepresentationItem	class	0	collapse	C-STEP	0
DataExchange	TKDESTEP	StepRepr	StepRepr_Extension	class	0	collapse	C-STEP	0
DataExchange	TKDESTEP	StepRepr	StepRepr_ExternallyDefinedRepresentation	class	0	collapse	C-STEP	0
DataExchange	TKDESTEP	StepRepr	StepRepr_FeatureForDatumTargetRelationship	class	0	collapse	C-STEP	0
DataExchange	TKDESTEP	StepRepr	StepRepr_FunctionallyDefinedTransformation	class	0	collapse	C-STEP	0
DataExchange	TKDESTEP	StepRepr	StepRepr_GeometricAlignment	class	0	collapse	C-STEP	0
DataExchange	TKDESTEP	StepRepr	StepRepr_GlobalUncertaintyAssignedContext	class	0	collapse	C-STEP	0
DataExchange	TKDESTEP	StepRepr	StepRepr_GlobalUnitAssignedContext	class	0	collapse	C-STEP	0
DataExchange	TKDESTEP	StepRepr	StepRepr_HArray1OfMaterialPropertyRepresentation	other	0	collapse	C-STEP	0
DataExchange	TKDESTEP	StepRepr	StepRepr_HArray1OfPropertyDefinitionRepresentation	other	0	collapse	C-STEP	0
DataExchange	TKDESTEP	StepRepr	StepRepr_HArray1OfRepresentationItem	other	0	collapse	C-STEP	0
DataExchange	TKDESTEP	StepRepr	StepRepr_HArray1OfShapeAspect	other	0	collapse	C-STEP	0
DataExchange	TKDESTEP	StepRepr	StepRepr_HSequenceOfMaterialPropertyRepresentation	other	0	collapse	C-STEP	0
DataExchange	TKDESTEP	StepRepr	StepRepr_HSequenceOfRepresentationItem	other	0	collapse	C-STEP	0
DataExchange	TKDESTEP	StepRepr	StepRepr_IntegerRepresentationItem	class	0	collapse	C-STEP	0
DataExchange	TKDESTEP	StepRepr	StepRepr_ItemDefinedTransformation	class	0	collapse	C-STEP	0
DataExchange	TKDESTEP	StepRepr	StepRepr_MakeFromUsageOption	class	0	collapse	C-STEP	0
DataExchange	TKDESTEP	StepRepr	StepRepr_MappedItem	class	0	collapse	C-STEP	0
DataExchange	TKDESTEP	StepRepr	StepRepr_MaterialDesignation	class	0	collapse	C-STEP	0
DataExchange	TKDESTEP	StepRepr	StepRepr_MaterialProperty	class	0	collapse	C-STEP	0
DataExchange	TKDESTEP	StepRepr	StepRepr_MaterialPropertyRepresentation	class	0	collapse	C-STEP	0
DataExchange	TKDESTEP	StepRepr	StepRepr_MeasureRepresentationItem	class	0	collapse	C-STEP	0
DataExchange	TKDESTEP	StepRepr	StepRepr_NextAssemblyUsageOccurrence	class	0	collapse	C-STEP	0
DataExchange	TKDESTEP	StepRepr	StepRepr_ParallelOffset	class	0	collapse	C-STEP	0
DataExchange	TKDESTEP	StepRepr	StepRepr_ParametricRepresentationContext	class	0	collapse	C-STEP	0
DataExchange	TKDESTEP	StepRepr	StepRepr_PerpendicularTo	class	0	collapse	C-STEP	0
DataExchange	TKDESTEP	StepRepr	StepRepr_ProductConcept	class	0	collapse	C-STEP	0
DataExchange	TKDESTEP	StepRepr	StepRepr_ProductDefinitionShape	class	0	collapse	C-STEP	1
DataExchange	TKDESTEP	StepRepr	StepRepr_ProductDefinitionUsage	class	0	collapse	C-STEP	0
DataExchange	TKDESTEP	StepRepr	StepRepr_PromissoryUsageOccurrence	class	0	collapse	C-STEP	0
DataExchange	TKDESTEP	StepRepr	StepRepr_PropertyDefinition	class	0	collapse	C-STEP	0
DataExchange	TKDESTEP	StepRepr	StepRepr_PropertyDefinitionRelationship	class	0	collapse	C-STEP	0
DataExchange	TKDESTEP	StepRepr	StepRepr_PropertyDefinitionRepresentation	class	0	collapse	C-STEP	0
DataExchange	TKDESTEP	StepRepr	StepRepr_QuantifiedAssemblyComponentUsage	class	0	collapse	C-STEP	0
DataExchange	TKDESTEP	StepRepr	StepRepr_ReprItemAndLengthMeasureWithUnit	class	0	collapse	C-STEP	0
DataExchange	TKDESTEP	StepRepr	StepRepr_ReprItemAndLengthMeasureWithUnitAndQRI	class	0	collapse	C-STEP	0
DataExchange	TKDESTEP	StepRepr	StepRepr_ReprItemAndMeasureWithUnit	class	0	collapse	C-STEP	0
DataExchange	TKDESTEP	StepRepr	StepRepr_ReprItemAndMeasureWithUnitAndQRI	class	0	collapse	C-STEP	0
DataExchange	TKDESTEP	StepRepr	StepRepr_ReprItemAndPlaneAngleMeasureWithUnit	class	0	collapse	C-STEP	0
DataExchange	TKDESTEP	StepRepr	StepRepr_ReprItemAndPlaneAngleMeasureWithUnitAndQRI	class	0	collapse	C-STEP	0
DataExchange	TKDESTEP	StepRepr	StepRepr_Representation	class	0	collapse	C-STEP	0
DataExchange	TKDESTEP	StepRepr	StepRepr_RepresentationContext	class	0	collapse	C-STEP	0
DataExchange	TKDESTEP	StepRepr	StepRepr_RepresentationContextReference	class	0	collapse	C-STEP	0
DataExchange	TKDESTEP	StepRepr	StepRepr_RepresentationItem	class	0	collapse	C-STEP	0
DataExchange	TKDESTEP	StepRepr	StepRepr_RepresentationMap	class	0	collapse	C-STEP	0
DataExchange	TKDESTEP	StepRepr	StepRepr_RepresentationOrRepresentationReference	class	0	collapse	C-STEP	0
DataExchange	TKDESTEP	StepRepr	StepRepr_RepresentationReference	class	0	collapse	C-STEP	0
DataExchange	TKDESTEP	StepRepr	StepRepr_RepresentationRelationship	class	0	collapse	C-STEP	0
DataExchange	TKDESTEP	StepRepr	StepRepr_RepresentationRelationshipWithTransformation	class	0	collapse	C-STEP	0
DataExchange	TKDESTEP	StepRepr	StepRepr_RepresentedDefinition	class	0	collapse	C-STEP	1
DataExchange	TKDESTEP	StepRepr	StepRepr_SequenceOfMaterialPropertyRepresentation	alias	0	collapse	C-STEP	0
DataExchange	TKDESTEP	StepRepr	StepRepr_SequenceOfRepresentationItem	alias	0	collapse	C-STEP	0
DataExchange	TKDESTEP	StepRepr	StepRepr_ShapeAspect	class	0	collapse	C-STEP	0
DataExchange	TKDESTEP	StepRepr	StepRepr_ShapeAspectDerivingRelationship	class	0	collapse	C-STEP	0
DataExchange	TKDESTEP	StepRepr	StepRepr_ShapeAspectRelationship	class	0	collapse	C-STEP	0
DataExchange	TKDESTEP	StepRepr	StepRepr_ShapeAspectTransition	class	0	collapse	C-STEP	0
DataExchange	TKDESTEP	StepRepr	StepRepr_ShapeDefinition	class	0	collapse	C-STEP	0
DataExchange	TKDESTEP	StepRepr	StepRepr_ShapeRepresentationRelationship	class	0	collapse	C-STEP	0
DataExchange	TKDESTEP	StepRepr	StepRepr_ShapeRepresentationRelationshipWithTransformation	class	0	collapse	C-STEP	0
DataExchange	TKDESTEP	StepRepr	StepRepr_SpecifiedHigherUsageOccurrence	class	0	collapse	C-STEP	1
DataExchange	TKDESTEP	StepRepr	StepRepr_StructuralResponseProperty	class	0	collapse	C-STEP	0
DataExchange	TKDESTEP	StepRepr	StepRepr_StructuralResponsePropertyDefinitionRepresentation	class	0	collapse	C-STEP	0
DataExchange	TKDESTEP	StepRepr	StepRepr_SuppliedPartRelationship	class	0	collapse	C-STEP	0
DataExchange	TKDESTEP	StepRepr	StepRepr_Tangent	class	0	collapse	C-STEP	0
DataExchange	TKDESTEP	StepRepr	StepRepr_Transformation	class	0	collapse	C-STEP	0
DataExchange	TKDESTEP	StepRepr	StepRepr_ValueRange	class	0	collapse	C-STEP	0
DataExchange	TKDESTEP	StepRepr	StepRepr_ValueRepresentationItem	class	0	collapse	C-STEP	0
DataExchange	TKDESTEP	StepSelect	StepSelect_Activator	class	0	keep		0
DataExchange	TKDESTEP	StepSelect	StepSelect_FileModifier	class	0	keep		0
DataExchange	TKDESTEP	StepSelect	StepSelect_FloatFormat	class	0	keep		0
DataExchange	TKDESTEP	StepSelect	StepSelect_ModelModifier	class	0	keep		0
DataExchange	TKDESTEP	StepSelect	StepSelect_StepType	class	0	keep		0
DataExchange	TKDESTEP	StepSelect	StepSelect_WorkLibrary	class	0	keep		0
DataExchange	TKDESTEP	StepShape	StepShape_AdvancedBrepShapeRepresentation	class	0	collapse	C-STEP	0
DataExchange	TKDESTEP	StepShape	StepShape_AdvancedFace	class	0	collapse	C-STEP	0
DataExchange	TKDESTEP	StepShape	StepShape_AngleRelator	enum	0	collapse	C-STEP	0
DataExchange	TKDESTEP	StepShape	StepShape_AngularLocation	class	0	collapse	C-STEP	0
DataExchange	TKDESTEP	StepShape	StepShape_AngularSize	class	0	collapse	C-STEP	0
DataExchange	TKDESTEP	StepShape	StepShape_Array1OfConnectedEdgeSet	alias	0	collapse	C-STEP	0
DataExchange	TKDESTEP	StepShape	StepShape_Array1OfConnectedFaceSet	alias	0	collapse	C-STEP	0
DataExchange	TKDESTEP	StepShape	StepShape_Array1OfEdge	alias	0	collapse	C-STEP	0
DataExchange	TKDESTEP	StepShape	StepShape_Array1OfFace	alias	0	collapse	C-STEP	0
DataExchange	TKDESTEP	StepShape	StepShape_Array1OfFaceBound	alias	0	collapse	C-STEP	0
DataExchange	TKDESTEP	StepShape	StepShape_Array1OfGeometricSetSelect	alias	0	collapse	C-STEP	0
DataExchange	TKDESTEP	StepShape	StepShape_Array1OfOrientedClosedShell	alias	0	collapse	C-STEP	0
DataExchange	TKDESTEP	StepShape	StepShape_Array1OfOrientedEdge	alias	0	collapse	C-STEP	0
DataExchange	TKDESTEP	StepShape	StepShape_Array1OfShapeDimensionRepresentationItem	alias	0	collapse	C-STEP	0
DataExchange	TKDESTEP	StepShape	StepShape_Array1OfShell	alias	0	collapse	C-STEP	0
DataExchange	TKDESTEP	StepShape	StepShape_Array1OfValueQualifier	alias	0	collapse	C-STEP	0
DataExchange	TKDESTEP	StepShape	StepShape_Block	class	0	collapse	C-STEP	0
DataExchange	TKDESTEP	StepShape	StepShape_BooleanOperand	class	0	collapse	C-STEP	0
DataExchange	TKDESTEP	StepShape	StepShape_BooleanOperator	enum	0	collapse	C-STEP	0
DataExchange	TKDESTEP	StepShape	StepShape_BooleanResult	class	0	collapse	C-STEP	0
DataExchange	TKDESTEP	StepShape	StepShape_BoxDomain	class	0	collapse	C-STEP	0
DataExchange	TKDESTEP	StepShape	StepShape_BoxedHalfSpace	class	0	collapse	C-STEP	0
DataExchange	TKDESTEP	StepShape	StepShape_BrepWithVoids	class	0	collapse	C-STEP	0
DataExchange	TKDESTEP	StepShape	StepShape_ClosedShell	class	0	collapse	C-STEP	0
DataExchange	TKDESTEP	StepShape	StepShape_CompoundShapeRepresentation	class	0	collapse	C-STEP	0
DataExchange	TKDESTEP	StepShape	StepShape_ConnectedEdgeSet	class	0	collapse	C-STEP	0
DataExchange	TKDESTEP	StepShape	StepShape_ConnectedFaceSet	class	0	collapse	C-STEP	0
DataExchange	TKDESTEP	StepShape	StepShape_ConnectedFaceShapeRepresentation	class	0	collapse	C-STEP	0
DataExchange	TKDESTEP	StepShape	StepShape_ConnectedFaceSubSet	class	0	collapse	C-STEP	0
DataExchange	TKDESTEP	StepShape	StepShape_ContextDependentShapeRepresentation	class	0	collapse	C-STEP	0
DataExchange	TKDESTEP	StepShape	StepShape_CsgPrimitive	class	0	collapse	C-STEP	0
DataExchange	TKDESTEP	StepShape	StepShape_CsgSelect	class	0	collapse	C-STEP	0
DataExchange	TKDESTEP	StepShape	StepShape_CsgShapeRepresentation	class	0	collapse	C-STEP	0
DataExchange	TKDESTEP	StepShape	StepShape_CsgSolid	class	0	collapse	C-STEP	0
DataExchange	TKDESTEP	StepShape	StepShape_DefinitionalRepresentationAndShapeRepresentation	class	0	collapse	C-STEP	0
DataExchange	TKDESTEP	StepShape	StepShape_DimensionalCharacteristic	class	0	collapse	C-STEP	0
DataExchange	TKDESTEP	StepShape	StepShape_DimensionalCharacteristicRepresentation	class	0	collapse	C-STEP	0
DataExchange	TKDESTEP	StepShape	StepShape_DimensionalLocation	class	0	collapse	C-STEP	0
DataExchange	TKDESTEP	StepShape	StepShape_DimensionalLocationWithPath	class	0	collapse	C-STEP	0
DataExchange	TKDESTEP	StepShape	StepShape_DimensionalSize	class	0	collapse	C-STEP	0
DataExchange	TKDESTEP	StepShape	StepShape_DimensionalSizeWithPath	class	0	collapse	C-STEP	0
DataExchange	TKDESTEP	StepShape	StepShape_DirectedDimensionalLocation	class	0	collapse	C-STEP	0
DataExchange	TKDESTEP	StepShape	StepShape_Edge	class	0	collapse	C-STEP	0
DataExchange	TKDESTEP	StepShape	StepShape_EdgeBasedWireframeModel	class	0	collapse	C-STEP	0
DataExchange	TKDESTEP	StepShape	StepShape_EdgeBasedWireframeShapeRepresentation	class	0	collapse	C-STEP	0
DataExchange	TKDESTEP	StepShape	StepShape_EdgeCurve	class	0	collapse	C-STEP	0
DataExchange	TKDESTEP	StepShape	StepShape_EdgeLoop	class	0	collapse	C-STEP	0
DataExchange	TKDESTEP	StepShape	StepShape_ExtrudedAreaSolid	class	0	collapse	C-STEP	0
DataExchange	TKDESTEP	StepShape	StepShape_ExtrudedFaceSolid	class	0	collapse	C-STEP	0
DataExchange	TKDESTEP	StepShape	StepShape_Face	class	0	collapse	C-STEP	0
DataExchange	TKDESTEP	StepShape	StepShape_FaceBasedSurfaceModel	class	0	collapse	C-STEP	0
DataExchange	TKDESTEP	StepShape	StepShape_FaceBound	class	0	collapse	C-STEP	0
DataExchange	TKDESTEP	StepShape	StepShape_FaceOuterBound	class	0	collapse	C-STEP	0
DataExchange	TKDESTEP	StepShape	StepShape_FaceSurface	class	0	collapse	C-STEP	0
DataExchange	TKDESTEP	StepShape	StepShape_FacetedBrep	class	0	collapse	C-STEP	0
DataExchange	TKDESTEP	StepShape	StepShape_FacetedBrepAndBrepWithVoids	class	0	collapse	C-STEP	0
DataExchange	TKDESTEP	StepShape	StepShape_FacetedBrepShapeRepresentation	class	0	collapse	C-STEP	0
DataExchange	TKDESTEP	StepShape	StepShape_GeometricCurveSet	class	0	collapse	C-STEP	0
DataExchange	TKDESTEP	StepShape	StepShape_GeometricSet	class	0	collapse	C-STEP	0
DataExchange	TKDESTEP	StepShape	StepShape_GeometricSetSelect	class	0	collapse	C-STEP	0
DataExchange	TKDESTEP	StepShape	StepShape_GeometricallyBoundedSurfaceShapeRepresentation	class	0	collapse	C-STEP	0
DataExchange	TKDESTEP	StepShape	StepShape_GeometricallyBoundedWireframeShapeRepresentation	class	0	collapse	C-STEP	0
DataExchange	TKDESTEP	StepShape	StepShape_HArray1OfConnectedEdgeSet	other	0	collapse	C-STEP	0
DataExchange	TKDESTEP	StepShape	StepShape_HArray1OfConnectedFaceSet	other	0	collapse	C-STEP	0
DataExchange	TKDESTEP	StepShape	StepShape_HArray1OfEdge	other	0	collapse	C-STEP	0
DataExchange	TKDESTEP	StepShape	StepShape_HArray1OfFace	other	0	collapse	C-STEP	0
DataExchange	TKDESTEP	StepShape	StepShape_HArray1OfFaceBound	other	0	collapse	C-STEP	0
DataExchange	TKDESTEP	StepShape	StepShape_HArray1OfGeometricSetSelect	other	0	collapse	C-STEP	0
DataExchange	TKDESTEP	StepShape	StepShape_HArray1OfOrientedClosedShell	other	0	collapse	C-STEP	0
DataExchange	TKDESTEP	StepShape	StepShape_HArray1OfOrientedEdge	other	0	collapse	C-STEP	0
DataExchange	TKDESTEP	StepShape	StepShape_HArray1OfShapeDimensionRepresentationItem	other	0	collapse	C-STEP	0
DataExchange	TKDESTEP	StepShape	StepShape_HArray1OfShell	other	0	collapse	C-STEP	0
DataExchange	TKDESTEP	StepShape	StepShape_HArray1OfValueQualifier	other	0	collapse	C-STEP	0
DataExchange	TKDESTEP	StepShape	StepShape_HalfSpaceSolid	class	0	collapse	C-STEP	0
DataExchange	TKDESTEP	StepShape	StepShape_LimitsAndFits	class	0	collapse	C-STEP	0
DataExchange	TKDESTEP	StepShape	StepShape_Loop	class	0	collapse	C-STEP	0
DataExchange	TKDESTEP	StepShape	StepShape_LoopAndPath	class	0	collapse	C-STEP	0
DataExchange	TKDESTEP	StepShape	StepShape_ManifoldSolidBrep	class	0	collapse	C-STEP	0
DataExchange	TKDESTEP	StepShape	StepShape_ManifoldSurfaceShapeRepresentation	class	0	collapse	C-STEP	0
DataExchange	TKDESTEP	StepShape	StepShape_MeasureQualification	class	0	collapse	C-STEP	0
DataExchange	TKDESTEP	StepShape	StepShape_MeasureRepresentationItemAndQualifiedRepresentationItem	class	0	collapse	C-STEP	0
DataExchange	TKDESTEP	StepShape	StepShape_NonManifoldSurfaceShapeRepresentation	class	0	collapse	C-STEP	0
DataExchange	TKDESTEP	StepShape	StepShape_OpenShell	class	0	collapse	C-STEP	0
DataExchange	TKDESTEP	StepShape	StepShape_OrientedClosedShell	class	0	collapse	C-STEP	0
DataExchange	TKDESTEP	StepShape	StepShape_OrientedEdge	class	0	collapse	C-STEP	0
DataExchange	TKDESTEP	StepShape	StepShape_OrientedFace	class	0	collapse	C-STEP	0
DataExchange	TKDESTEP	StepShape	StepShape_OrientedOpenShell	class	0	collapse	C-STEP	0
DataExchange	TKDESTEP	StepShape	StepShape_OrientedPath	class	0	collapse	C-STEP	0
DataExchange	TKDESTEP	StepShape	StepShape_Path	class	0	collapse	C-STEP	0
DataExchange	TKDESTEP	StepShape	StepShape_PlusMinusTolerance	class	0	collapse	C-STEP	0
DataExchange	TKDESTEP	StepShape	StepShape_PointRepresentation	class	0	collapse	C-STEP	0
DataExchange	TKDESTEP	StepShape	StepShape_PolyLoop	class	0	collapse	C-STEP	0
DataExchange	TKDESTEP	StepShape	StepShape_PrecisionQualifier	class	0	collapse	C-STEP	0
DataExchange	TKDESTEP	StepShape	StepShape_QualifiedRepresentationItem	class	0	collapse	C-STEP	0
DataExchange	TKDESTEP	StepShape	StepShape_ReversibleTopologyItem	class	0	collapse	C-STEP	0
DataExchange	TKDESTEP	StepShape	StepShape_RevolvedAreaSolid	class	0	collapse	C-STEP	0
DataExchange	TKDESTEP	StepShape	StepShape_RevolvedFaceSolid	class	0	collapse	C-STEP	0
DataExchange	TKDESTEP	StepShape	StepShape_RightAngularWedge	class	0	collapse	C-STEP	0
DataExchange	TKDESTEP	StepShape	StepShape_RightCircularCone	class	0	collapse	C-STEP	0
DataExchange	TKDESTEP	StepShape	StepShape_RightCircularCylinder	class	0	collapse	C-STEP	0
DataExchange	TKDESTEP	StepShape	StepShape_SeamEdge	class	0	collapse	C-STEP	0
DataExchange	TKDESTEP	StepShape	StepShape_ShapeDefinitionRepresentation	class	0	collapse	C-STEP	1
DataExchange	TKDESTEP	StepShape	StepShape_ShapeDimensionRepresentation	class	0	collapse	C-STEP	0
DataExchange	TKDESTEP	StepShape	StepShape_ShapeDimensionRepresentationItem	class	0	collapse	C-STEP	0
DataExchange	TKDESTEP	StepShape	StepShape_ShapeRepresentation	class	0	collapse	C-STEP	1
DataExchange	TKDESTEP	StepShape	StepShape_ShapeRepresentationWithParameters	class	0	collapse	C-STEP	0
DataExchange	TKDESTEP	StepShape	StepShape_Shell	class	0	collapse	C-STEP	0
DataExchange	TKDESTEP	StepShape	StepShape_ShellBasedSurfaceModel	class	0	collapse	C-STEP	0
DataExchange	TKDESTEP	StepShape	StepShape_SolidModel	class	0	collapse	C-STEP	0
DataExchange	TKDESTEP	StepShape	StepShape_SolidReplica	class	0	collapse	C-STEP	0
DataExchange	TKDESTEP	StepShape	StepShape_Sphere	class	0	collapse	C-STEP	0
DataExchange	TKDESTEP	StepShape	StepShape_Subedge	class	0	collapse	C-STEP	0
DataExchange	TKDESTEP	StepShape	StepShape_Subface	class	0	collapse	C-STEP	0
DataExchange	TKDESTEP	StepShape	StepShape_SurfaceModel	class	0	collapse	C-STEP	0
DataExchange	TKDESTEP	StepShape	StepShape_SweptAreaSolid	class	0	collapse	C-STEP	0
DataExchange	TKDESTEP	StepShape	StepShape_SweptFaceSolid	class	0	collapse	C-STEP	0
DataExchange	TKDESTEP	StepShape	StepShape_ToleranceMethodDefinition	class	0	collapse	C-STEP	0
DataExchange	TKDESTEP	StepShape	StepShape_ToleranceValue	class	0	collapse	C-STEP	0
DataExchange	TKDESTEP	StepShape	StepShape_TopologicalRepresentationItem	class	0	collapse	C-STEP	0
DataExchange	TKDESTEP	StepShape	StepShape_Torus	class	0	collapse	C-STEP	0
DataExchange	TKDESTEP	StepShape	StepShape_TransitionalShapeRepresentation	class	0	collapse	C-STEP	0
DataExchange	TKDESTEP	StepShape	StepShape_TypeQualifier	class	0	collapse	C-STEP	0
DataExchange	TKDESTEP	StepShape	StepShape_ValueFormatTypeQualifier	class	0	collapse	C-STEP	0
DataExchange	TKDESTEP	StepShape	StepShape_ValueQualifier	class	0	collapse	C-STEP	0
DataExchange	TKDESTEP	StepShape	StepShape_Vertex	class	0	collapse	C-STEP	0
DataExchange	TKDESTEP	StepShape	StepShape_VertexLoop	class	0	collapse	C-STEP	0
DataExchange	TKDESTEP	StepShape	StepShape_VertexPoint	class	0	collapse	C-STEP	0
DataExchange	TKDESTEP	StepToGeom	StepToGeom	class	0	keep		0
DataExchange	TKDESTEP	StepToTopoDS	StepToTopoDS	class	0	keep		0
DataExchange	TKDESTEP	StepToTopoDS	StepToTopoDS_Builder	class	0	keep		0
DataExchange	TKDESTEP	StepToTopoDS	StepToTopoDS_BuilderError	enum	0	keep		0
DataExchange	TKDESTEP	StepToTopoDS	StepToTopoDS_DataMapIteratorOfDataMapOfRI	other	0	drop	R1	0
DataExchange	TKDESTEP	StepToTopoDS	StepToTopoDS_DataMapIteratorOfDataMapOfRINames	other	0	drop	R1	0
DataExchange	TKDESTEP	StepToTopoDS	StepToTopoDS_DataMapIteratorOfDataMapOfTRI	other	0	drop	R1	0
DataExchange	TKDESTEP	StepToTopoDS	StepToTopoDS_DataMapIteratorOfPointEdgeMap	other	0	drop	R1	0
DataExchange	TKDESTEP	StepToTopoDS	StepToTopoDS_DataMapIteratorOfPointVertexMap	other	0	drop	R1	0
DataExchange	TKDESTEP	StepToTopoDS	StepToTopoDS_DataMapOfRI	alias	0	drop	R1	0
DataExchange	TKDESTEP	StepToTopoDS	StepToTopoDS_DataMapOfRINames	alias	0	drop	R1	0
DataExchange	TKDESTEP	StepToTopoDS	StepToTopoDS_DataMapOfTRI	alias	0	drop	R1	0
DataExchange	TKDESTEP	StepToTopoDS	StepToTopoDS_GeometricTool	class	0	keep		0
DataExchange	TKDESTEP	StepToTopoDS	StepToTopoDS_GeometricToolError	enum	0	keep		0
DataExchange	TKDESTEP	StepToTopoDS	StepToTopoDS_MakeTransformed	class	0	keep		0
DataExchange	TKDESTEP	StepToTopoDS	StepToTopoDS_NMTool	class	0	keep		0
DataExchange	TKDESTEP	StepToTopoDS	StepToTopoDS_PointEdgeMap	alias	0	keep		0
DataExchange	TKDESTEP	StepToTopoDS	StepToTopoDS_PointPair	class	0	keep		0
DataExchange	TKDESTEP	StepToTopoDS	StepToTopoDS_PointVertexMap	alias	0	keep		0
DataExchange	TKDESTEP	StepToTopoDS	StepToTopoDS_Root	class	0	keep		0
DataExchange	TKDESTEP	StepToTopoDS	StepToTopoDS_Tool	class	0	keep		0
DataExchange	TKDESTEP	StepToTopoDS	StepToTopoDS_TranslateCompositeCurve	class	0	keep		0
DataExchange	TKDESTEP	StepToTopoDS	StepToTopoDS_TranslateCurveBoundedSurface	class	0	keep		0
DataExchange	TKDESTEP	StepToTopoDS	StepToTopoDS_TranslateEdge	class	0	keep		0
DataExchange	TKDESTEP	StepToTopoDS	StepToTopoDS_TranslateEdgeError	enum	0	keep		0
DataExchange	TKDESTEP	StepToTopoDS	StepToTopoDS_TranslateEdgeLoop	class	0	keep		0
DataExchange	TKDESTEP	StepToTopoDS	StepToTopoDS_TranslateEdgeLoopError	enum	0	keep		0
DataExchange	TKDESTEP	StepToTopoDS	StepToTopoDS_TranslateFace	class	0	keep		0
DataExchange	TKDESTEP	StepToTopoDS	StepToTopoDS_TranslateFaceError	enum	0	keep		0
DataExchange	TKDESTEP	StepToTopoDS	StepToTopoDS_TranslatePolyLoop	class	0	keep		0
DataExchange	TKDESTEP	StepToTopoDS	StepToTopoDS_TranslatePolyLoopError	enum	0	keep		0
DataExchange	TKDESTEP	StepToTopoDS	StepToTopoDS_TranslateShell	class	0	keep		0
DataExchange	TKDESTEP	StepToTopoDS	StepToTopoDS_TranslateShellError	enum	0	keep		0
DataExchange	TKDESTEP	StepToTopoDS	StepToTopoDS_TranslateSolid	class	0	keep		0
DataExchange	TKDESTEP	StepToTopoDS	StepToTopoDS_TranslateSolidError	enum	0	keep		0
DataExchange	TKDESTEP	StepToTopoDS	StepToTopoDS_TranslateVertex	class	0	keep		0
DataExchange	TKDESTEP	StepToTopoDS	StepToTopoDS_TranslateVertexError	enum	0	keep		0
DataExchange	TKDESTEP	StepToTopoDS	StepToTopoDS_TranslateVertexLoop	class	0	keep		0
DataExchange	TKDESTEP	StepToTopoDS	StepToTopoDS_TranslateVertexLoopError	enum	0	keep		0
DataExchange	TKDESTEP	StepVisual	StepVisual_AnnotationCurveOccurrence	class	0	collapse	C-STEP	1
DataExchange	TKDESTEP	StepVisual	StepVisual_AnnotationCurveOccurrenceAndGeomReprItem	class	0	collapse	C-STEP	0
DataExchange	TKDESTEP	StepVisual	StepVisual_AnnotationFillArea	class	0	collapse	C-STEP	0
DataExchange	TKDESTEP	StepVisual	StepVisual_AnnotationFillAreaOccurrence	class	0	collapse	C-STEP	0
DataExchange	TKDESTEP	StepVisual	StepVisual_AnnotationOccurrence	class	0	collapse	C-STEP	0
DataExchange	TKDESTEP	StepVisual	StepVisual_AnnotationPlane	class	0	collapse	C-STEP	0
DataExchange	TKDESTEP	StepVisual	StepVisual_AnnotationPlaneElement	class	0	collapse	C-STEP	0
DataExchange	TKDESTEP	StepVisual	StepVisual_AnnotationText	class	0	collapse	C-STEP	0
DataExchange	TKDESTEP	StepVisual	StepVisual_AnnotationTextOccurrence	class	0	collapse	C-STEP	0
DataExchange	TKDESTEP	StepVisual	StepVisual_AreaInSet	class	0	collapse	C-STEP	0
DataExchange	TKDESTEP	StepVisual	StepVisual_AreaOrView	class	0	collapse	C-STEP	0
DataExchange	TKDESTEP	StepVisual	StepVisual_Array1OfAnnotationPlaneElement	alias	0	collapse	C-STEP	0
DataExchange	TKDESTEP	StepVisual	StepVisual_Array1OfBoxCharacteristicSelect	alias	0	collapse	C-STEP	0
DataExchange	TKDESTEP	StepVisual	StepVisual_Array1OfCameraModelD3MultiClippingInterectionSelect	alias	0	collapse	C-STEP	0
DataExchange	TKDESTEP	StepVisual	StepVisual_Array1OfCameraModelD3MultiClippingUnionSelect	alias	0	collapse	C-STEP	0
DataExchange	TKDESTEP	StepVisual	StepVisual_Array1OfCurveStyleFontPattern	alias	0	collapse	C-STEP	0
DataExchange	TKDESTEP	StepVisual	StepVisual_Array1OfDirectionCountSelect	alias	0	collapse	C-STEP	0
DataExchange	TKDESTEP	StepVisual	StepVisual_Array1OfDraughtingCalloutElement	alias	0	collapse	C-STEP	0
DataExchange	TKDESTEP	StepVisual	StepVisual_Array1OfFillStyleSelect	alias	0	collapse	C-STEP	0
DataExchange	TKDESTEP	StepVisual	StepVisual_Array1OfInvisibleItem	alias	0	collapse	C-STEP	0
DataExchange	TKDESTEP	StepVisual	StepVisual_Array1OfLayeredItem	alias	0	collapse	C-STEP	0
DataExchange	TKDESTEP	StepVisual	StepVisual_Array1OfPresentationStyleAssignment	alias	0	collapse	C-STEP	0
DataExchange	TKDESTEP	StepVisual	StepVisual_Array1OfPresentationStyleSelect	alias	0	collapse	C-STEP	0
DataExchange	TKDESTEP	StepVisual	StepVisual_Array1OfRenderingPropertiesSelect	alias	0	collapse	C-STEP	0
DataExchange	TKDESTEP	StepVisual	StepVisual_Array1OfStyleContextSelect	alias	0	collapse	C-STEP	0
DataExchange	TKDESTEP	StepVisual	StepVisual_Array1OfSurfaceStyleElementSelect	alias	0	collapse	C-STEP	0
DataExchange	TKDESTEP	StepVisual	StepVisual_Array1OfTessellatedEdgeOrVertex	alias	0	collapse	C-STEP	0
DataExchange	TKDESTEP	StepVisual	StepVisual_Array1OfTessellatedStructuredItem	alias	0	collapse	C-STEP	0
DataExchange	TKDESTEP	StepVisual	StepVisual_Array1OfTextOrCharacter	alias	0	collapse	C-STEP	0
DataExchange	TKDESTEP	StepVisual	StepVisual_BackgroundColour	class	0	collapse	C-STEP	0
DataExchange	TKDESTEP	StepVisual	StepVisual_BoxCharacteristicSelect	class	0	collapse	C-STEP	0
DataExchange	TKDESTEP	StepVisual	StepVisual_CameraImage	class	0	collapse	C-STEP	0
DataExchange	TKDESTEP	StepVisual	StepVisual_CameraImage2dWithScale	class	0	collapse	C-STEP	0
DataExchange	TKDESTEP	StepVisual	StepVisual_CameraImage3dWithScale	class	0	collapse	C-STEP	0
DataExchange	TKDESTEP	StepVisual	StepVisual_CameraModel	class	0	collapse	C-STEP	0
DataExchange	TKDESTEP	StepVisual	StepVisual_CameraModelD2	class	0	collapse	C-STEP	0
DataExchange	TKDESTEP	StepVisual	StepVisual_CameraModelD3	class	0	collapse	C-STEP	0
DataExchange	TKDESTEP	StepVisual	StepVisual_CameraModelD3MultiClipping	class	0	collapse	C-STEP	0
DataExchange	TKDESTEP	StepVisual	StepVisual_CameraModelD3MultiClippingInterectionSelect	class	0	collapse	C-STEP	0
DataExchange	TKDESTEP	StepVisual	StepVisual_CameraModelD3MultiClippingIntersection	class	0	collapse	C-STEP	0
DataExchange	TKDESTEP	StepVisual	StepVisual_CameraModelD3MultiClippingUnion	class	0	collapse	C-STEP	0
DataExchange	TKDESTEP	StepVisual	StepVisual_CameraModelD3MultiClippingUnionSelect	class	0	collapse	C-STEP	0
DataExchange	TKDESTEP	StepVisual	StepVisual_CameraUsage	class	0	collapse	C-STEP	0
DataExchange	TKDESTEP	StepVisual	StepVisual_CentralOrParallel	enum	0	collapse	C-STEP	0
DataExchange	TKDESTEP	StepVisual	StepVisual_CharacterizedObjAndRepresentationAndDraughtingModel	class	0	collapse	C-STEP	0
DataExchange	TKDESTEP	StepVisual	StepVisual_Colour	class	0	collapse	C-STEP	0
DataExchange	TKDESTEP	StepVisual	StepVisual_ColourRgb	class	0	collapse	C-STEP	0
DataExchange	TKDESTEP	StepVisual	StepVisual_ColourSpecification	class	0	collapse	C-STEP	0
DataExchange	TKDESTEP	StepVisual	StepVisual_ComplexTriangulatedFace	class	0	collapse	C-STEP	0
DataExchange	TKDESTEP	StepVisual	StepVisual_ComplexTriangulatedSurfaceSet	class	0	collapse	C-STEP	0
DataExchange	TKDESTEP	StepVisual	StepVisual_CompositeText	class	0	collapse	C-STEP	0
DataExchange	TKDESTEP	StepVisual	StepVisual_CompositeTextWithExtent	class	0	collapse	C-STEP	0
DataExchange	TKDESTEP	StepVisual	StepVisual_ContextDependentInvisibility	class	0	collapse	C-STEP	0
DataExchange	TKDESTEP	StepVisual	StepVisual_ContextDependentOverRidingStyledItem	class	0	collapse	C-STEP	0
DataExchange	TKDESTEP	StepVisual	StepVisual_CoordinatesList	class	0	collapse	C-STEP	0
DataExchange	TKDESTEP	StepVisual	StepVisual_CubicBezierTessellatedEdge	class	0	collapse	C-STEP	0
DataExchange	TKDESTEP	StepVisual	StepVisual_CubicBezierTriangulatedFace	class	0	collapse	C-STEP	0
DataExchange	TKDESTEP	StepVisual	StepVisual_CurveStyle	class	0	collapse	C-STEP	0
DataExchange	TKDESTEP	StepVisual	StepVisual_CurveStyleFont	class	0	collapse	C-STEP	0
DataExchange	TKDESTEP	StepVisual	StepVisual_CurveStyleFontPattern	class	0	collapse	C-STEP	0
DataExchange	TKDESTEP	StepVisual	StepVisual_CurveStyleFontSelect	class	0	collapse	C-STEP	0
DataExchange	TKDESTEP	StepVisual	StepVisual_DirectionCountSelect	class	0	collapse	C-STEP	0
DataExchange	TKDESTEP	StepVisual	StepVisual_DraughtingAnnotationOccurrence	class	0	collapse	C-STEP	0
DataExchange	TKDESTEP	StepVisual	StepVisual_DraughtingCallout	class	0	collapse	C-STEP	0
DataExchange	TKDESTEP	StepVisual	StepVisual_DraughtingCalloutElement	class	0	collapse	C-STEP	0
DataExchange	TKDESTEP	StepVisual	StepVisual_DraughtingModel	class	0	collapse	C-STEP	0
DataExchange	TKDESTEP	StepVisual	StepVisual_DraughtingPreDefinedColour	class	0	collapse	C-STEP	0
DataExchange	TKDESTEP	StepVisual	StepVisual_DraughtingPreDefinedCurveFont	class	0	collapse	C-STEP	0
DataExchange	TKDESTEP	StepVisual	StepVisual_EdgeOrCurve	class	0	collapse	C-STEP	0
DataExchange	TKDESTEP	StepVisual	StepVisual_ExternallyDefinedCurveFont	class	0	collapse	C-STEP	0
DataExchange	TKDESTEP	StepVisual	StepVisual_ExternallyDefinedTextFont	class	0	collapse	C-STEP	0
DataExchange	TKDESTEP	StepVisual	StepVisual_FaceOrSurface	class	0	collapse	C-STEP	0
DataExchange	TKDESTEP	StepVisual	StepVisual_FillAreaStyle	class	0	collapse	C-STEP	0
DataExchange	TKDESTEP	StepVisual	StepVisual_FillAreaStyleColour	class	0	collapse	C-STEP	0
DataExchange	TKDESTEP	StepVisual	StepVisual_FillStyleSelect	class	0	collapse	C-STEP	0
DataExchange	TKDESTEP	StepVisual	StepVisual_FontSelect	class	0	collapse	C-STEP	0
DataExchange	TKDESTEP	StepVisual	StepVisual_HArray1OfAnnotationPlaneElement	other	0	collapse	C-STEP	0
DataExchange	TKDESTEP	StepVisual	StepVisual_HArray1OfBoxCharacteristicSelect	other	0	collapse	C-STEP	0
DataExchange	TKDESTEP	StepVisual	StepVisual_HArray1OfCameraModelD3MultiClippingInterectionSelect	other	0	collapse	C-STEP	0
DataExchange	TKDESTEP	StepVisual	StepVisual_HArray1OfCameraModelD3MultiClippingUnionSelect	other	0	collapse	C-STEP	0
DataExchange	TKDESTEP	StepVisual	StepVisual_HArray1OfCurveStyleFontPattern	other	0	collapse	C-STEP	0
DataExchange	TKDESTEP	StepVisual	StepVisual_HArray1OfDirectionCountSelect	other	0	collapse	C-STEP	0
DataExchange	TKDESTEP	StepVisual	StepVisual_HArray1OfDraughtingCalloutElement	other	0	collapse	C-STEP	0
DataExchange	TKDESTEP	StepVisual	StepVisual_HArray1OfFillStyleSelect	other	0	collapse	C-STEP	0
DataExchange	TKDESTEP	StepVisual	StepVisual_HArray1OfInvisibleItem	other	0	collapse	C-STEP	0
DataExchange	TKDESTEP	StepVisual	StepVisual_HArray1OfLayeredItem	other	0	collapse	C-STEP	0
DataExchange	TKDESTEP	StepVisual	StepVisual_HArray1OfPresentationStyleAssignment	other	0	collapse	C-STEP	0
DataExchange	TKDESTEP	StepVisual	StepVisual_HArray1OfPresentationStyleSelect	other	0	collapse	C-STEP	0
DataExchange	TKDESTEP	StepVisual	StepVisual_HArray1OfRenderingPropertiesSelect	other	0	collapse	C-STEP	0
DataExchange	TKDESTEP	StepVisual	StepVisual_HArray1OfStyleContextSelect	other	0	collapse	C-STEP	0
DataExchange	TKDESTEP	StepVisual	StepVisual_HArray1OfSurfaceStyleElementSelect	other	0	collapse	C-STEP	0
DataExchange	TKDESTEP	StepVisual	StepVisual_HArray1OfTessellatedEdgeOrVertex	other	0	collapse	C-STEP	0
DataExchange	TKDESTEP	StepVisual	StepVisual_HArray1OfTessellatedStructuredItem	other	0	collapse	C-STEP	0
DataExchange	TKDESTEP	StepVisual	StepVisual_HArray1OfTextOrCharacter	other	0	collapse	C-STEP	0
DataExchange	TKDESTEP	StepVisual	StepVisual_Invisibility	class	0	collapse	C-STEP	0
DataExchange	TKDESTEP	StepVisual	StepVisual_InvisibilityContext	class	0	collapse	C-STEP	0
DataExchange	TKDESTEP	StepVisual	StepVisual_InvisibleItem	class	0	collapse	C-STEP	0
DataExchange	TKDESTEP	StepVisual	StepVisual_LayeredItem	class	0	collapse	C-STEP	0
DataExchange	TKDESTEP	StepVisual	StepVisual_MarkerMember	class	0	collapse	C-STEP	0
DataExchange	TKDESTEP	StepVisual	StepVisual_MarkerSelect	class	0	collapse	C-STEP	0
DataExchange	TKDESTEP	StepVisual	StepVisual_MarkerType	enum	0	collapse	C-STEP	0
DataExchange	TKDESTEP	StepVisual	StepVisual_MechanicalDesignGeometricPresentationArea	class	0	collapse	C-STEP	0
DataExchange	TKDESTEP	StepVisual	StepVisual_MechanicalDesignGeometricPresentationRepresentation	class	0	collapse	C-STEP	0
DataExchange	TKDESTEP	StepVisual	StepVisual_NullStyle	enum	0	collapse	C-STEP	0
DataExchange	TKDESTEP	StepVisual	StepVisual_NullStyleMember	class	0	collapse	C-STEP	0
DataExchange	TKDESTEP	StepVisual	StepVisual_OverRidingStyledItem	class	0	collapse	C-STEP	0
DataExchange	TKDESTEP	StepVisual	StepVisual_PathOrCompositeCurve	class	0	collapse	C-STEP	0
DataExchange	TKDESTEP	StepVisual	StepVisual_PlanarBox	class	0	collapse	C-STEP	0
DataExchange	TKDESTEP	StepVisual	StepVisual_PlanarExtent	class	0	collapse	C-STEP	0
DataExchange	TKDESTEP	StepVisual	StepVisual_PointStyle	class	0	collapse	C-STEP	0
DataExchange	TKDESTEP	StepVisual	StepVisual_PreDefinedColour	class	0	collapse	C-STEP	0
DataExchange	TKDESTEP	StepVisual	StepVisual_PreDefinedCurveFont	class	0	collapse	C-STEP	0
DataExchange	TKDESTEP	StepVisual	StepVisual_PreDefinedItem	class	0	collapse	C-STEP	0
DataExchange	TKDESTEP	StepVisual	StepVisual_PreDefinedTextFont	class	0	collapse	C-STEP	0
DataExchange	TKDESTEP	StepVisual	StepVisual_PresentationArea	class	0	collapse	C-STEP	0
DataExchange	TKDESTEP	StepVisual	StepVisual_PresentationLayerAssignment	class	0	collapse	C-STEP	0
DataExchange	TKDESTEP	StepVisual	StepVisual_PresentationLayerUsage	class	0	collapse	C-STEP	0
DataExchange	TKDESTEP	StepVisual	StepVisual_PresentationRepresentation	class	0	collapse	C-STEP	0
DataExchange	TKDESTEP	StepVisual	StepVisual_PresentationRepresentationSelect	class	0	collapse	C-STEP	0
DataExchange	TKDESTEP	StepVisual	StepVisual_PresentationSet	class	0	collapse	C-STEP	0
DataExchange	TKDESTEP	StepVisual	StepVisual_PresentationSize	class	0	collapse	C-STEP	0
DataExchange	TKDESTEP	StepVisual	StepVisual_PresentationSizeAssignmentSelect	class	0	collapse	C-STEP	0
DataExchange	TKDESTEP	StepVisual	StepVisual_PresentationStyleAssignment	class	0	collapse	C-STEP	0
DataExchange	TKDESTEP	StepVisual	StepVisual_PresentationStyleByContext	class	0	collapse	C-STEP	1
DataExchange	TKDESTEP	StepVisual	StepVisual_PresentationStyleSelect	class	0	collapse	C-STEP	0
DataExchange	TKDESTEP	StepVisual	StepVisual_PresentationView	class	0	collapse	C-STEP	0
DataExchange	TKDESTEP	StepVisual	StepVisual_PresentedItem	class	0	collapse	C-STEP	0
DataExchange	TKDESTEP	StepVisual	StepVisual_PresentedItemRepresentation	class	0	collapse	C-STEP	0
DataExchange	TKDESTEP	StepVisual	StepVisual_RenderingPropertiesSelect	class	0	collapse	C-STEP	0
DataExchange	TKDESTEP	StepVisual	StepVisual_RepositionedTessellatedGeometricSet	class	0	collapse	C-STEP	0
DataExchange	TKDESTEP	StepVisual	StepVisual_RepositionedTessellatedItem	class	0	collapse	C-STEP	0
DataExchange	TKDESTEP	StepVisual	StepVisual_ShadingSurfaceMethod	enum	0	collapse	C-STEP	0
DataExchange	TKDESTEP	StepVisual	StepVisual_StyleContextSelect	class	0	collapse	C-STEP	1
DataExchange	TKDESTEP	StepVisual	StepVisual_StyledItem	class	0	collapse	C-STEP	1
DataExchange	TKDESTEP	StepVisual	StepVisual_StyledItemTarget	class	0	collapse	C-STEP	0
DataExchange	TKDESTEP	StepVisual	StepVisual_SurfaceSide	enum	0	collapse	C-STEP	0
DataExchange	TKDESTEP	StepVisual	StepVisual_SurfaceSideStyle	class	0	collapse	C-STEP	0
DataExchange	TKDESTEP	StepVisual	StepVisual_SurfaceStyleBoundary	class	0	collapse	C-STEP	0
DataExchange	TKDESTEP	StepVisual	StepVisual_SurfaceStyleControlGrid	class	0	collapse	C-STEP	0
DataExchange	TKDESTEP	StepVisual	StepVisual_SurfaceStyleElementSelect	class	0	collapse	C-STEP	0
DataExchange	TKDESTEP	StepVisual	StepVisual_SurfaceStyleFillArea	class	0	collapse	C-STEP	0
DataExchange	TKDESTEP	StepVisual	StepVisual_SurfaceStyleParameterLine	class	0	collapse	C-STEP	0
DataExchange	TKDESTEP	StepVisual	StepVisual_SurfaceStyleReflectanceAmbient	class	0	collapse	C-STEP	0
DataExchange	TKDESTEP	StepVisual	StepVisual_SurfaceStyleRendering	class	0	collapse	C-STEP	0
DataExchange	TKDESTEP	StepVisual	StepVisual_SurfaceStyleRenderingWithProperties	class	0	collapse	C-STEP	0
DataExchange	TKDESTEP	StepVisual	StepVisual_SurfaceStyleSegmentationCurve	class	0	collapse	C-STEP	0
DataExchange	TKDESTEP	StepVisual	StepVisual_SurfaceStyleSilhouette	class	0	collapse	C-STEP	0
DataExchange	TKDESTEP	StepVisual	StepVisual_SurfaceStyleTransparent	class	0	collapse	C-STEP	0
DataExchange	TKDESTEP	StepVisual	StepVisual_SurfaceStyleUsage	class	0	collapse	C-STEP	0
DataExchange	TKDESTEP	StepVisual	StepVisual_Template	class	0	collapse	C-STEP	0
DataExchange	TKDESTEP	StepVisual	StepVisual_TemplateInstance	class	0	collapse	C-STEP	0
DataExchange	TKDESTEP	StepVisual	StepVisual_TessellatedAnnotationOccurrence	class	0	collapse	C-STEP	0
DataExchange	TKDESTEP	StepVisual	StepVisual_TessellatedConnectingEdge	class	0	collapse	C-STEP	0
DataExchange	TKDESTEP	StepVisual	StepVisual_TessellatedCurveSet	class	0	collapse	C-STEP	0
DataExchange	TKDESTEP	StepVisual	StepVisual_TessellatedEdge	class	0	collapse	C-STEP	0
DataExchange	TKDESTEP	StepVisual	StepVisual_TessellatedEdgeOrVertex	class	0	collapse	C-STEP	0
DataExchange	TKDESTEP	StepVisual	StepVisual_TessellatedFace	class	0	collapse	C-STEP	0
DataExchange	TKDESTEP	StepVisual	StepVisual_TessellatedGeometricSet	class	0	collapse	C-STEP	0
DataExchange	TKDESTEP	StepVisual	StepVisual_TessellatedItem	class	0	collapse	C-STEP	0
DataExchange	TKDESTEP	StepVisual	StepVisual_TessellatedPointSet	class	0	collapse	C-STEP	0
DataExchange	TKDESTEP	StepVisual	StepVisual_TessellatedShapeRepresentation	class	0	collapse	C-STEP	0
DataExchange	TKDESTEP	StepVisual	StepVisual_TessellatedShapeRepresentationWithAccuracyParameters	class	0	collapse	C-STEP	0
DataExchange	TKDESTEP	StepVisual	StepVisual_TessellatedShell	class	0	collapse	C-STEP	0
DataExchange	TKDESTEP	StepVisual	StepVisual_TessellatedSolid	class	0	collapse	C-STEP	0
DataExchange	TKDESTEP	StepVisual	StepVisual_TessellatedStructuredItem	class	0	collapse	C-STEP	0
DataExchange	TKDESTEP	StepVisual	StepVisual_TessellatedSurfaceSet	class	0	collapse	C-STEP	0
DataExchange	TKDESTEP	StepVisual	StepVisual_TessellatedVertex	class	0	collapse	C-STEP	0
DataExchange	TKDESTEP	StepVisual	StepVisual_TessellatedWire	class	0	collapse	C-STEP	0
DataExchange	TKDESTEP	StepVisual	StepVisual_TextLiteral	class	0	collapse	C-STEP	0
DataExchange	TKDESTEP	StepVisual	StepVisual_TextOrCharacter	class	0	collapse	C-STEP	0
DataExchange	TKDESTEP	StepVisual	StepVisual_TextPath	enum	0	collapse	C-STEP	0
DataExchange	TKDESTEP	StepVisual	StepVisual_TextStyle	class	0	collapse	C-STEP	0
DataExchange	TKDESTEP	StepVisual	StepVisual_TextStyleForDefinedFont	class	0	collapse	C-STEP	0
DataExchange	TKDESTEP	StepVisual	StepVisual_TextStyleWithBoxCharacteristics	class	0	collapse	C-STEP	0
DataExchange	TKDESTEP	StepVisual	StepVisual_TriangulatedFace	class	0	collapse	C-STEP	0
DataExchange	TKDESTEP	StepVisual	StepVisual_TriangulatedSurfaceSet	class	0	collapse	C-STEP	0
DataExchange	TKDESTEP	StepVisual	StepVisual_ViewVolume	class	0	collapse	C-STEP	0
DataExchange	TKDESTL	StlAPI	StlAPI	class	1	keep		0
DataExchange	TKDESTL	StlAPI	StlAPI_Reader	class	0	keep		0
DataExchange	TKDESTL	StlAPI	StlAPI_Writer	class	0	keep		2
DataExchange	TKDESTEP	TopoDSToStep	TopoDSToStep	class	0	keep		0
DataExchange	TKDESTEP	TopoDSToStep	TopoDSToStep_Builder	class	0	keep		0
DataExchange	TKDESTEP	TopoDSToStep	TopoDSToStep_BuilderError	enum	0	keep		0
DataExchange	TKDESTEP	TopoDSToStep	TopoDSToStep_FacetedError	enum	0	keep		0
DataExchange	TKDESTEP	TopoDSToStep	TopoDSToStep_FacetedTool	class	0	keep		0
DataExchange	TKDESTEP	TopoDSToStep	TopoDSToStep_MakeBrepWithVoids	class	0	keep		0
DataExchange	TKDESTEP	TopoDSToStep	TopoDSToStep_MakeEdgeError	enum	0	keep		0
DataExchange	TKDESTEP	TopoDSToStep	TopoDSToStep_MakeFaceError	enum	0	keep		0
DataExchange	TKDESTEP	TopoDSToStep	TopoDSToStep_MakeFacetedBrep	class	0	keep		0
DataExchange	TKDESTEP	TopoDSToStep	TopoDSToStep_MakeFacetedBrepAndBrepWithVoids	class	0	keep		0
DataExchange	TKDESTEP	TopoDSToStep	TopoDSToStep_MakeGeometricCurveSet	class	0	keep		0
DataExchange	TKDESTEP	TopoDSToStep	TopoDSToStep_MakeManifoldSolidBrep	class	0	keep		0
DataExchange	TKDESTEP	TopoDSToStep	TopoDSToStep_MakeShellBasedSurfaceModel	class	0	keep		0
DataExchange	TKDESTEP	TopoDSToStep	TopoDSToStep_MakeStepEdge	class	0	keep		0
DataExchange	TKDESTEP	TopoDSToStep	TopoDSToStep_MakeStepFace	class	0	keep		0
DataExchange	TKDESTEP	TopoDSToStep	TopoDSToStep_MakeStepVertex	class	0	keep		0
DataExchange	TKDESTEP	TopoDSToStep	TopoDSToStep_MakeStepWire	class	0	keep		0
DataExchange	TKDESTEP	TopoDSToStep	TopoDSToStep_MakeTessellatedItem	class	0	keep		0
DataExchange	TKDESTEP	TopoDSToStep	TopoDSToStep_MakeVertexError	enum	0	keep		0
DataExchange	TKDESTEP	TopoDSToStep	TopoDSToStep_MakeWireError	enum	0	keep		0
DataExchange	TKDESTEP	TopoDSToStep	TopoDSToStep_Root	class	0	keep		0
DataExchange	TKDESTEP	TopoDSToStep	TopoDSToStep_Tool	class	0	keep		0
DataExchange	TKDESTEP	TopoDSToStep	TopoDSToStep_WireframeBuilder	class	0	keep		0
DataExchange	TKXSBase	Transfer	Transfer_ActorDispatch	class	0	keep		0
DataExchange	TKXSBase	Transfer	Transfer_ActorOfFinderProcess	class	0	drop	R1	0
DataExchange	TKXSBase	Transfer	Transfer_ActorOfProcessForFinder	class	0	drop	R1	0
DataExchange	TKXSBase	Transfer	Transfer_ActorOfProcessForTransient	class	0	drop	R1	0
DataExchange	TKXSBase	Transfer	Transfer_ActorOfTransientProcess	class	0	drop	R1	0
DataExchange	TKXSBase	Transfer	Transfer_Binder	class	0	keep		0
DataExchange	TKXSBase	Transfer	Transfer_BinderOfTransientInteger	class	0	drop	R1	0
DataExchange	TKXSBase	Transfer	Transfer_DataInfo	class	0	keep		0
DataExchange	TKXSBase	Transfer	Transfer_DispatchControl	class	0	keep		0
DataExchange	TKXSBase	Transfer	Transfer_FindHasher	class	0	keep		0
DataExchange	TKXSBase	Transfer	Transfer_Finder	class	0	keep		0
DataExchange	TKXSBase	Transfer	Transfer_FinderProcess	class	0	keep		2
DataExchange	TKXSBase	Transfer	Transfer_HSequenceOfBinder	other	0	drop	R1	0
DataExchange	TKXSBase	Transfer	Transfer_HSequenceOfFinder	other	0	drop	R1	0
DataExchange	TKXSBase	Transfer	Transfer_IteratorOfProcessForFinder	class	0	drop	R1	0
DataExchange	TKXSBase	Transfer	Transfer_IteratorOfProcessForTransient	class	0	drop	R1	0
DataExchange	TKXSBase	Transfer	Transfer_MapContainer	class	0	keep		0
DataExchange	TKXSBase	Transfer	Transfer_MultipleBinder	class	0	keep		0
DataExchange	TKXSBase	Transfer	Transfer_ProcessForFinder	class	0	keep		0
DataExchange	TKXSBase	Transfer	Transfer_ProcessForTransient	class	0	keep		0
DataExchange	TKXSBase	Transfer	Transfer_ResultFromModel	class	0	keep		0
DataExchange	TKXSBase	Transfer	Transfer_ResultFromTransient	class	0	keep		0
DataExchange	TKXSBase	Transfer	Transfer_SequenceOfBinder	alias	0	drop	R1	0
DataExchange	TKXSBase	Transfer	Transfer_SequenceOfFinder	alias	0	drop	R1	0
DataExchange	TKXSBase	Transfer	Transfer_SimpleBinderOfTransient	class	0	drop	R1	0
DataExchange	TKXSBase	Transfer	Transfer_StatusExec	enum	0	keep		0
DataExchange	TKXSBase	Transfer	Transfer_StatusResult	enum	0	keep		0
DataExchange	TKXSBase	Transfer	Transfer_TransferDeadLoop	class	0	keep		0
DataExchange	TKXSBase	Transfer	Transfer_TransferDispatch	class	0	keep		0
DataExchange	TKXSBase	Transfer	Transfer_TransferFailure	class	0	keep		0
DataExchange	TKXSBase	Transfer	Transfer_TransferInput	class	0	keep		0
DataExchange	TKXSBase	Transfer	Transfer_TransferIterator	class	0	keep		0
DataExchange	TKXSBase	Transfer	Transfer_TransferMapOfProcessForFinder	alias	0	drop	R1	0
DataExchange	TKXSBase	Transfer	Transfer_TransferMapOfProcessForTransient	alias	0	drop	R1	0
DataExchange	TKXSBase	Transfer	Transfer_TransferOutput	class	0	keep		0
DataExchange	TKXSBase	Transfer	Transfer_TransientListBinder	class	0	keep		0
DataExchange	TKXSBase	Transfer	Transfer_TransientMapper	class	0	keep		0
DataExchange	TKXSBase	Transfer	Transfer_TransientProcess	class	0	keep		8
DataExchange	TKXSBase	Transfer	Transfer_UndefMode	enum	0	keep		0
DataExchange	TKXSBase	Transfer	Transfer_VoidBinder	class	0	keep		0
DataExchange	TKXSBase	TransferBRep	TransferBRep	class	0	keep		0
DataExchange	TKXSBase	TransferBRep	TransferBRep_BinderOfShape	class	0	drop	R1	0
DataExchange	TKXSBase	TransferBRep	TransferBRep_HSequenceOfTransferResultInfo	other	0	drop	R1	0
DataExchange	TKXSBase	TransferBRep	TransferBRep_Reader	class	0	keep		0
DataExchange	TKXSBase	TransferBRep	TransferBRep_SequenceOfTransferResultInfo	alias	0	drop	R1	0
DataExchange	TKXSBase	TransferBRep	TransferBRep_ShapeBinder	class	0	keep		0
DataExchange	TKXSBase	TransferBRep	TransferBRep_ShapeInfo	class	0	keep		0
DataExchange	TKXSBase	TransferBRep	TransferBRep_ShapeListBinder	class	0	keep		0
DataExchange	TKXSBase	TransferBRep	TransferBRep_ShapeMapper	class	0	keep		0
DataExchange	TKXSBase	TransferBRep	TransferBRep_TransferResultInfo	class	0	keep		0
DataExchange	TKDEVRML	Vrml	Vrml	class	0	keep		0
DataExchange	TKDEVRML	Vrml	Vrml_AsciiText	class	0	keep		0
DataExchange	TKDEVRML	Vrml	Vrml_AsciiTextJustification	enum	0	keep		0
DataExchange	TKDEVRML	Vrml	Vrml_Cone	class	0	keep		0
DataExchange	TKDEVRML	Vrml	Vrml_ConeParts	enum	0	keep		0
DataExchange	TKDEVRML	Vrml	Vrml_ConfigurationNode	class	0	keep		0
DataExchange	TKDEVRML	Vrml	Vrml_Coordinate3	class	0	keep		0
DataExchange	TKDEVRML	Vrml	Vrml_Cube	class	0	keep		0
DataExchange	TKDEVRML	Vrml	Vrml_Cylinder	class	0	keep		0
DataExchange	TKDEVRML	Vrml	Vrml_CylinderParts	enum	0	keep		0
DataExchange	TKDEVRML	Vrml	Vrml_DirectionalLight	class	0	keep		0
DataExchange	TKDEVRML	Vrml	Vrml_FaceType	enum	0	keep		0
DataExchange	TKDEVRML	Vrml	Vrml_FontStyle	class	0	keep		0
DataExchange	TKDEVRML	Vrml	Vrml_FontStyleFamily	enum	0	keep		0
DataExchange	TKDEVRML	Vrml	Vrml_FontStyleStyle	enum	0	keep		0
DataExchange	TKDEVRML	Vrml	Vrml_Group	class	0	keep		0
DataExchange	TKDEVRML	Vrml	Vrml_IndexedFaceSet	class	0	keep		0
DataExchange	TKDEVRML	Vrml	Vrml_IndexedLineSet	class	0	keep		0
DataExchange	TKDEVRML	Vrml	Vrml_Info	class	0	keep		0
DataExchange	TKDEVRML	Vrml	Vrml_Instancing	class	0	keep		0
DataExchange	TKDEVRML	Vrml	Vrml_LOD	class	0	keep		0
DataExchange	TKDEVRML	Vrml	Vrml_Material	class	0	keep		0
DataExchange	TKDEVRML	Vrml	Vrml_MaterialBinding	class	0	keep		0
DataExchange	TKDEVRML	Vrml	Vrml_MaterialBindingAndNormalBinding	enum	0	keep		0
DataExchange	TKDEVRML	Vrml	Vrml_MatrixTransform	class	0	keep		0
DataExchange	TKDEVRML	Vrml	Vrml_Normal	class	0	keep		0
DataExchange	TKDEVRML	Vrml	Vrml_NormalBinding	class	0	keep		0
DataExchange	TKDEVRML	Vrml	Vrml_OrthographicCamera	class	0	keep		0
DataExchange	TKDEVRML	Vrml	Vrml_PerspectiveCamera	class	0	keep		0
DataExchange	TKDEVRML	Vrml	Vrml_PointLight	class	0	keep		0
DataExchange	TKDEVRML	Vrml	Vrml_PointSet	class	0	keep		0
DataExchange	TKDEVRML	Vrml	Vrml_Provider	class	0	keep		0
DataExchange	TKDEVRML	Vrml	Vrml_Rotation	class	0	keep		0
DataExchange	TKDEVRML	Vrml	Vrml_SFImage	class	0	keep		0
DataExchange	TKDEVRML	Vrml	Vrml_SFImageNumber	enum	0	keep		0
DataExchange	TKDEVRML	Vrml	Vrml_SFRotation	class	0	keep		0
DataExchange	TKDEVRML	Vrml	Vrml_Scale	class	0	keep		0
DataExchange	TKDEVRML	Vrml	Vrml_Separator	class	0	keep		0
DataExchange	TKDEVRML	Vrml	Vrml_SeparatorRenderCulling	enum	0	keep		0
DataExchange	TKDEVRML	Vrml	Vrml_ShapeHints	class	0	keep		0
DataExchange	TKDEVRML	Vrml	Vrml_ShapeType	enum	0	keep		0
DataExchange	TKDEVRML	Vrml	Vrml_Sphere	class	0	keep		0
DataExchange	TKDEVRML	Vrml	Vrml_SpotLight	class	0	keep		0
DataExchange	TKDEVRML	Vrml	Vrml_Switch	class	0	keep		0
DataExchange	TKDEVRML	Vrml	Vrml_Texture2	class	0	keep		0
DataExchange	TKDEVRML	Vrml	Vrml_Texture2Transform	class	0	keep		0
DataExchange	TKDEVRML	Vrml	Vrml_Texture2Wrap	enum	0	keep		0
DataExchange	TKDEVRML	Vrml	Vrml_TextureCoordinate2	class	0	keep		0
DataExchange	TKDEVRML	Vrml	Vrml_Transform	class	0	keep		0
DataExchange	TKDEVRML	Vrml	Vrml_TransformSeparator	class	0	keep		0
DataExchange	TKDEVRML	Vrml	Vrml_Translation	class	0	keep		0
DataExchange	TKDEVRML	Vrml	Vrml_VertexOrdering	enum	0	keep		0
DataExchange	TKDEVRML	Vrml	Vrml_WWWAnchor	class	0	keep		0
DataExchange	TKDEVRML	Vrml	Vrml_WWWAnchorMap	enum	0	keep		0
DataExchange	TKDEVRML	Vrml	Vrml_WWWInline	class	0	keep		0
DataExchange	TKDEVRML	VrmlAPI	VrmlAPI	class	0	keep		0
DataExchange	TKDEVRML	VrmlAPI	VrmlAPI_CafReader	class	0	keep		0
DataExchange	TKDEVRML	VrmlAPI	VrmlAPI_RepresentationOfShape	enum	0	keep		0
DataExchange	TKDEVRML	VrmlAPI	VrmlAPI_Writer	class	0	keep		0
DataExchange	TKDEVRML	VrmlConverter	VrmlConverter_Curve	class	0	keep		0
DataExchange	TKDEVRML	VrmlConverter	VrmlConverter_DeflectionCurve	class	0	keep		0
DataExchange	TKDEVRML	VrmlConverter	VrmlConverter_Drawer	class	0	keep		0
DataExchange	TKDEVRML	VrmlConverter	VrmlConverter_HLRShape	class	0	keep		0
DataExchange	TKDEVRML	VrmlConverter	VrmlConverter_IsoAspect	class	0	keep		0
DataExchange	TKDEVRML	VrmlConverter	VrmlConverter_LineAspect	class	0	keep		0
DataExchange	TKDEVRML	VrmlConverter	VrmlConverter_PointAspect	class	0	keep		0
DataExchange	TKDEVRML	VrmlConverter	VrmlConverter_Projector	class	0	keep		0
DataExchange	TKDEVRML	VrmlConverter	VrmlConverter_ShadedShape	class	0	keep		0
DataExchange	TKDEVRML	VrmlConverter	VrmlConverter_ShadingAspect	class	0	keep		0
DataExchange	TKDEVRML	VrmlConverter	VrmlConverter_TypeOfCamera	enum	0	keep		0
DataExchange	TKDEVRML	VrmlConverter	VrmlConverter_TypeOfLight	enum	0	keep		0
DataExchange	TKDEVRML	VrmlConverter	VrmlConverter_WFDeflectionRestrictedFace	class	0	keep		0
DataExchange	TKDEVRML	VrmlConverter	VrmlConverter_WFDeflectionShape	class	0	keep		0
DataExchange	TKDEVRML	VrmlConverter	VrmlConverter_WFRestrictedFace	class	0	keep		0
DataExchange	TKDEVRML	VrmlConverter	VrmlConverter_WFShape	class	0	keep		0
DataExchange	TKDEVRML	VrmlData	VrmlData_Appearance	class	0	keep		0
DataExchange	TKDEVRML	VrmlData	VrmlData_ArrayVec3d	class	0	keep		0
DataExchange	TKDEVRML	VrmlData	VrmlData_Box	class	0	keep		0
DataExchange	TKDEVRML	VrmlData	VrmlData_Color	class	0	keep		0
DataExchange	TKDEVRML	VrmlData	VrmlData_Cone	class	0	keep		0
DataExchange	TKDEVRML	VrmlData	VrmlData_Coordinate	class	0	keep		0
DataExchange	TKDEVRML	VrmlData	VrmlData_Cylinder	class	0	keep		0
DataExchange	TKDEVRML	VrmlData	VrmlData_DataMapOfShapeAppearance	alias	0	drop	R1	0
DataExchange	TKDEVRML	VrmlData	VrmlData_ErrorStatus	enum	0	keep		0
DataExchange	TKDEVRML	VrmlData	VrmlData_Faceted	class	0	keep		0
DataExchange	TKDEVRML	VrmlData	VrmlData_Geometry	class	0	keep		0
DataExchange	TKDEVRML	VrmlData	VrmlData_Group	class	0	keep		0
DataExchange	TKDEVRML	VrmlData	VrmlData_ImageTexture	class	0	keep		0
DataExchange	TKDEVRML	VrmlData	VrmlData_InBuffer	class	0	keep		0
DataExchange	TKDEVRML	VrmlData	VrmlData_IndexedFaceSet	class	0	keep		0
DataExchange	TKDEVRML	VrmlData	VrmlData_IndexedLineSet	class	0	keep		0
DataExchange	TKDEVRML	VrmlData	VrmlData_ListOfNode	alias	0	drop	R1	0
DataExchange	TKDEVRML	VrmlData	VrmlData_MapOfNode	alias	0	drop	R1	0
DataExchange	TKDEVRML	VrmlData	VrmlData_Material	class	0	keep		0
DataExchange	TKDEVRML	VrmlData	VrmlData_Node	class	0	keep		0
DataExchange	TKDEVRML	VrmlData	VrmlData_Normal	class	0	keep		0
DataExchange	TKDEVRML	VrmlData	VrmlData_Scene	class	0	keep		0
DataExchange	TKDEVRML	VrmlData	VrmlData_ShapeConvert	class	0	keep		0
DataExchange	TKDEVRML	VrmlData	VrmlData_ShapeNode	class	0	keep		0
DataExchange	TKDEVRML	VrmlData	VrmlData_Sphere	class	0	keep		0
DataExchange	TKDEVRML	VrmlData	VrmlData_Texture	class	0	keep		0
DataExchange	TKDEVRML	VrmlData	VrmlData_TextureCoordinate	class	0	keep		0
DataExchange	TKDEVRML	VrmlData	VrmlData_TextureTransform	class	0	keep		0
DataExchange	TKDEVRML	VrmlData	VrmlData_UnknownNode	class	0	keep		0
DataExchange	TKDEVRML	VrmlData	VrmlData_WorldInfo	class	0	keep		0
DataExchange	TKXCAF	XCAFApp	XCAFApp_Application	class	0	keep		2
DataExchange	TKXCAF	XCAFDimTolObjects	XCAFDimTolObjects_AngularQualifier	enum	0	keep		0
DataExchange	TKXCAF	XCAFDimTolObjects	XCAFDimTolObjects_DataMapOfToleranceDatum	alias	0	drop	R1	0
DataExchange	TKXCAF	XCAFDimTolObjects	XCAFDimTolObjects_DatumModifWithValue	enum	0	keep		0
DataExchange	TKXCAF	XCAFDimTolObjects	XCAFDimTolObjects_DatumModifiersSequence	alias	0	keep		0
DataExchange	TKXCAF	XCAFDimTolObjects	XCAFDimTolObjects_DatumObject	class	0	keep		0
DataExchange	TKXCAF	XCAFDimTolObjects	XCAFDimTolObjects_DatumObjectSequence	alias	0	keep		0
DataExchange	TKXCAF	XCAFDimTolObjects	XCAFDimTolObjects_DatumSingleModif	enum	0	keep		0
DataExchange	TKXCAF	XCAFDimTolObjects	XCAFDimTolObjects_DatumTargetType	enum	0	keep		0
DataExchange	TKXCAF	XCAFDimTolObjects	XCAFDimTolObjects_DimensionFormVariance	enum	0	keep		0
DataExchange	TKXCAF	XCAFDimTolObjects	XCAFDimTolObjects_DimensionGrade	enum	0	keep		0
DataExchange	TKXCAF	XCAFDimTolObjects	XCAFDimTolObjects_DimensionModif	enum	0	keep		0
DataExchange	TKXCAF	XCAFDimTolObjects	XCAFDimTolObjects_DimensionModifiersSequence	alias	0	keep		0
DataExchange	TKXCAF	XCAFDimTolObjects	XCAFDimTolObjects_DimensionObject	class	0	keep		0
DataExchange	TKXCAF	XCAFDimTolObjects	XCAFDimTolObjects_DimensionObjectSequence	alias	0	keep		0
DataExchange	TKXCAF	XCAFDimTolObjects	XCAFDimTolObjects_DimensionQualifier	enum	0	keep		0
DataExchange	TKXCAF	XCAFDimTolObjects	XCAFDimTolObjects_DimensionType	enum	0	keep		0
DataExchange	TKXCAF	XCAFDimTolObjects	XCAFDimTolObjects_GeomToleranceMatReqModif	enum	0	keep		0
DataExchange	TKXCAF	XCAFDimTolObjects	XCAFDimTolObjects_GeomToleranceModif	enum	0	keep		0
DataExchange	TKXCAF	XCAFDimTolObjects	XCAFDimTolObjects_GeomToleranceModifiersSequence	alias	0	keep		0
DataExchange	TKXCAF	XCAFDimTolObjects	XCAFDimTolObjects_GeomToleranceObject	class	0	keep		0
DataExchange	TKXCAF	XCAFDimTolObjects	XCAFDimTolObjects_GeomToleranceObjectSequence	alias	0	keep		0
DataExchange	TKXCAF	XCAFDimTolObjects	XCAFDimTolObjects_GeomToleranceType	enum	0	keep		0
DataExchange	TKXCAF	XCAFDimTolObjects	XCAFDimTolObjects_GeomToleranceTypeValue	enum	0	keep		0
DataExchange	TKXCAF	XCAFDimTolObjects	XCAFDimTolObjects_GeomToleranceZoneModif	enum	0	keep		0
DataExchange	TKXCAF	XCAFDimTolObjects	XCAFDimTolObjects_ToleranceZoneAffectedPlane	enum	0	keep		0
DataExchange	TKXCAF	XCAFDimTolObjects	XCAFDimTolObjects_Tool	class	0	keep		0
DataExchange	TKXCAF	XCAFDoc	XCAFDoc	class	0	keep		1
DataExchange	TKXCAF	XCAFDoc	XCAFDoc_Area	class	0	keep		0
DataExchange	TKXCAF	XCAFDoc	XCAFDoc_AssemblyGraph	class	0	keep		0
DataExchange	TKXCAF	XCAFDoc	XCAFDoc_AssemblyItemId	class	0	keep		0
DataExchange	TKXCAF	XCAFDoc	XCAFDoc_AssemblyItemRef	class	0	keep		0
DataExchange	TKXCAF	XCAFDoc	XCAFDoc_AssemblyIterator	class	0	keep		0
DataExchange	TKXCAF	XCAFDoc	XCAFDoc_AssemblyTool	class	0	keep		0
DataExchange	TKXCAF	XCAFDoc	XCAFDoc_Centroid	class	0	keep		0
DataExchange	TKXCAF	XCAFDoc	XCAFDoc_ClippingPlaneTool	class	0	keep		0
DataExchange	TKXCAF	XCAFDoc	XCAFDoc_Color	class	0	keep		1
DataExchange	TKXCAF	XCAFDoc	XCAFDoc_ColorTool	class	0	keep		7
DataExchange	TKXCAF	XCAFDoc	XCAFDoc_ColorType	enum	0	keep		0
DataExchange	TKXCAF	XCAFDoc	XCAFDoc_DataMapIteratorOfDataMapOfShapeLabel	other	0	drop	R1	0
DataExchange	TKXCAF	XCAFDoc	XCAFDoc_DataMapOfShapeLabel	alias	0	drop	R1	0
DataExchange	TKXCAF	XCAFDoc	XCAFDoc_Datum	class	0	keep		0
DataExchange	TKXCAF	XCAFDoc	XCAFDoc_DimTol	class	0	keep		0
DataExchange	TKXCAF	XCAFDoc	XCAFDoc_DimTolTool	class	0	keep		0
DataExchange	TKXCAF	XCAFDoc	XCAFDoc_Dimension	class	0	keep		0
DataExchange	TKXCAF	XCAFDoc	XCAFDoc_DocumentTool	class	0	keep		7
DataExchange	TKXCAF	XCAFDoc	XCAFDoc_Editor	class	0	keep		0
DataExchange	TKXCAF	XCAFDoc	XCAFDoc_GeomTolerance	class	0	keep		0
DataExchange	TKXCAF	XCAFDoc	XCAFDoc_GraphNode	class	0	keep		2
DataExchange	TKXCAF	XCAFDoc	XCAFDoc_GraphNodeSequence	alias	0	keep		0
DataExchange	TKXCAF	XCAFDoc	XCAFDoc_LayerTool	class	0	keep		1
DataExchange	TKXCAF	XCAFDoc	XCAFDoc_LengthUnit	class	0	keep		0
DataExchange	TKXCAF	XCAFDoc	XCAFDoc_Location	class	0	keep		4
DataExchange	TKXCAF	XCAFDoc	XCAFDoc_Material	class	0	keep		0
DataExchange	TKXCAF	XCAFDoc	XCAFDoc_MaterialTool	class	0	keep		0
DataExchange	TKXCAF	XCAFDoc	XCAFDoc_Note	class	0	keep		0
DataExchange	TKXCAF	XCAFDoc	XCAFDoc_NoteBalloon	class	0	keep		0
DataExchange	TKXCAF	XCAFDoc	XCAFDoc_NoteBinData	class	0	keep		0
DataExchange	TKXCAF	XCAFDoc	XCAFDoc_NoteComment	class	0	keep		0
DataExchange	TKXCAF	XCAFDoc	XCAFDoc_NotesTool	class	0	keep		0
DataExchange	TKXCAF	XCAFDoc	XCAFDoc_PartId	alias	0	keep		0
DataExchange	TKXCAF	XCAFDoc	XCAFDoc_ShapeMapTool	class	0	keep		2
DataExchange	TKXCAF	XCAFDoc	XCAFDoc_ShapeTool	class	0	keep		9
DataExchange	TKXCAF	XCAFDoc	XCAFDoc_View	class	0	keep		0
DataExchange	TKXCAF	XCAFDoc	XCAFDoc_ViewTool	class	0	keep		0
DataExchange	TKXCAF	XCAFDoc	XCAFDoc_VisMaterial	class	1	keep		1
DataExchange	TKXCAF	XCAFDoc	XCAFDoc_VisMaterialCommon	class	0	keep		0
DataExchange	TKXCAF	XCAFDoc	XCAFDoc_VisMaterialPBR	class	0	keep		0
DataExchange	TKXCAF	XCAFDoc	XCAFDoc_VisMaterialTool	class	0	keep		1
DataExchange	TKXCAF	XCAFDoc	XCAFDoc_Volume	class	0	keep		0
DataExchange	TKXCAF	XCAFNoteObjects	XCAFNoteObjects_NoteObject	class	0	keep		0
DataExchange	TKXCAF	XCAFPrs	XCAFPrs	class	0	keep		0
DataExchange	TKXCAF	XCAFPrs	XCAFPrs_AISObject	class	0	keep		0
DataExchange	TKXCAF	XCAFPrs	XCAFPrs_DataMapIteratorOfDataMapOfStyleShape	other	0	drop	R1	0
DataExchange	TKXCAF	XCAFPrs	XCAFPrs_DataMapIteratorOfDataMapOfStyleTransient	other	0	drop	R1	0
DataExchange	TKXCAF	XCAFPrs	XCAFPrs_DataMapIteratorOfIndexedDataMapOfShapeStyle	other	0	drop	R1	0
DataExchange	TKXCAF	XCAFPrs	XCAFPrs_DataMapOfStyleShape	alias	0	drop	R1	0
DataExchange	TKXCAF	XCAFPrs	XCAFPrs_DataMapOfStyleTransient	alias	0	drop	R1	0
DataExchange	TKXCAF	XCAFPrs	XCAFPrs_DocumentExplorer	class	0	keep		0
DataExchange	TKXCAF	XCAFPrs	XCAFPrs_DocumentIdIterator	class	0	keep		0
DataExchange	TKXCAF	XCAFPrs	XCAFPrs_DocumentNode	class	0	keep		0
DataExchange	TKXCAF	XCAFPrs	XCAFPrs_Driver	class	0	keep		0
DataExchange	TKXCAF	XCAFPrs	XCAFPrs_IndexedDataMapOfShapeStyle	alias	0	drop	R1	0
DataExchange	TKXCAF	XCAFPrs	XCAFPrs_Style	class	0	keep		0
DataExchange	TKXCAF	XCAFPrs	XCAFPrs_Texture	class	0	keep		0
DataExchange	TKXCAF	XCAFView	XCAFView_Object	class	0	keep		0
DataExchange	TKXCAF	XCAFView	XCAFView_ProjectionType	enum	0	keep		0
DataExchange	TKXSBase	XSAlgo	XSAlgo	class	0	keep		0
DataExchange	TKXSBase	XSAlgo	XSAlgo_AlgoContainer	class	0	keep		0
DataExchange	TKXSBase	XSAlgo	XSAlgo_Caller	enum	0	keep		0
DataExchange	TKXSBase	XSAlgo	XSAlgo_ToolContainer	class	0	keep		0
DataExchange	TKXSBase	XSControl	XSControl	class	0	keep		0
DataExchange	TKXSBase	XSControl	XSControl_ConnectedShapes	class	0	keep		0
DataExchange	TKXSBase	XSControl	XSControl_Controller	class	0	keep		0
DataExchange	TKXSBase	XSControl	XSControl_FuncShape	class	0	keep		0
DataExchange	TKXSBase	XSControl	XSControl_Functions	class	0	keep		0
DataExchange	TKXSBase	XSControl	XSControl_Reader	class	0	keep		0
DataExchange	TKXSBase	XSControl	XSControl_SelectForTransfer	class	0	keep		0
DataExchange	TKXSBase	XSControl	XSControl_SignTransferStatus	class	0	keep		0
DataExchange	TKXSBase	XSControl	XSControl_TransferReader	class	0	keep		7
DataExchange	TKXSBase	XSControl	XSControl_TransferWriter	class	0	keep		2
DataExchange	TKXSBase	XSControl	XSControl_Utils	class	0	keep		0
DataExchange	TKXSBase	XSControl	XSControl_Vars	class	0	keep		0
DataExchange	TKXSBase	XSControl	XSControl_WorkSession	class	0	keep		9
DataExchange	TKXSBase	XSControl	XSControl_Writer	class	0	keep		0
DataExchange	TKXmlXCAF	XmlMXCAFDoc	XmlMXCAFDoc	class	0	drop	R5	0
DataExchange	TKXmlXCAF	XmlMXCAFDoc	XmlMXCAFDoc_AssemblyItemRefDriver	class	0	drop	R5	0
DataExchange	TKXmlXCAF	XmlMXCAFDoc	XmlMXCAFDoc_CentroidDriver	class	0	drop	R5	0
DataExchange	TKXmlXCAF	XmlMXCAFDoc	XmlMXCAFDoc_ColorDriver	class	0	drop	R5	0
DataExchange	TKXmlXCAF	XmlMXCAFDoc	XmlMXCAFDoc_DatumDriver	class	0	drop	R5	0
DataExchange	TKXmlXCAF	XmlMXCAFDoc	XmlMXCAFDoc_DimTolDriver	class	0	drop	R5	0
DataExchange	TKXmlXCAF	XmlMXCAFDoc	XmlMXCAFDoc_GraphNodeDriver	class	0	drop	R5	0
DataExchange	TKXmlXCAF	XmlMXCAFDoc	XmlMXCAFDoc_LengthUnitDriver	class	0	drop	R5	0
DataExchange	TKXmlXCAF	XmlMXCAFDoc	XmlMXCAFDoc_LocationDriver	class	0	drop	R5	0
DataExchange	TKXmlXCAF	XmlMXCAFDoc	XmlMXCAFDoc_MaterialDriver	class	0	drop	R5	0
DataExchange	TKXmlXCAF	XmlMXCAFDoc	XmlMXCAFDoc_NoteBinDataDriver	class	0	drop	R5	0
DataExchange	TKXmlXCAF	XmlMXCAFDoc	XmlMXCAFDoc_NoteCommentDriver	class	0	drop	R5	0
DataExchange	TKXmlXCAF	XmlMXCAFDoc	XmlMXCAFDoc_NoteDriver	class	0	drop	R5	0
DataExchange	TKXmlXCAF	XmlMXCAFDoc	XmlMXCAFDoc_VisMaterialDriver	class	0	drop	R5	0
DataExchange	TKXmlXCAF	XmlMXCAFDoc	XmlMXCAFDoc_VisMaterialToolDriver	class	0	drop	R5	0
DataExchange	TKXmlXCAF	XmlXCAFDrivers	XmlXCAFDrivers	class	0	drop	R5	0
DataExchange	TKXmlXCAF	XmlXCAFDrivers	XmlXCAFDrivers_DocumentRetrievalDriver	class	0	drop	R5	0
DataExchange	TKXmlXCAF	XmlXCAFDrivers	XmlXCAFDrivers_DocumentStorageDriver	class	0	drop	R5	0
FoundationClasses	TKMath	BSplCLib	BSplCLib	class	0	keep		6
FoundationClasses	TKMath	BSplCLib	BSplCLib_Cache	class	0	keep		0
FoundationClasses	TKMath	BSplCLib	BSplCLib_CacheParams	class	0	keep		0
FoundationClasses	TKMath	BSplCLib	BSplCLib_EvaluatorFunction	class	0	keep		0
FoundationClasses	TKMath	BSplCLib	BSplCLib_KnotDistribution	enum	0	keep		0
FoundationClasses	TKMath	BSplCLib	BSplCLib_MultDistribution	enum	0	keep		0
FoundationClasses	TKMath	BSplSLib	BSplSLib	class	0	keep		0
FoundationClasses	TKMath	BSplSLib	BSplSLib_Cache	class	0	keep		0
FoundationClasses	TKMath	BSplSLib	BSplSLib_EvaluatorFunction	class	0	keep		0
FoundationClasses	TKMath	BVH	BVH_BinaryTree	other	0	keep		0
FoundationClasses	TKMath	BVH	BVH_BinnedBuilder	class	0	keep		0
FoundationClasses	TKMath	BVH	BVH_Box	class	0	keep		0
FoundationClasses	TKMath	BVH	BVH_BoxSet	class	0	keep		0
FoundationClasses	TKMath	BVH	BVH_BuildQueue	class	0	keep		0
FoundationClasses	TKMath	BVH	BVH_BuildThread	class	0	keep		0
FoundationClasses	TKMath	BVH	BVH_Builder	class	0	keep		0
FoundationClasses	TKMath	BVH	BVH_Constants	other	0	keep		0
FoundationClasses	TKMath	BVH	BVH_Distance	class	0	keep		0
FoundationClasses	TKMath	BVH	BVH_DistanceField	class	0	keep		0
FoundationClasses	TKMath	BVH	BVH_Geometry	class	0	keep		0
FoundationClasses	TKMath	BVH	BVH_IndexedBoxSet	class	0	keep		0
FoundationClasses	TKMath	BVH	BVH_LinearBuilder	class	0	keep		0
FoundationClasses	TKMath	BVH	BVH_Object	class	0	keep		0
FoundationClasses	TKMath	BVH	BVH_ObjectSet	class	0	keep		0
FoundationClasses	TKMath	BVH	BVH_PairDistance	class	0	keep		0
FoundationClasses	TKMath	BVH	BVH_PrimitiveSet	class	0	keep		0
FoundationClasses	TKMath	BVH	BVH_PrimitiveSet3d	alias	0	keep		0
FoundationClasses	TKMath	BVH	BVH_Properties	class	0	keep		0
FoundationClasses	TKMath	BVH	BVH_QuadTree	other	0	keep		0
FoundationClasses	TKMath	BVH	BVH_QueueBuilder	class	0	keep		0
FoundationClasses	TKMath	BVH	BVH_QuickSorter	class	0	keep		0
FoundationClasses	TKMath	BVH	BVH_RadixSorter	class	0	keep		0
FoundationClasses	TKMath	BVH	BVH_Ray	class	0	keep		0
FoundationClasses	TKMath	BVH	BVH_Set	class	0	keep		0
FoundationClasses	TKMath	BVH	BVH_Sorter	class	0	keep		0
FoundationClasses	TKMath	BVH	BVH_SpatialMedianBuilder	class	0	keep		0
FoundationClasses	TKMath	BVH	BVH_SweepPlaneBuilder	class	0	keep		0
FoundationClasses	TKMath	BVH	BVH_Tools	class	0	keep		0
FoundationClasses	TKMath	BVH	BVH_Traverse	class	0	keep		0
FoundationClasses	TKMath	BVH	BVH_Tree	class	0	keep		0
FoundationClasses	TKMath	BVH	BVH_Triangulation	class	0	keep		0
FoundationClasses	TKMath	BVH	BVH_Types	other	0	keep		0
FoundationClasses	TKMath	Bnd	Bnd_Array1OfBox	alias	0	drop	R1	0
FoundationClasses	TKMath	Bnd	Bnd_Array1OfBox2d	alias	0	drop	R1	0
FoundationClasses	TKMath	Bnd	Bnd_Array1OfSphere	alias	0	drop	R1	0
FoundationClasses	TKMath	Bnd	Bnd_B2d	class	0	keep		0
FoundationClasses	TKMath	Bnd	Bnd_B2f	class	0	keep		0
FoundationClasses	TKMath	Bnd	Bnd_B3d	class	0	keep		0
FoundationClasses	TKMath	Bnd	Bnd_B3f	class	0	keep		0
FoundationClasses	TKMath	Bnd	Bnd_BoundSortBox	class	0	keep		0
FoundationClasses	TKMath	Bnd	Bnd_Box	class	0	keep		41
FoundationClasses	TKMath	Bnd	Bnd_Box2d	class	0	keep		0
FoundationClasses	TKMath	Bnd	Bnd_HArray1OfBox	other	0	drop	R1	0
FoundationClasses	TKMath	Bnd	Bnd_HArray1OfBox2d	other	0	drop	R1	0
FoundationClasses	TKMath	Bnd	Bnd_HArray1OfSphere	other	0	drop	R1	0
FoundationClasses	TKMath	Bnd	Bnd_OBB	class	0	keep		1
FoundationClasses	TKMath	Bnd	Bnd_Range	class	0	keep		0
FoundationClasses	TKMath	Bnd	Bnd_Sphere	class	0	keep		0
FoundationClasses	TKMath	Bnd	Bnd_Tools	class	0	keep		0
FoundationClasses	TKMath	CSLib	CSLib	class	0	keep		2
FoundationClasses	TKMath	CSLib	CSLib_Class2d	class	0	keep		0
FoundationClasses	TKMath	CSLib	CSLib_DerivativeStatus	enum	0	keep		0
FoundationClasses	TKMath	CSLib	CSLib_NormalPolyDef	class	0	keep		0
FoundationClasses	TKMath	CSLib	CSLib_NormalStatus	enum	0	keep		0
FoundationClasses	TKMath	Convert	Convert_CircleToBSplineCurve	class	0	keep		0
FoundationClasses	TKMath	Convert	Convert_CompBezierCurves2dToBSplineCurve2d	class	0	keep		0
FoundationClasses	TKMath	Convert	Convert_CompBezierCurvesToBSplineCurve	class	0	keep		0
FoundationClasses	TKMath	Convert	Convert_CompPolynomialToPoles	class	0	keep		0
FoundationClasses	TKMath	Convert	Convert_ConeToBSplineSurface	class	0	keep		0
FoundationClasses	TKMath	Convert	Convert_ConicToBSplineCurve	class	0	keep		0
FoundationClasses	TKMath	Convert	Convert_CosAndSinEvalFunction	other	0	keep		0
FoundationClasses	TKMath	Convert	Convert_CylinderToBSplineSurface	class	0	keep		0
FoundationClasses	TKMath	Convert	Convert_ElementarySurfaceToBSplineSurface	class	0	keep		0
FoundationClasses	TKMath	Convert	Convert_EllipseToBSplineCurve	class	0	keep		0
FoundationClasses	TKMath	Convert	Convert_GridPolynomialToPoles	class	0	keep		0
FoundationClasses	TKMath	Convert	Convert_HyperbolaToBSplineCurve	class	0	keep		0
FoundationClasses	TKMath	Convert	Convert_ParabolaToBSplineCurve	class	0	keep		0
FoundationClasses	TKMath	Convert	Convert_ParameterisationType	enum	0	keep		0
FoundationClasses	TKMath	Convert	Convert_PolynomialCosAndSin	other	0	keep		0
FoundationClasses	TKMath	Convert	Convert_SequenceOfArray1OfPoles	alias	0	drop	R1	0
FoundationClasses	TKMath	Convert	Convert_SequenceOfArray1OfPoles2d	alias	0	drop	R1	0
FoundationClasses	TKMath	Convert	Convert_SphereToBSplineSurface	class	0	keep		0
FoundationClasses	TKMath	Convert	Convert_TorusToBSplineSurface	class	0	keep		0
FoundationClasses	TKMath	ElCLib	ElCLib	class	0	keep		3
FoundationClasses	TKMath	ElSLib	ElSLib	class	0	keep		0
FoundationClasses	TKMath	Expr	Expr	class	0	keep		0
FoundationClasses	TKMath	Expr	Expr_Absolute	class	0	keep		0
FoundationClasses	TKMath	Expr	Expr_ArcCosine	class	0	keep		0
FoundationClasses	TKMath	Expr	Expr_ArcSine	class	0	keep		0
FoundationClasses	TKMath	Expr	Expr_ArcTangent	class	0	keep		0
FoundationClasses	TKMath	Expr	Expr_ArgCosh	class	0	keep		0
FoundationClasses	TKMath	Expr	Expr_ArgSinh	class	0	keep		0
FoundationClasses	TKMath	Expr	Expr_ArgTanh	class	0	keep		0
FoundationClasses	TKMath	Expr	Expr_Array1OfGeneralExpression	alias	0	drop	R1	0
FoundationClasses	TKMath	Expr	Expr_Array1OfNamedUnknown	alias	0	drop	R1	0
FoundationClasses	TKMath	Expr	Expr_Array1OfSingleRelation	alias	0	drop	R1	0
FoundationClasses	TKMath	Expr	Expr_BinaryExpression	class	0	keep		0
FoundationClasses	TKMath	Expr	Expr_BinaryFunction	class	0	keep		0
FoundationClasses	TKMath	Expr	Expr_Cosh	class	0	keep		0
FoundationClasses	TKMath	Expr	Expr_Cosine	class	0	keep		0
FoundationClasses	TKMath	Expr	Expr_Difference	class	0	keep		0
FoundationClasses	TKMath	Expr	Expr_Different	class	0	keep		0
FoundationClasses	TKMath	Expr	Expr_Division	class	0	keep		0
FoundationClasses	TKMath	Expr	Expr_Equal	class	0	keep		0
FoundationClasses	TKMath	Expr	Expr_Exponential	class	0	keep		0
FoundationClasses	TKMath	Expr	Expr_Exponentiate	class	0	keep		0
FoundationClasses	TKMath	Expr	Expr_ExprFailure	class	0	keep		0
FoundationClasses	TKMath	Expr	Expr_FunctionDerivative	class	0	keep		0
FoundationClasses	TKMath	Expr	Expr_GeneralExpression	class	0	keep		0
FoundationClasses	TKMath	Expr	Expr_GeneralFunction	class	0	keep		0
FoundationClasses	TKMath	Expr	Expr_GeneralRelation	class	0	keep		0
FoundationClasses	TKMath	Expr	Expr_GreaterThan	class	0	keep		0
FoundationClasses	TKMath	Expr	Expr_GreaterThanOrEqual	class	0	keep		0
FoundationClasses	TKMath	Expr	Expr_InvalidAssignment	class	0	keep		0
FoundationClasses	TKMath	Expr	Expr_InvalidFunction	class	0	keep		0
FoundationClasses	TKMath	Expr	Expr_InvalidOperand	class	0	keep		0
FoundationClasses	TKMath	Expr	Expr_LessThan	class	0	keep		0
FoundationClasses	TKMath	Expr	Expr_LessThanOrEqual	class	0	keep		0
FoundationClasses	TKMath	Expr	Expr_LogOf10	class	0	keep		0
FoundationClasses	TKMath	Expr	Expr_LogOfe	class	0	keep		0
FoundationClasses	TKMath	Expr	Expr_MapOfNamedUnknown	alias	0	drop	R1	0
FoundationClasses	TKMath	Expr	Expr_NamedConstant	class	0	keep		0
FoundationClasses	TKMath	Expr	Expr_NamedExpression	class	0	keep		0
FoundationClasses	TKMath	Expr	Expr_NamedFunction	class	0	keep		0
FoundationClasses	TKMath	Expr	Expr_NamedUnknown	class	0	keep		0
FoundationClasses	TKMath	Expr	Expr_NotAssigned	class	0	keep		0
FoundationClasses	TKMath	Expr	Expr_NotEvaluable	class	0	keep		0
FoundationClasses	TKMath	Expr	Expr_NumericValue	class	0	keep		0
FoundationClasses	TKMath	Expr	Expr_Operators	other	0	keep		0
FoundationClasses	TKMath	Expr	Expr_PolyExpression	class	0	keep		0
FoundationClasses	TKMath	Expr	Expr_PolyFunction	class	0	keep		0
FoundationClasses	TKMath	Expr	Expr_Product	class	0	keep		0
FoundationClasses	TKMath	Expr	Expr_RUIterator	class	0	keep		0
FoundationClasses	TKMath	Expr	Expr_RelationIterator	class	0	keep		0
FoundationClasses	TKMath	Expr	Expr_SequenceOfGeneralExpression	alias	0	drop	R1	0
FoundationClasses	TKMath	Expr	Expr_SequenceOfGeneralRelation	alias	0	drop	R1	0
FoundationClasses	TKMath	Expr	Expr_Sign	class	0	keep		0
FoundationClasses	TKMath	Expr	Expr_Sine	class	0	keep		0
FoundationClasses	TKMath	Expr	Expr_SingleRelation	class	0	keep		0
FoundationClasses	TKMath	Expr	Expr_Sinh	class	0	keep		0
FoundationClasses	TKMath	Expr	Expr_Square	class	0	keep		0
FoundationClasses	TKMath	Expr	Expr_SquareRoot	class	0	keep		0
FoundationClasses	TKMath	Expr	Expr_Sum	class	0	keep		0
FoundationClasses	TKMath	Expr	Expr_SystemRelation	class	0	keep		0
FoundationClasses	TKMath	Expr	Expr_Tangent	class	0	keep		0
FoundationClasses	TKMath	Expr	Expr_Tanh	class	0	keep		0
FoundationClasses	TKMath	Expr	Expr_UnaryExpression	class	0	keep		0
FoundationClasses	TKMath	Expr	Expr_UnaryFunction	class	0	keep		0
FoundationClasses	TKMath	Expr	Expr_UnaryMinus	class	0	keep		0
FoundationClasses	TKMath	Expr	Expr_UnknownIterator	class	0	keep		0
FoundationClasses	TKMath	ExprIntrp	ExprIntrp	class	0	keep		0
FoundationClasses	TKMath	ExprIntrp	ExprIntrp_Analysis	class	0	keep		0
FoundationClasses	TKMath	ExprIntrp	ExprIntrp_GenExp	class	0	keep		0
FoundationClasses	TKMath	ExprIntrp	ExprIntrp_GenFct	class	0	keep		0
FoundationClasses	TKMath	ExprIntrp	ExprIntrp_GenRel	class	0	keep		0
FoundationClasses	TKMath	ExprIntrp	ExprIntrp_Generator	class	0	keep		0
FoundationClasses	TKMath	ExprIntrp	ExprIntrp_ListIteratorOfStackOfGeneralExpression	other	0	drop	R1	0
FoundationClasses	TKMath	ExprIntrp	ExprIntrp_ListIteratorOfStackOfGeneralFunction	other	0	drop	R1	0
FoundationClasses	TKMath	ExprIntrp	ExprIntrp_ListIteratorOfStackOfGeneralRelation	other	0	drop	R1	0
FoundationClasses	TKMath	ExprIntrp	ExprIntrp_SequenceOfNamedExpression	alias	0	drop	R1	0
FoundationClasses	TKMath	ExprIntrp	ExprIntrp_SequenceOfNamedFunction	alias	0	drop	R1	0
FoundationClasses	TKMath	ExprIntrp	ExprIntrp_StackOfGeneralExpression	alias	0	drop	R1	0
FoundationClasses	TKMath	ExprIntrp	ExprIntrp_StackOfGeneralFunction	alias	0	drop	R1	0
FoundationClasses	TKMath	ExprIntrp	ExprIntrp_StackOfGeneralRelation	alias	0	drop	R1	0
FoundationClasses	TKMath	ExprIntrp	ExprIntrp_SyntaxError	class	0	keep		0
FoundationClasses	TKMath	ExprIntrp	ExprIntrp_yaccanal	other	0	keep		0
FoundationClasses	TKMath	ExprIntrp	ExprIntrp_yaccintrf	other	0	keep		0
FoundationClasses	TKernel	FSD	FSD_BStream	alias	0	drop	R3	0
FoundationClasses	TKernel	FSD	FSD_Base64	class	0	drop	R3	0
FoundationClasses	TKernel	FSD	FSD_BinaryFile	class	0	drop	R3	0
FoundationClasses	TKernel	FSD	FSD_CmpFile	class	0	drop	R3	0
FoundationClasses	TKernel	FSD	FSD_FStream	alias	0	drop	R3	0
FoundationClasses	TKernel	FSD	FSD_File	class	0	drop	R3	0
FoundationClasses	TKernel	FSD	FSD_FileHeader	class	0	drop	R3	0
FoundationClasses	TKMath	GeomAbs	GeomAbs_BSplKnotDistribution	enum	0	keep		0
FoundationClasses	TKMath	GeomAbs	GeomAbs_CurveType	enum	0	keep		4
FoundationClasses	TKMath	GeomAbs	GeomAbs_IsoType	enum	0	keep		0
FoundationClasses	TKMath	GeomAbs	GeomAbs_JoinType	enum	0	keep		0
FoundationClasses	TKMath	GeomAbs	GeomAbs_Shape	enum	0	keep		7
FoundationClasses	TKMath	GeomAbs	GeomAbs_SurfaceType	enum	0	keep		2
FoundationClasses	TKernel	Message	Message	class	0	drop	R3	1
FoundationClasses	TKernel	Message	Message_Alert	class	0	drop	R3	0
FoundationClasses	TKernel	Message	Message_AlertExtended	class	0	drop	R3	0
FoundationClasses	TKernel	Message	Message_Algorithm	class	0	drop	R3	0
FoundationClasses	TKernel	Message	Message_Attribute	class	0	drop	R3	0
FoundationClasses	TKernel	Message	Message_AttributeMeter	class	0	drop	R3	0
FoundationClasses	TKernel	Message	Message_AttributeObject	class	0	drop	R3	0
FoundationClasses	TKernel	Message	Message_AttributeStream	class	0	drop	R3	0
FoundationClasses	TKernel	Message	Message_CompositeAlerts	class	0	drop	R3	0
FoundationClasses	TKernel	Message	Message_ConsoleColor	enum	0	drop	R3	0
FoundationClasses	TKernel	Message	Message_ExecStatus	class	0	drop	R3	0
FoundationClasses	TKernel	Message	Message_Gravity	enum	0	drop	R3	1
FoundationClasses	TKernel	Message	Message_HArrayOfMsg	alias	0	drop	R3	0
FoundationClasses	TKernel	Message	Message_LazyProgressScope	class	0	drop	R3	0
FoundationClasses	TKernel	Message	Message_Level	class	0	drop	R3	0
FoundationClasses	TKernel	Message	Message_ListIteratorOfListOfMsg	other	0	drop	R3	0
FoundationClasses	TKernel	Message	Message_ListOfAlert	alias	0	drop	R3	0
FoundationClasses	TKernel	Message	Message_ListOfMsg	alias	0	drop	R3	0
FoundationClasses	TKernel	Message	Message_Messenger	class	0	drop	R3	2
FoundationClasses	TKernel	Message	Message_MetricType	enum	0	drop	R3	0
FoundationClasses	TKernel	Message	Message_Msg	class	0	drop	R3	0
FoundationClasses	TKernel	Message	Message_MsgFile	class	0	drop	R3	2
FoundationClasses	TKernel	Message	Message_Printer	class	0	drop	R3	1
FoundationClasses	TKernel	Message	Message_PrinterOStream	class	0	drop	R3	1
FoundationClasses	TKernel	Message	Message_PrinterSystemLog	class	0	drop	R3	0
FoundationClasses	TKernel	Message	Message_PrinterToReport	class	0	drop	R3	0
FoundationClasses	TKernel	Message	Message_ProgressIndicator	class	0	keep	V-PROGRESS	2
FoundationClasses	TKernel	Message	Message_ProgressRange	class	0	keep	V-PROGRESS	8
FoundationClasses	TKernel	Message	Message_ProgressScope	class	0	keep	V-PROGRESS	0
FoundationClasses	TKernel	Message	Message_ProgressSentry	other	1	keep	V-PROGRESS	0
FoundationClasses	TKernel	Message	Message_Report	class	0	drop	R3	0
FoundationClasses	TKernel	Message	Message_SequenceOfPrinters	alias	0	drop	R3	0
FoundationClasses	TKernel	Message	Message_Status	enum	0	drop	R3	0
FoundationClasses	TKernel	Message	Message_StatusType	enum	0	drop	R3	0
FoundationClasses	TKernel	NCollection	NCollection_AccAllocator	class	0	drop	R2	0
FoundationClasses	TKernel	NCollection	NCollection_AliasedArray	class	0	drop	R2	0
FoundationClasses	TKernel	NCollection	NCollection_AlignedAllocator	class	0	drop	R2	0
FoundationClasses	TKernel	NCollection	NCollection_Allocator	class	0	drop	R2	0
FoundationClasses	TKernel	NCollection	NCollection_Array1	class	0	drop	R2	0
FoundationClasses	TKernel	NCollection	NCollection_Array2	class	0	drop	R2	0
FoundationClasses	TKernel	NCollection	NCollection_BaseAllocator	class	0	drop	R2	0
FoundationClasses	TKernel	NCollection	NCollection_BaseList	class	0	drop	R2	0
FoundationClasses	TKernel	NCollection	NCollection_BaseMap	class	0	drop	R2	0
FoundationClasses	TKernel	NCollection	NCollection_BasePointerVector	class	0	drop	R2	0
FoundationClasses	TKernel	NCollection	NCollection_BaseSequence	class	0	drop	R2	0
FoundationClasses	TKernel	NCollection	NCollection_Buffer	class	0	drop	R2	0
FoundationClasses	TKernel	NCollection	NCollection_CellFilter	class	0	drop	R2	0
FoundationClasses	TKernel	NCollection	NCollection_DataMap	class	0	drop	R2	0
FoundationClasses	TKernel	NCollection	NCollection_DefaultHasher	class	0	drop	R2	0
FoundationClasses	TKernel	NCollection	NCollection_DefineAlloc	other	0	drop	R2	0
FoundationClasses	TKernel	NCollection	NCollection_DefineHArray1	other	0	drop	R2	0
FoundationClasses	TKernel	NCollection	NCollection_DefineHArray2	other	0	drop	R2	0
FoundationClasses	TKernel	NCollection	NCollection_DefineHSequence	other	0	drop	R2	0
FoundationClasses	TKernel	NCollection	NCollection_DefineHasher	other	0	drop	R2	0
FoundationClasses	TKernel	NCollection	NCollection_DoubleMap	class	0	drop	R2	0
FoundationClasses	TKernel	NCollection	NCollection_DynamicArray	class	0	drop	R2	0
FoundationClasses	TKernel	NCollection	NCollection_EBTree	class	0	drop	R2	0
FoundationClasses	TKernel	NCollection	NCollection_HArray1	other	0	drop	R2	0
FoundationClasses	TKernel	NCollection	NCollection_HArray2	other	0	drop	R2	0
FoundationClasses	TKernel	NCollection	NCollection_HSequence	other	0	drop	R2	0
FoundationClasses	TKernel	NCollection	NCollection_Handle	class	0	drop	R2	0
FoundationClasses	TKernel	NCollection	NCollection_HeapAllocator	class	0	drop	R2	0
FoundationClasses	TKernel	NCollection	NCollection_IncAllocator	class	0	drop	R2	0
FoundationClasses	TKernel	NCollection	NCollection_IndexedDataMap	class	0	drop	R2	0
FoundationClasses	TKernel	NCollection	NCollection_IndexedIterator	class	0	drop	R2	0
FoundationClasses	TKernel	NCollection	NCollection_IndexedMap	class	0	drop	R2	0
FoundationClasses	TKernel	NCollection	NCollection_Iterator	class	0	drop	R2	0
FoundationClasses	TKernel	NCollection	NCollection_Lerp	class	0	drop	R2	0
FoundationClasses	TKernel	NCollection	NCollection_List	class	0	drop	R2	2
FoundationClasses	TKernel	NCollection	NCollection_ListNode	class	0	drop	R2	0
FoundationClasses	TKernel	NCollection	NCollection_LocalArray	class	0	drop	R2	0
FoundationClasses	TKernel	NCollection	NCollection_Map	class	0	drop	R2	0
FoundationClasses	TKernel	NCollection	NCollection_Mat3	class	0	drop	R2	0
FoundationClasses	TKernel	NCollection	NCollection_Mat4	class	0	drop	R2	0
FoundationClasses	TKernel	NCollection	NCollection_OccAllocator	class	0	drop	R2	0
FoundationClasses	TKernel	NCollection	NCollection_Sequence	class	0	drop	R2	0
FoundationClasses	TKernel	NCollection	NCollection_Shared	class	0	drop	R2	0
FoundationClasses	TKernel	NCollection	NCollection_SparseArray	class	0	drop	R2	0
FoundationClasses	TKernel	NCollection	NCollection_SparseArrayBase	class	0	drop	R2	0
FoundationClasses	TKernel	NCollection	NCollection_StlIterator	class	0	drop	R2	0
FoundationClasses	TKernel	NCollection	NCollection_String	alias	0	drop	R2	0
FoundationClasses	TKernel	NCollection	NCollection_TListIterator	class	0	drop	R2	0
FoundationClasses	TKernel	NCollection	NCollection_TListNode	class	0	drop	R2	0
FoundationClasses	TKernel	NCollection	NCollection_TypeDef	other	0	drop	R2	0
FoundationClasses	TKernel	NCollection	NCollection_UBTree	class	0	drop	R2	0
FoundationClasses	TKernel	NCollection	NCollection_UBTreeFiller	class	0	drop	R2	0
FoundationClasses	TKernel	NCollection	NCollection_UtfIterator	class	0	drop	R2	0
FoundationClasses	TKernel	NCollection	NCollection_UtfString	class	0	drop	R2	0
FoundationClasses	TKernel	NCollection	NCollection_Vec2	class	0	drop	R2	0
FoundationClasses	TKernel	NCollection	NCollection_Vec3	class	0	drop	R2	0
FoundationClasses	TKernel	NCollection	NCollection_Vec4	class	0	drop	R2	0
FoundationClasses	TKernel	NCollection	NCollection_Vector	alias	0	drop	R2	1
FoundationClasses	TKernel	NCollection	NCollection_WinHeapAllocator	class	0	drop	R2	0
FoundationClasses	TKernel	OSD	OSD	class	0	drop	R3	1
FoundationClasses	TKernel	OSD	OSD_CachedFileSystem	class	0	drop	R3	0
FoundationClasses	TKernel	OSD	OSD_Chronometer	class	0	drop	R3	0
FoundationClasses	TKernel	OSD	OSD_Directory	class	0	drop	R3	0
FoundationClasses	TKernel	OSD	OSD_DirectoryIterator	class	0	drop	R3	0
FoundationClasses	TKernel	OSD	OSD_Disk	class	0	drop	R3	0
FoundationClasses	TKernel	OSD	OSD_Environment	class	0	drop	R3	0
FoundationClasses	TKernel	OSD	OSD_Error	class	0	drop	R3	0
FoundationClasses	TKernel	OSD	OSD_ErrorList	other	0	drop	R3	0
FoundationClasses	TKernel	OSD	OSD_Exception	class	0	drop	R3	2
FoundationClasses	TKernel	OSD	OSD_Exception_ACCESS_VIOLATION	class	0	drop	R3	0
FoundationClasses	TKernel	OSD	OSD_Exception_ARRAY_BOUNDS_EXCEEDED	class	0	drop	R3	0
FoundationClasses	TKernel	OSD	OSD_Exception_CTRL_BREAK	class	0	drop	R3	0
FoundationClasses	TKernel	OSD	OSD_Exception_ILLEGAL_INSTRUCTION	class	0	drop	R3	0
FoundationClasses	TKernel	OSD	OSD_Exception_INT_OVERFLOW	class	0	drop	R3	0
FoundationClasses	TKernel	OSD	OSD_Exception_INVALID_DISPOSITION	class	0	drop	R3	0
FoundationClasses	TKernel	OSD	OSD_Exception_IN_PAGE_ERROR	class	0	drop	R3	0
FoundationClasses	TKernel	OSD	OSD_Exception_NONCONTINUABLE_EXCEPTION	class	0	drop	R3	0
FoundationClasses	TKernel	OSD	OSD_Exception_PRIV_INSTRUCTION	class	0	drop	R3	0
FoundationClasses	TKernel	OSD	OSD_Exception_STACK_OVERFLOW	class	0	drop	R3	0
FoundationClasses	TKernel	OSD	OSD_Exception_STATUS_NO_MEMORY	class	0	drop	R3	0
FoundationClasses	TKernel	OSD	OSD_File	class	0	drop	R3	0
FoundationClasses	TKernel	OSD	OSD_FileIterator	class	0	drop	R3	0
FoundationClasses	TKernel	OSD	OSD_FileNode	class	0	drop	R3	0
FoundationClasses	TKernel	OSD	OSD_FileSystem	class	0	drop	R3	0
FoundationClasses	TKernel	OSD	OSD_FileSystemSelector	class	0	drop	R3	0
FoundationClasses	TKernel	OSD	OSD_FromWhere	enum	0	drop	R3	0
FoundationClasses	TKernel	OSD	OSD_Function	other	0	drop	R3	0
FoundationClasses	TKernel	OSD	OSD_Host	class	0	drop	R3	0
FoundationClasses	TKernel	OSD	OSD_KindFile	enum	0	drop	R3	0
FoundationClasses	TKernel	OSD	OSD_LoadMode	enum	0	drop	R3	0
FoundationClasses	TKernel	OSD	OSD_LocalFileSystem	class	0	drop	R3	0
FoundationClasses	TKernel	OSD	OSD_LockType	enum	0	drop	R3	0
FoundationClasses	TKernel	OSD	OSD_MAllocHook	class	0	drop	R3	0
FoundationClasses	TKernel	OSD	OSD_MemInfo	class	0	drop	R3	0
FoundationClasses	TKernel	OSD	OSD_OEMType	enum	0	drop	R3	0
FoundationClasses	TKernel	OSD	OSD_OSDError	class	0	drop	R3	0
FoundationClasses	TKernel	OSD	OSD_OpenFile	other	0	drop	R3	2
FoundationClasses	TKernel	OSD	OSD_OpenMode	enum	0	drop	R3	0
FoundationClasses	TKernel	OSD	OSD_PThread	alias	0	drop	R3	0
FoundationClasses	TKernel	OSD	OSD_Parallel	class	0	drop	R3	1
FoundationClasses	TKernel	OSD	OSD_Path	class	0	drop	R3	0
FoundationClasses	TKernel	OSD	OSD_PerfMeter	class	0	drop	R3	0
FoundationClasses	TKernel	OSD	OSD_Process	class	0	drop	R3	0
FoundationClasses	TKernel	OSD	OSD_Protection	class	0	drop	R3	0
FoundationClasses	TKernel	OSD	OSD_SIGBUS	class	0	drop	R3	1
FoundationClasses	TKernel	OSD	OSD_SIGHUP	class	0	drop	R3	1
FoundationClasses	TKernel	OSD	OSD_SIGILL	class	0	drop	R3	1
FoundationClasses	TKernel	OSD	OSD_SIGINT	class	0	drop	R3	1
FoundationClasses	TKernel	OSD	OSD_SIGKILL	class	0	drop	R3	1
FoundationClasses	TKernel	OSD	OSD_SIGQUIT	class	0	drop	R3	1
FoundationClasses	TKernel	OSD	OSD_SIGSEGV	class	0	drop	R3	1
FoundationClasses	TKernel	OSD	OSD_SIGSYS	class	0	drop	R3	1
FoundationClasses	TKernel	OSD	OSD_SharedLibrary	class	0	drop	R3	0
FoundationClasses	TKernel	OSD	OSD_Signal	class	0	drop	R3	0
FoundationClasses	TKernel	OSD	OSD_SignalMode	enum	0	drop	R3	0
FoundationClasses	TKernel	OSD	OSD_SingleProtection	enum	0	drop	R3	0
FoundationClasses	TKernel	OSD	OSD_StreamBuffer	class	0	drop	R3	0
FoundationClasses	TKernel	OSD	OSD_SysType	enum	0	drop	R3	0
FoundationClasses	TKernel	OSD	OSD_Thread	class	0	drop	R3	0
FoundationClasses	TKernel	OSD	OSD_ThreadFunction	alias	0	drop	R3	0
FoundationClasses	TKernel	OSD	OSD_ThreadPool	class	0	drop	R3	0
FoundationClasses	TKernel	OSD	OSD_Timer	class	0	drop	R3	0
FoundationClasses	TKernel	OSD	OSD_WNT	other	0	drop	R3	0
FoundationClasses	TKernel	OSD	OSD_WhoAmI	enum	0	drop	R3	1
FoundationClasses	TKMath	PLib	PLib	class	0	keep		0
FoundationClasses	TKMath	PLib	PLib_Base	class	0	keep		0
FoundationClasses	TKMath	PLib	PLib_DoubleJacobiPolynomial	class	0	keep		0
FoundationClasses	TKMath	PLib	PLib_HermitJacobi	class	0	keep		0
FoundationClasses	TKMath	PLib	PLib_JacobiPolynomial	class	0	keep		0
FoundationClasses	TKernel	Plugin	Plugin	class	0	drop	R3	0
FoundationClasses	TKernel	Plugin	Plugin_DataMapIteratorOfMapOfFunctions	other	0	drop	R3	0
FoundationClasses	TKernel	Plugin	Plugin_Failure	class	0	drop	R3	0
FoundationClasses	TKernel	Plugin	Plugin_Macro	other	0	drop	R3	0
FoundationClasses	TKernel	Plugin	Plugin_MapOfFunctions	alias	0	drop	R3	0
FoundationClasses	TKMath	Poly	Poly	class	0	keep		0
FoundationClasses	TKMath	Poly	Poly_Array1OfTriangle	alias	0	drop	R1	1
FoundationClasses	TKMath	Poly	Poly_ArrayOfNodes	class	0	drop	R1	0
FoundationClasses	TKMath	Poly	Poly_ArrayOfUVNodes	class	0	drop	R1	0
FoundationClasses	TKMath	Poly	Poly_CoherentLink	class	0	keep		0
FoundationClasses	TKMath	Poly	Poly_CoherentNode	class	0	keep		0
FoundationClasses	TKMath	Poly	Poly_CoherentTriPtr	class	0	keep		0
FoundationClasses	TKMath	Poly	Poly_CoherentTriangle	class	0	keep		0
FoundationClasses	TKMath	Poly	Poly_CoherentTriangulation	class	0	keep		0
FoundationClasses	TKMath	Poly	Poly_Connect	class	0	keep		2
FoundationClasses	TKMath	Poly	Poly_HArray1OfTriangle	other	0	drop	R1	0
FoundationClasses	TKMath	Poly	Poly_ListOfTriangulation	alias	0	drop	R1	0
FoundationClasses	TKMath	Poly	Poly_MakeLoops	class	0	keep		0
FoundationClasses	TKMath	Poly	Poly_MergeNodesTool	class	0	keep		0
FoundationClasses	TKMath	Poly	Poly_MeshPurpose	alias	0	keep		0
FoundationClasses	TKMath	Poly	Poly_Polygon2D	class	0	keep		0
FoundationClasses	TKMath	Poly	Poly_Polygon3D	class	0	keep		9
FoundationClasses	TKMath	Poly	Poly_PolygonOnTriangulation	class	1	keep		3
FoundationClasses	TKMath	Poly	Poly_Triangle	class	0	keep		2
FoundationClasses	TKMath	Poly	Poly_Triangulation	class	1	keep		9
FoundationClasses	TKMath	Poly	Poly_TriangulationParameters	class	0	keep		0
FoundationClasses	TKMath	Precision	Precision	class	0	keep		104
FoundationClasses	TKernel	Quantity	Quantity_Array1OfColor	alias	0	drop	R1	0
FoundationClasses	TKernel	Quantity	Quantity_Color	class	0	keep		3
FoundationClasses	TKernel	Quantity	Quantity_ColorRGBA	class	0	keep		7
FoundationClasses	TKernel	Quantity	Quantity_Date	class	0	keep		0
FoundationClasses	TKernel	Quantity	Quantity_DateDefinitionError	class	0	keep		0
FoundationClasses	TKernel	Quantity	Quantity_HArray1OfColor	other	0	drop	R1	0
FoundationClasses	TKernel	Quantity	Quantity_NameOfColor	enum	0	keep		1
FoundationClasses	TKernel	Quantity	Quantity_Period	class	0	keep		0
FoundationClasses	TKernel	Quantity	Quantity_PeriodDefinitionError	class	0	keep		0
FoundationClasses	TKernel	Quantity	Quantity_TypeOfColor	enum	0	keep		1
FoundationClasses	TKernel	Resource	Resource_ConvertUnicode	other	0	drop	R3	0
FoundationClasses	TKernel	Resource	Resource_DataMapOfAsciiStringAsciiString	alias	0	drop	R3	0
FoundationClasses	TKernel	Resource	Resource_DataMapOfAsciiStringExtendedString	alias	0	drop	R3	0
FoundationClasses	TKernel	Resource	Resource_FormatType	enum	0	drop	R3	2
FoundationClasses	TKernel	Resource	Resource_LexicalCompare	class	0	drop	R3	0
FoundationClasses	TKernel	Resource	Resource_Manager	class	0	drop	R3	0
FoundationClasses	TKernel	Resource	Resource_NoSuchResource	class	0	drop	R3	0
FoundationClasses	TKernel	Resource	Resource_Unicode	class	0	drop	R3	0
FoundationClasses	TKernel	Standard	Standard	class	0	drop	R3	1
FoundationClasses	TKernel	Standard	Standard_AbortiveTransaction	class	0	drop	R3	1
FoundationClasses	TKernel	Standard	Standard_ArrayStreamBuffer	class	0	drop	R3	0
FoundationClasses	TKernel	Standard	Standard_Assert	other	0	drop	R3	1
FoundationClasses	TKernel	Standard	Standard_Atomic	other	0	drop	R3	0
FoundationClasses	TKernel	Standard	Standard_Boolean	alias	0	drop	R3	2
FoundationClasses	TKernel	Standard	Standard_Byte	alias	0	drop	R3	1
FoundationClasses	TKernel	Standard	Standard_CLocaleSentry	class	0	drop	R3	0
FoundationClasses	TKernel	Standard	Standard_CString	other	0	drop	R3	2
FoundationClasses	TKernel	Standard	Standard_CStringHasher	class	0	drop	R3	0
FoundationClasses	TKernel	Standard	Standard_Character	other	0	drop	R3	1
FoundationClasses	TKernel	Standard	Standard_Condition	class	0	drop	R3	0
FoundationClasses	TKernel	Standard	Standard_ConstructionError	class	0	drop	R3	6
FoundationClasses	TKernel	Standard	Standard_DefineAlloc	other	0	drop	R3	0
FoundationClasses	TKernel	Standard	Standard_DefineException	other	0	drop	R3	0
FoundationClasses	TKernel	Standard	Standard_DefineHandle	other	0	drop	R3	1
FoundationClasses	TKernel	Standard	Standard_DimensionError	class	0	drop	R3	1
FoundationClasses	TKernel	Standard	Standard_DimensionMismatch	class	0	drop	R3	1
FoundationClasses	TKernel	Standard	Standard_DivideByZero	class	0	drop	R3	1
FoundationClasses	TKernel	Standard	Standard_DomainError	class	0	drop	R3	2
FoundationClasses	TKernel	Standard	Standard_Dump	class	0	drop	R3	0
FoundationClasses	TKernel	Standard	Standard_ErrorHandler	class	0	drop	R3	2
FoundationClasses	TKernel	Standard	Standard_ExtCharacter	other	0	drop	R3	1
FoundationClasses	TKernel	Standard	Standard_Failure	class	0	drop	R3	55
FoundationClasses	TKernel	Standard	Standard_GUID	class	0	drop	R3	1
FoundationClasses	TKernel	Standard	Standard_Handle	other	1	drop	R3	1
FoundationClasses	TKernel	Standard	Standard_HandlerStatus	enum	0	drop	R3	0
FoundationClasses	TKernel	Standard	Standard_HashUtils	other	0	drop	R3	0
FoundationClasses	TKernel	Standard	Standard_IStream	alias	0	drop	R3	1
FoundationClasses	TKernel	Standard	Standard_ImmutableObject	class	0	drop	R3	1
FoundationClasses	TKernel	Standard	Standard_Integer	other	0	drop	R3	1
FoundationClasses	TKernel	Standard	Standard_JmpBuf	alias	0	drop	R3	0
FoundationClasses	TKernel	Standard	Standard_LicenseError	class	0	drop	R3	1
FoundationClasses	TKernel	Standard	Standard_LicenseNotFound	class	0	drop	R3	1
FoundationClasses	TKernel	Standard	Standard_MMgrOpt	class	0	drop	R3	0
FoundationClasses	TKernel	Standard	Standard_MMgrRoot	class	0	drop	R3	0
FoundationClasses	TKernel	Standard	Standard_Macro	other	1	drop	R3	1
FoundationClasses	TKernel	Standard	Standard_MemoryUtils	other	0	drop	R3	0
FoundationClasses	TKernel	Standard	Standard_MultiplyDefined	class	0	drop	R3	1
FoundationClasses	TKernel	Standard	Standard_Mutex	class	0	drop	R3	1
FoundationClasses	TKernel	Standard	Standard_NegativeValue	class	0	drop	R3	1
FoundationClasses	TKernel	Standard	Standard_NoMoreObject	class	0	drop	R3	1
FoundationClasses	TKernel	Standard	Standard_NoSuchObject	class	0	drop	R3	1
FoundationClasses	TKernel	Standard	Standard_NotImplemented	class	0	drop	R3	1
FoundationClasses	TKernel	Standard	Standard_NullObject	class	0	drop	R3	1
FoundationClasses	TKernel	Standard	Standard_NullValue	class	0	drop	R3	2
FoundationClasses	TKernel	Standard	Standard_NumericError	class	0	drop	R3	2
FoundationClasses	TKernel	Standard	Standard_OStream	alias	0	drop	R3	1
FoundationClasses	TKernel	Standard	Standard_OutOfMemory	class	0	drop	R3	1
FoundationClasses	TKernel	Standard	Standard_OutOfRange	class	0	drop	R3	1
FoundationClasses	TKernel	Standard	Standard_Overflow	class	0	drop	R3	1
FoundationClasses	TKernel	Standard	Standard_PByte	alias	0	drop	R3	0
FoundationClasses	TKernel	Standard	Standard_PCharacter	alias	0	drop	R3	0
FoundationClasses	TKernel	Standard	Standard_PErrorHandler	alias	0	drop	R3	0
FoundationClasses	TKernel	Standard	Standard_PExtCharacter	alias	0	drop	R3	0
FoundationClasses	TKernel	Standard	Standard_Persistent	class	0	drop	R3	1
FoundationClasses	TKernel	Standard	Standard_PrimitiveTypes	other	0	drop	R3	1
FoundationClasses	TKernel	Standard	Standard_ProgramError	class	0	drop	R3	1
FoundationClasses	TKernel	Standard	Standard_RangeError	class	0	drop	R3	1
FoundationClasses	TKernel	Standard	Standard_ReadBuffer	class	0	drop	R3	0
FoundationClasses	TKernel	Standard	Standard_ReadLineBuffer	class	0	drop	R3	0
FoundationClasses	TKernel	Standard	Standard_Real	other	0	drop	R3	5
FoundationClasses	TKernel	Standard	Standard_SStream	alias	0	drop	R3	1
FoundationClasses	TKernel	Standard	Standard_ShortReal	other	0	drop	R3	1
FoundationClasses	TKernel	Standard	Standard_Std	other	0	drop	R3	0
FoundationClasses	TKernel	Standard	Standard_Stream	other	0	drop	R3	1
FoundationClasses	TKernel	Standard	Standard_ThreadId	alias	0	drop	R3	0
FoundationClasses	TKernel	Standard	Standard_Time	other	0	drop	R3	0
FoundationClasses	TKernel	Standard	Standard_Transient	class	0	drop	R3	1
FoundationClasses	TKernel	Standard	Standard_Type	class	0	drop	R3	2
FoundationClasses	TKernel	Standard	Standard_TypeDef	other	0	drop	R3	1
FoundationClasses	TKernel	Standard	Standard_TypeMismatch	class	0	drop	R3	2
FoundationClasses	TKernel	Standard	Standard_UUID	class	0	drop	R3	1
FoundationClasses	TKernel	Standard	Standard_Underflow	class	0	drop	R3	1
FoundationClasses	TKernel	Standard	Standard_Version	other	0	drop	R3	89
FoundationClasses	TKernel	Standard	Standard_WarningDisableFunctionCast	other	0	drop	R3	0
FoundationClasses	TKernel	Standard	Standard_WarningsDisable	other	0	drop	R3	0
FoundationClasses	TKernel	Standard	Standard_WarningsRestore	other	0	drop	R3	0
FoundationClasses	TKernel	StdFail	StdFail_InfiniteSolutions	class	0	drop	R3	0
FoundationClasses	TKernel	StdFail	StdFail_NotDone	class	0	drop	R3	1
FoundationClasses	TKernel	StdFail	StdFail_Undefined	class	0	drop	R3	0
FoundationClasses	TKernel	StdFail	StdFail_UndefinedDerivative	class	0	drop	R3	0
FoundationClasses	TKernel	StdFail	StdFail_UndefinedValue	class	0	drop	R3	0
FoundationClasses	TKernel	Storage	Storage	class	0	drop	R3	0
FoundationClasses	TKernel	Storage	Storage_ArrayOfCallBack	alias	0	drop	R3	0
FoundationClasses	TKernel	Storage	Storage_ArrayOfSchema	alias	0	drop	R3	0
FoundationClasses	TKernel	Storage	Storage_BaseDriver	class	0	drop	R3	0
FoundationClasses	TKernel	Storage	Storage_BucketOfPersistent	class	0	drop	R3	0
FoundationClasses	TKernel	Storage	Storage_CallBack	class	0	drop	R3	0
FoundationClasses	TKernel	Storage	Storage_Data	class	0	drop	R3	0
FoundationClasses	TKernel	Storage	Storage_DataMapIteratorOfMapOfCallBack	other	0	drop	R3	0
FoundationClasses	TKernel	Storage	Storage_DataMapIteratorOfMapOfPers	other	0	drop	R3	0
FoundationClasses	TKernel	Storage	Storage_DefaultCallBack	class	0	drop	R3	0
FoundationClasses	TKernel	Storage	Storage_Error	enum	0	drop	R3	0
FoundationClasses	TKernel	Storage	Storage_HArrayOfCallBack	other	0	drop	R3	0
FoundationClasses	TKernel	Storage	Storage_HArrayOfSchema	other	0	drop	R3	0
FoundationClasses	TKernel	Storage	Storage_HPArray	other	0	drop	R3	0
FoundationClasses	TKernel	Storage	Storage_HSeqOfRoot	other	0	drop	R3	0
FoundationClasses	TKernel	Storage	Storage_HeaderData	class	0	drop	R3	0
FoundationClasses	TKernel	Storage	Storage_InternalData	class	0	drop	R3	0
FoundationClasses	TKernel	Storage	Storage_Macros	other	0	drop	R3	0
FoundationClasses	TKernel	Storage	Storage_MapOfCallBack	alias	0	drop	R3	0
FoundationClasses	TKernel	Storage	Storage_MapOfPers	alias	0	drop	R3	0
FoundationClasses	TKernel	Storage	Storage_OpenMode	enum	0	drop	R3	0
FoundationClasses	TKernel	Storage	Storage_PArray	alias	0	drop	R3	0
FoundationClasses	TKernel	Storage	Storage_PType	alias	0	drop	R3	0
FoundationClasses	TKernel	Storage	Storage_Position	alias	0	drop	R3	0
FoundationClasses	TKernel	Storage	Storage_Root	class	0	drop	R3	0
FoundationClasses	TKernel	Storage	Storage_RootData	class	0	drop	R3	0
FoundationClasses	TKernel	Storage	Storage_Schema	class	0	drop	R3	0
FoundationClasses	TKernel	Storage	Storage_SeqOfRoot	alias	0	drop	R3	0
FoundationClasses	TKernel	Storage	Storage_SolveMode	enum	0	drop	R3	0
FoundationClasses	TKernel	Storage	Storage_StreamExtCharParityError	class	0	drop	R3	0
FoundationClasses	TKernel	Storage	Storage_StreamFormatError	class	0	drop	R3	0
FoundationClasses	TKernel	Storage	Storage_StreamModeError	class	0	drop	R3	0
FoundationClasses	TKernel	Storage	Storage_StreamReadError	class	0	drop	R3	0
FoundationClasses	TKernel	Storage	Storage_StreamTypeMismatchError	class	0	drop	R3	0
FoundationClasses	TKernel	Storage	Storage_StreamUnknownTypeError	class	0	drop	R3	0
FoundationClasses	TKernel	Storage	Storage_StreamWriteError	class	0	drop	R3	0
FoundationClasses	TKernel	Storage	Storage_TypeData	class	0	drop	R3	0
FoundationClasses	TKernel	Storage	Storage_TypedCallBack	class	0	drop	R3	0
FoundationClasses	TKernel	TColStd	TColStd_Array1OfAsciiString	alias	0	drop	R2	0
FoundationClasses	TKernel	TColStd	TColStd_Array1OfBoolean	alias	0	drop	R2	0
FoundationClasses	TKernel	TColStd	TColStd_Array1OfByte	alias	0	drop	R2	0
FoundationClasses	TKernel	TColStd	TColStd_Array1OfCharacter	alias	0	drop	R2	0
FoundationClasses	TKernel	TColStd	TColStd_Array1OfExtendedString	alias	0	drop	R2	0
FoundationClasses	TKernel	TColStd	TColStd_Array1OfInteger	alias	0	drop	R2	12
FoundationClasses	TKernel	TColStd	TColStd_Array1OfListOfInteger	alias	0	drop	R2	0
FoundationClasses	TKernel	TColStd	TColStd_Array1OfReal	alias	0	drop	R2	18
FoundationClasses	TKernel	TColStd	TColStd_Array1OfTransient	alias	0	drop	R2	0
FoundationClasses	TKernel	TColStd	TColStd_Array2OfBoolean	alias	0	drop	R2	0
FoundationClasses	TKernel	TColStd	TColStd_Array2OfCharacter	alias	0	drop	R2	0
FoundationClasses	TKernel	TColStd	TColStd_Array2OfInteger	alias	0	drop	R2	0
FoundationClasses	TKernel	TColStd	TColStd_Array2OfReal	alias	0	drop	R2	4
FoundationClasses	TKernel	TColStd	TColStd_Array2OfTransient	alias	0	drop	R2	0
FoundationClasses	TKernel	TColStd	TColStd_DataMapIteratorOfDataMapOfAsciiStringInteger	other	0	drop	R2	0
FoundationClasses	TKernel	TColStd	TColStd_DataMapIteratorOfDataMapOfIntegerInteger	other	0	drop	R2	0
FoundationClasses	TKernel	TColStd	TColStd_DataMapIteratorOfDataMapOfIntegerListOfInteger	other	0	drop	R2	0
FoundationClasses	TKernel	TColStd	TColStd_DataMapIteratorOfDataMapOfIntegerReal	other	0	drop	R2	0
FoundationClasses	TKernel	TColStd	TColStd_DataMapIteratorOfDataMapOfIntegerTransient	other	0	drop	R2	0
FoundationClasses	TKernel	TColStd	TColStd_DataMapIteratorOfDataMapOfStringInteger	other	0	drop	R2	0
FoundationClasses	TKernel	TColStd	TColStd_DataMapIteratorOfDataMapOfTransientTransient	other	0	drop	R2	0
FoundationClasses	TKernel	TColStd	TColStd_DataMapOfAsciiStringInteger	alias	0	drop	R2	0
FoundationClasses	TKernel	TColStd	TColStd_DataMapOfIntegerInteger	alias	0	drop	R2	0
FoundationClasses	TKernel	TColStd	TColStd_DataMapOfIntegerListOfInteger	alias	0	drop	R2	0
FoundationClasses	TKernel	TColStd	TColStd_DataMapOfIntegerReal	alias	0	drop	R2	0
FoundationClasses	TKernel	TColStd	TColStd_DataMapOfIntegerTransient	alias	0	drop	R2	0
FoundationClasses	TKernel	TColStd	TColStd_DataMapOfStringInteger	alias	0	drop	R2	0
FoundationClasses	TKernel	TColStd	TColStd_DataMapOfTransientTransient	alias	0	drop	R2	0
FoundationClasses	TKernel	TColStd	TColStd_HArray1OfAsciiString	other	0	drop	R2	0
FoundationClasses	TKernel	TColStd	TColStd_HArray1OfBoolean	other	0	drop	R2	5
FoundationClasses	TKernel	TColStd	TColStd_HArray1OfByte	other	0	drop	R2	0
FoundationClasses	TKernel	TColStd	TColStd_HArray1OfCharacter	other	0	drop	R2	0
FoundationClasses	TKernel	TColStd	TColStd_HArray1OfExtendedString	other	0	drop	R2	0
FoundationClasses	TKernel	TColStd	TColStd_HArray1OfInteger	other	0	drop	R2	1
FoundationClasses	TKernel	TColStd	TColStd_HArray1OfListOfInteger	other	0	drop	R2	0
FoundationClasses	TKernel	TColStd	TColStd_HArray1OfReal	other	0	drop	R2	3
FoundationClasses	TKernel	TColStd	TColStd_HArray1OfTransient	other	0	drop	R2	0
FoundationClasses	TKernel	TColStd	TColStd_HArray2OfBoolean	other	0	drop	R2	0
FoundationClasses	TKernel	TColStd	TColStd_HArray2OfCharacter	other	0	drop	R2	0
FoundationClasses	TKernel	TColStd	TColStd_HArray2OfInteger	other	0	drop	R2	0
FoundationClasses	TKernel	TColStd	TColStd_HArray2OfReal	other	0	drop	R2	0
FoundationClasses	TKernel	TColStd	TColStd_HArray2OfTransient	other	0	drop	R2	0
FoundationClasses	TKernel	TColStd	TColStd_HPackedMapOfInteger	class	0	drop	R2	0
FoundationClasses	TKernel	TColStd	TColStd_HSequenceOfAsciiString	other	0	drop	R2	0
FoundationClasses	TKernel	TColStd	TColStd_HSequenceOfExtendedString	other	0	drop	R2	0
FoundationClasses	TKernel	TColStd	TColStd_HSequenceOfHAsciiString	other	0	drop	R2	0
FoundationClasses	TKernel	TColStd	TColStd_HSequenceOfHExtendedString	other	0	drop	R2	0
FoundationClasses	TKernel	TColStd	TColStd_HSequenceOfInteger	other	0	drop	R2	0
FoundationClasses	TKernel	TColStd	TColStd_HSequenceOfReal	other	0	drop	R2	0
FoundationClasses	TKernel	TColStd	TColStd_HSequenceOfTransient	other	0	drop	R2	3
FoundationClasses	TKernel	TColStd	TColStd_IndexedDataMapOfStringString	alias	0	drop	R2	3
FoundationClasses	TKernel	TColStd	TColStd_IndexedDataMapOfTransientTransient	alias	0	drop	R2	0
FoundationClasses	TKernel	TColStd	TColStd_IndexedMapOfInteger	alias	0	drop	R2	0
FoundationClasses	TKernel	TColStd	TColStd_IndexedMapOfReal	alias	0	drop	R2	0
FoundationClasses	TKernel	TColStd	TColStd_IndexedMapOfTransient	alias	0	drop	R2	0
FoundationClasses	TKernel	TColStd	TColStd_ListIteratorOfListOfAsciiString	other	0	drop	R2	0
FoundationClasses	TKernel	TColStd	TColStd_ListIteratorOfListOfInteger	other	0	drop	R2	0
FoundationClasses	TKernel	TColStd	TColStd_ListIteratorOfListOfReal	other	0	drop	R2	0
FoundationClasses	TKernel	TColStd	TColStd_ListIteratorOfListOfTransient	other	0	drop	R2	0
FoundationClasses	TKernel	TColStd	TColStd_ListOfAsciiString	alias	0	drop	R2	0
FoundationClasses	TKernel	TColStd	TColStd_ListOfInteger	alias	0	drop	R2	0
FoundationClasses	TKernel	TColStd	TColStd_ListOfReal	alias	0	drop	R2	0
FoundationClasses	TKernel	TColStd	TColStd_ListOfTransient	alias	0	drop	R2	2
FoundationClasses	TKernel	TColStd	TColStd_MapIteratorOfMapOfAsciiString	other	0	drop	R2	0
FoundationClasses	TKernel	TColStd	TColStd_MapIteratorOfMapOfInteger	other	0	drop	R2	0
FoundationClasses	TKernel	TColStd	TColStd_MapIteratorOfMapOfReal	other	0	drop	R2	0
FoundationClasses	TKernel	TColStd	TColStd_MapIteratorOfMapOfTransient	other	0	drop	R2	1
FoundationClasses	TKernel	TColStd	TColStd_MapIteratorOfPackedMapOfInteger	alias	0	drop	R2	0
FoundationClasses	TKernel	TColStd	TColStd_MapOfAsciiString	alias	0	drop	R2	0
FoundationClasses	TKernel	TColStd	TColStd_MapOfInteger	alias	0	drop	R2	0
FoundationClasses	TKernel	TColStd	TColStd_MapOfReal	alias	0	drop	R2	0
FoundationClasses	TKernel	TColStd	TColStd_MapOfTransient	alias	0	drop	R2	1
FoundationClasses	TKernel	TColStd	TColStd_PackedMapOfInteger	class	0	drop	R2	0
FoundationClasses	TKernel	TColStd	TColStd_SequenceOfAddress	alias	0	drop	R2	0
FoundationClasses	TKernel	TColStd	TColStd_SequenceOfAsciiString	alias	0	drop	R2	0
FoundationClasses	TKernel	TColStd	TColStd_SequenceOfBoolean	alias	0	drop	R2	0
FoundationClasses	TKernel	TColStd	TColStd_SequenceOfExtendedString	alias	0	drop	R2	1
FoundationClasses	TKernel	TColStd	TColStd_SequenceOfHAsciiString	alias	0	drop	R2	0
FoundationClasses	TKernel	TColStd	TColStd_SequenceOfHExtendedString	alias	0	drop	R2	0
FoundationClasses	TKernel	TColStd	TColStd_SequenceOfInteger	alias	0	drop	R2	0
FoundationClasses	TKernel	TColStd	TColStd_SequenceOfReal	alias	0	drop	R2	1
FoundationClasses	TKernel	TColStd	TColStd_SequenceOfTransient	alias	0	drop	R2	0
FoundationClasses	TKMath	TColgp	TColgp_Array1OfCirc2d	alias	0	drop	R2	0
FoundationClasses	TKMath	TColgp	TColgp_Array1OfDir	alias	0	drop	R2	2
FoundationClasses	TKMath	TColgp	TColgp_Array1OfDir2d	alias	0	drop	R2	0
FoundationClasses	TKMath	TColgp	TColgp_Array1OfLin2d	alias	0	drop	R2	0
FoundationClasses	TKMath	TColgp	TColgp_Array1OfPnt	alias	0	drop	R2	17
FoundationClasses	TKMath	TColgp	TColgp_Array1OfPnt2d	alias	0	drop	R2	8
FoundationClasses	TKMath	TColgp	TColgp_Array1OfVec	alias	0	drop	R2	3
FoundationClasses	TKMath	TColgp	TColgp_Array1OfVec2d	alias	0	drop	R2	2
FoundationClasses	TKMath	TColgp	TColgp_Array1OfXY	alias	0	drop	R2	0
FoundationClasses	TKMath	TColgp	TColgp_Array1OfXYZ	alias	0	drop	R2	0
FoundationClasses	TKMath	TColgp	TColgp_Array2OfCirc2d	alias	0	drop	R2	0
FoundationClasses	TKMath	TColgp	TColgp_Array2OfDir	alias	0	drop	R2	0
FoundationClasses	TKMath	TColgp	TColgp_Array2OfDir2d	alias	0	drop	R2	0
FoundationClasses	TKMath	TColgp	TColgp_Array2OfLin2d	alias	0	drop	R2	0
FoundationClasses	TKMath	TColgp	TColgp_Array2OfPnt	alias	0	drop	R2	10
FoundationClasses	TKMath	TColgp	TColgp_Array2OfPnt2d	alias	0	drop	R2	0
FoundationClasses	TKMath	TColgp	TColgp_Array2OfVec	alias	0	drop	R2	0
FoundationClasses	TKMath	TColgp	TColgp_Array2OfVec2d	alias	0	drop	R2	0
FoundationClasses	TKMath	TColgp	TColgp_Array2OfXY	alias	0	drop	R2	0
FoundationClasses	TKMath	TColgp	TColgp_Array2OfXYZ	alias	0	drop	R2	0
FoundationClasses	TKMath	TColgp	TColgp_HArray1OfCirc2d	other	0	drop	R2	0
FoundationClasses	TKMath	TColgp	TColgp_HArray1OfDir	other	0	drop	R2	0
FoundationClasses	TKMath	TColgp	TColgp_HArray1OfDir2d	other	0	drop	R2	0
FoundationClasses	TKMath	TColgp	TColgp_HArray1OfLin2d	other	0	drop	R2	0
FoundationClasses	TKMath	TColgp	TColgp_HArray1OfPnt	other	0	drop	R2	3
FoundationClasses	TKMath	TColgp	TColgp_HArray1OfPnt2d	other	0	drop	R2	3
FoundationClasses	TKMath	TColgp	TColgp_HArray1OfVec	other	0	drop	R2	0
FoundationClasses	TKMath	TColgp	TColgp_HArray1OfVec2d	other	0	drop	R2	0
FoundationClasses	TKMath	TColgp	TColgp_HArray1OfXY	other	0	drop	R2	0
FoundationClasses	TKMath	TColgp	TColgp_HArray1OfXYZ	other	0	drop	R2	0
FoundationClasses	TKMath	TColgp	TColgp_HArray2OfCirc2d	other	0	drop	R2	0
FoundationClasses	TKMath	TColgp	TColgp_HArray2OfDir	other	0	drop	R2	0
FoundationClasses	TKMath	TColgp	TColgp_HArray2OfDir2d	other	0	drop	R2	0
FoundationClasses	TKMath	TColgp	TColgp_HArray2OfLin2d	other	0	drop	R2	0
FoundationClasses	TKMath	TColgp	TColgp_HArray2OfPnt	other	0	drop	R2	1
FoundationClasses	TKMath	TColgp	TColgp_HArray2OfPnt2d	other	0	drop	R2	0
FoundationClasses	TKMath	TColgp	TColgp_HArray2OfVec	other	0	drop	R2	0
FoundationClasses	TKMath	TColgp	TColgp_HArray2OfVec2d	other	0	drop	R2	0
FoundationClasses	TKMath	TColgp	TColgp_HArray2OfXY	other	0	drop	R2	0
FoundationClasses	TKMath	TColgp	TColgp_HArray2OfXYZ	other	0	drop	R2	0
FoundationClasses	TKMath	TColgp	TColgp_HSequenceOfDir	other	0	drop	R2	0
FoundationClasses	TKMath	TColgp	TColgp_HSequenceOfDir2d	other	0	drop	R2	0
FoundationClasses	TKMath	TColgp	TColgp_HSequenceOfPnt	other	0	drop	R2	0
FoundationClasses	TKMath	TColgp	TColgp_HSequenceOfPnt2d	other	0	drop	R2	0
FoundationClasses	TKMath	TColgp	TColgp_HSequenceOfVec	other	0	drop	R2	0
FoundationClasses	TKMath	TColgp	TColgp_HSequenceOfVec2d	other	0	drop	R2	0
FoundationClasses	TKMath	TColgp	TColgp_HSequenceOfXY	other	0	drop	R2	0
FoundationClasses	TKMath	TColgp	TColgp_HSequenceOfXYZ	other	0	drop	R2	0
FoundationClasses	TKMath	TColgp	TColgp_SequenceOfArray1OfPnt2d	alias	0	drop	R2	0
FoundationClasses	TKMath	TColgp	TColgp_SequenceOfAx1	alias	0	drop	R2	0
FoundationClasses	TKMath	TColgp	TColgp_SequenceOfDir	alias	0	drop	R2	0
FoundationClasses	TKMath	TColgp	TColgp_SequenceOfDir2d	alias	0	drop	R2	0
FoundationClasses	TKMath	TColgp	TColgp_SequenceOfPnt	alias	0	drop	R2	3
FoundationClasses	TKMath	TColgp	TColgp_SequenceOfPnt2d	alias	0	drop	R2	0
FoundationClasses	TKMath	TColgp	TColgp_SequenceOfVec	alias	0	drop	R2	0
FoundationClasses	TKMath	TColgp	TColgp_SequenceOfVec2d	alias	0	drop	R2	0
FoundationClasses	TKMath	TColgp	TColgp_SequenceOfXY	alias	0	drop	R2	2
FoundationClasses	TKMath	TColgp	TColgp_SequenceOfXYZ	alias	0	drop	R2	3
FoundationClasses	TKernel	TCollection	TCollection	class	0	drop	R2	0
FoundationClasses	TKernel	TCollection	TCollection_AsciiString	class	0	drop	R2	3
FoundationClasses	TKernel	TCollection	TCollection_ExtendedString	class	0	drop	R2	3
FoundationClasses	TKernel	TCollection	TCollection_HAsciiString	class	0	drop	R2	0
FoundationClasses	TKernel	TCollection	TCollection_HExtendedString	class	0	drop	R2	0
FoundationClasses	TKernel	TShort	TShort_Array1OfShortReal	alias	0	drop	R2	0
FoundationClasses	TKernel	TShort	TShort_Array2OfShortReal	alias	0	drop	R2	0
FoundationClasses	TKernel	TShort	TShort_HArray1OfShortReal	other	0	drop	R2	0
FoundationClasses	TKernel	TShort	TShort_HArray2OfShortReal	other	0	drop	R2	0
FoundationClasses	TKernel	TShort	TShort_HSequenceOfShortReal	other	0	drop	R2	0
FoundationClasses	TKernel	TShort	TShort_SequenceOfShortReal	alias	0	drop	R2	0
FoundationClasses	TKMath	TopLoc	TopLoc_Datum3D	class	0	keep		0
FoundationClasses	TKMath	TopLoc	TopLoc_IndexedMapOfLocation	alias	0	drop	R1	0
FoundationClasses	TKMath	TopLoc	TopLoc_ItemLocation	class	0	keep		0
FoundationClasses	TKMath	TopLoc	TopLoc_Location	class	0	keep		11
FoundationClasses	TKMath	TopLoc	TopLoc_MapIteratorOfMapOfLocation	other	0	drop	R1	0
FoundationClasses	TKMath	TopLoc	TopLoc_MapOfLocation	alias	0	drop	R1	0
FoundationClasses	TKMath	TopLoc	TopLoc_SListNodeOfItemLocation	class	0	drop	R1	0
FoundationClasses	TKMath	TopLoc	TopLoc_SListOfItemLocation	class	0	drop	R1	0
FoundationClasses	TKernel	Units	Units	class	0	keep		0
FoundationClasses	TKernel	Units	Units_Dimensions	class	0	keep		0
FoundationClasses	TKernel	Units	Units_Explorer	class	0	keep		0
FoundationClasses	TKernel	Units	Units_Lexicon	class	0	keep		0
FoundationClasses	TKernel	Units	Units_MathSentence	class	0	keep		0
FoundationClasses	TKernel	Units	Units_Measurement	class	0	keep		0
FoundationClasses	TKernel	Units	Units_NoSuchType	class	0	keep		0
FoundationClasses	TKernel	Units	Units_NoSuchUnit	class	0	keep		0
FoundationClasses	TKernel	Units	Units_Operators	other	0	keep		0
FoundationClasses	TKernel	Units	Units_QtsSequence	alias	0	keep		0
FoundationClasses	TKernel	Units	Units_QuantitiesSequence	other	0	keep		0
FoundationClasses	TKernel	Units	Units_Quantity	class	0	keep		0
FoundationClasses	TKernel	Units	Units_Sentence	class	0	keep		0
FoundationClasses	TKernel	Units	Units_ShiftedToken	class	0	keep		0
FoundationClasses	TKernel	Units	Units_ShiftedUnit	class	0	keep		0
FoundationClasses	TKernel	Units	Units_TksSequence	alias	0	keep		0
FoundationClasses	TKernel	Units	Units_Token	class	0	keep		0
FoundationClasses	TKernel	Units	Units_TokensSequence	other	0	keep		0
FoundationClasses	TKernel	Units	Units_Unit	class	0	keep		0
FoundationClasses	TKernel	Units	Units_UnitSentence	class	0	keep		0
FoundationClasses	TKernel	Units	Units_UnitsDictionary	class	0	keep		0
FoundationClasses	TKernel	Units	Units_UnitsLexicon	class	0	keep		0
FoundationClasses	TKernel	Units	Units_UnitsSequence	other	0	keep		0
FoundationClasses	TKernel	Units	Units_UnitsSystem	class	0	keep		0
FoundationClasses	TKernel	Units	Units_UtsSequence	alias	0	keep		0
FoundationClasses	TKernel	UnitsAPI	UnitsAPI	class	0	keep		1
FoundationClasses	TKernel	UnitsAPI	UnitsAPI_SystemUnits	enum	0	keep		0
FoundationClasses	TKernel	UnitsMethods	UnitsMethods	class	0	keep		0
FoundationClasses	TKernel	UnitsMethods	UnitsMethods_LengthUnit	enum	0	keep		0
FoundationClasses	TKMath	gp	gp	class	0	keep		1
FoundationClasses	TKMath	gp	gp_Ax1	class	0	keep		19
FoundationClasses	TKMath	gp	gp_Ax2	class	0	keep		39
FoundationClasses	TKMath	gp	gp_Ax22d	class	0	keep		2
FoundationClasses	TKMath	gp	gp_Ax2d	class	0	keep		1
FoundationClasses	TKMath	gp	gp_Ax3	class	0	keep		16
FoundationClasses	TKMath	gp	gp_Circ	class	0	keep		31
FoundationClasses	TKMath	gp	gp_Circ2d	class	0	keep		4
FoundationClasses	TKMath	gp	gp_Cone	class	0	keep		4
FoundationClasses	TKMath	gp	gp_Cylinder	class	0	keep		12
FoundationClasses	TKMath	gp	gp_Dir	class	0	keep		52
FoundationClasses	TKMath	gp	gp_Dir2d	class	0	keep		4
FoundationClasses	TKMath	gp	gp_Elips	class	0	keep		13
FoundationClasses	TKMath	gp	gp_Elips2d	class	0	keep		3
FoundationClasses	TKMath	gp	gp_EulerSequence	enum	0	keep		0
FoundationClasses	TKMath	gp	gp_GTrsf	class	0	keep		3
FoundationClasses	TKMath	gp	gp_GTrsf2d	class	0	keep		0
FoundationClasses	TKMath	gp	gp_Hypr	class	0	keep		5
FoundationClasses	TKMath	gp	gp_Hypr2d	class	0	keep		3
FoundationClasses	TKMath	gp	gp_Lin	class	0	keep		15
FoundationClasses	TKMath	gp	gp_Lin2d	class	0	keep		4
FoundationClasses	TKMath	gp	gp_Mat	class	0	keep		1
FoundationClasses	TKMath	gp	gp_Mat2d	class	0	keep		0
FoundationClasses	TKMath	gp	gp_Parab	class	0	keep		5
FoundationClasses	TKMath	gp	gp_Parab2d	class	0	keep		2
FoundationClasses	TKMath	gp	gp_Pln	class	0	keep		53
FoundationClasses	TKMath	gp	gp_Pnt	class	0	keep		79
FoundationClasses	TKMath	gp	gp_Pnt2d	class	0	keep		8
FoundationClasses	TKMath	gp	gp_Quaternion	class	0	keep		5
FoundationClasses	TKMath	gp	gp_QuaternionNLerp	class	0	keep		0
FoundationClasses	TKMath	gp	gp_QuaternionSLerp	class	0	keep		0
FoundationClasses	TKMath	gp	gp_Sphere	class	0	keep		7
FoundationClasses	TKMath	gp	gp_Torus	class	0	keep		4
FoundationClasses	TKMath	gp	gp_Trsf	class	0	keep		25
FoundationClasses	TKMath	gp	gp_Trsf2d	class	0	keep		1
FoundationClasses	TKMath	gp	gp_TrsfForm	enum	0	keep		0
FoundationClasses	TKMath	gp	gp_TrsfNLerp	alias	0	keep		0
FoundationClasses	TKMath	gp	gp_Vec	class	0	keep		27
FoundationClasses	TKMath	gp	gp_Vec2d	class	0	keep		2
FoundationClasses	TKMath	gp	gp_Vec2f	alias	0	keep		0
FoundationClasses	TKMath	gp	gp_Vec3f	alias	0	keep		0
FoundationClasses	TKMath	gp	gp_VectorWithNullMagnitude	class	0	keep		0
FoundationClasses	TKMath	gp	gp_XY	class	0	keep		0
FoundationClasses	TKMath	gp	gp_XYZ	class	0	keep		2
FoundationClasses	TKMath	math	math	class	0	keep		0
FoundationClasses	TKMath	math	math_Array1OfValueAndWeight	alias	0	drop	R1	0
FoundationClasses	TKMath	math	math_BFGS	class	0	keep		0
FoundationClasses	TKMath	math	math_BissecNewton	class	0	keep		0
FoundationClasses	TKMath	math	math_BracketMinimum	class	0	keep		0
FoundationClasses	TKMath	math	math_BracketedRoot	class	0	keep		0
FoundationClasses	TKMath	math	math_BrentMinimum	class	0	keep		0
FoundationClasses	TKMath	math	math_BullardGenerator	class	0	keep		0
FoundationClasses	TKMath	math	math_ComputeGaussPointsAndWeights	class	0	keep		0
FoundationClasses	TKMath	math	math_ComputeKronrodPointsAndWeights	class	0	keep		0
FoundationClasses	TKMath	math	math_Crout	class	0	keep		0
FoundationClasses	TKMath	math	math_DirectPolynomialRoots	class	0	keep		0
FoundationClasses	TKMath	math	math_DoubleTab	class	0	keep		0
FoundationClasses	TKMath	math	math_EigenValuesSearcher	class	0	keep		0
FoundationClasses	TKMath	math	math_FRPR	class	0	keep		0
FoundationClasses	TKMath	math	math_Function	class	0	keep		0
FoundationClasses	TKMath	math	math_FunctionAllRoots	class	0	keep		0
FoundationClasses	TKMath	math	math_FunctionRoot	class	0	keep		0
FoundationClasses	TKMath	math	math_FunctionRoots	class	0	keep		0
FoundationClasses	TKMath	math	math_FunctionSample	class	0	keep		0
FoundationClasses	TKMath	math	math_FunctionSet	class	0	keep		0
FoundationClasses	TKMath	math	math_FunctionSetRoot	class	0	keep		0
FoundationClasses	TKMath	math	math_FunctionSetWithDerivatives	class	0	keep		0
FoundationClasses	TKMath	math	math_FunctionWithDerivative	class	0	keep		0
FoundationClasses	TKMath	math	math_Gauss	class	0	keep		5
FoundationClasses	TKMath	math	math_GaussLeastSquare	class	0	keep		0
FoundationClasses	TKMath	math	math_GaussMultipleIntegration	class	0	keep		0
FoundationClasses	TKMath	math	math_GaussSetIntegration	class	0	keep		0
FoundationClasses	TKMath	math	math_GaussSingleIntegration	class	0	keep		0
FoundationClasses	TKMath	math	math_GlobOptMin	class	0	keep		0
FoundationClasses	TKMath	math	math_Householder	class	0	keep		2
FoundationClasses	TKMath	math	math_IntegerVector	alias	0	keep		0
FoundationClasses	TKMath	math	math_Jacobi	class	0	keep		1
FoundationClasses	TKMath	math	math_KronrodSingleIntegration	class	0	keep		0
FoundationClasses	TKMath	math	math_Matrix	class	0	keep		4
FoundationClasses	TKMath	math	math_MultipleVarFunction	class	0	keep		0
FoundationClasses	TKMath	math	math_MultipleVarFunctionWithGradient	class	0	keep		0
FoundationClasses	TKMath	math	math_MultipleVarFunctionWithHessian	class	0	keep		0
FoundationClasses	TKMath	math	math_NewtonFunctionRoot	class	0	keep		0
FoundationClasses	TKMath	math	math_NewtonFunctionSetRoot	class	0	keep		0
FoundationClasses	TKMath	math	math_NewtonMinimum	class	0	keep		0
FoundationClasses	TKMath	math	math_NotSquare	class	0	keep		0
FoundationClasses	TKMath	math	math_PSO	class	0	keep		0
FoundationClasses	TKMath	math	math_PSOParticlesPool	class	0	keep		0
FoundationClasses	TKMath	math	math_Powell	class	0	keep		0
FoundationClasses	TKMath	math	math_Recipes	other	0	keep		0
FoundationClasses	TKMath	math	math_SVD	class	0	keep		0
FoundationClasses	TKMath	math	math_SingularMatrix	class	0	keep		0
FoundationClasses	TKMath	math	math_Status	enum	0	keep		0
FoundationClasses	TKMath	math	math_TrigonometricEquationFunction	class	0	keep		0
FoundationClasses	TKMath	math	math_TrigonometricFunctionRoots	class	0	keep		0
FoundationClasses	TKMath	math	math_Uzawa	class	0	keep		0
FoundationClasses	TKMath	math	math_ValueAndWeight	class	0	keep		0
FoundationClasses	TKMath	math	math_Vector	alias	0	keep		1
FoundationClasses	TKMath	math	math_VectorBase	class	0	keep		0
ModelingAlgorithms	TKGeomAlgo	AppBlend	AppBlend_Approx	class	0	keep		0
ModelingAlgorithms	TKGeomAlgo	ApproxInt	ApproxInt_KnotTools	class	0	keep		0
ModelingAlgorithms	TKGeomAlgo	ApproxInt	ApproxInt_SvSurfaces	class	0	keep		0
ModelingAlgorithms	TKBO	BOPAlgo	BOPAlgo_Alerts	other	0	keep		0
ModelingAlgorithms	TKBO	BOPAlgo	BOPAlgo_Algo	class	0	keep		0
ModelingAlgorithms	TKBO	BOPAlgo	BOPAlgo_ArgumentAnalyzer	class	0	keep		3
ModelingAlgorithms	TKBO	BOPAlgo	BOPAlgo_BOP	class	0	keep		0
ModelingAlgorithms	TKBO	BOPAlgo	BOPAlgo_Builder	class	0	keep		2
ModelingAlgorithms	TKBO	BOPAlgo	BOPAlgo_BuilderArea	class	0	keep		0
ModelingAlgorithms	TKBO	BOPAlgo	BOPAlgo_BuilderFace	class	0	keep		1
ModelingAlgorithms	TKBO	BOPAlgo	BOPAlgo_BuilderShape	class	0	keep		0
ModelingAlgorithms	TKBO	BOPAlgo	BOPAlgo_BuilderSolid	class	0	keep		0
ModelingAlgorithms	TKBO	BOPAlgo	BOPAlgo_CellsBuilder	class	0	keep		0
ModelingAlgorithms	TKBO	BOPAlgo	BOPAlgo_CheckResult	class	0	keep		0
ModelingAlgorithms	TKBO	BOPAlgo	BOPAlgo_CheckStatus	enum	0	keep		0
ModelingAlgorithms	TKBO	BOPAlgo	BOPAlgo_CheckerSI	class	0	keep		0
ModelingAlgorithms	TKBO	BOPAlgo	BOPAlgo_GlueEnum	enum	0	keep		0
ModelingAlgorithms	TKBO	BOPAlgo	BOPAlgo_ListOfCheckResult	alias	0	drop	R1	3
ModelingAlgorithms	TKBO	BOPAlgo	BOPAlgo_MakeConnected	class	0	keep		0
ModelingAlgorithms	TKBO	BOPAlgo	BOPAlgo_MakePeriodic	class	0	keep		0
ModelingAlgorithms	TKBO	BOPAlgo	BOPAlgo_MakerVolume	class	0	keep		0
ModelingAlgorithms	TKBO	BOPAlgo	BOPAlgo_Operation	enum	0	keep		0
ModelingAlgorithms	TKBO	BOPAlgo	BOPAlgo_Options	class	0	keep		0
ModelingAlgorithms	TKBO	BOPAlgo	BOPAlgo_PArgumentAnalyzer	alias	0	keep		0
ModelingAlgorithms	TKBO	BOPAlgo	BOPAlgo_PBOP	alias	0	keep		0
ModelingAlgorithms	TKBO	BOPAlgo	BOPAlgo_PBuilder	alias	0	keep		0
ModelingAlgorithms	TKBO	BOPAlgo	BOPAlgo_PPaveFiller	alias	0	keep		0
ModelingAlgorithms	TKBO	BOPAlgo	BOPAlgo_PSection	alias	0	keep		0
ModelingAlgorithms	TKBO	BOPAlgo	BOPAlgo_PWireEdgeSet	alias	0	keep		0
ModelingAlgorithms	TKBO	BOPAlgo	BOPAlgo_PaveFiller	class	0	keep		0
ModelingAlgorithms	TKBO	BOPAlgo	BOPAlgo_RemoveFeatures	class	0	keep		0
ModelingAlgorithms	TKBO	BOPAlgo	BOPAlgo_Section	class	0	keep		0
ModelingAlgorithms	TKBO	BOPAlgo	BOPAlgo_SectionAttribute	class	0	keep		0
ModelingAlgorithms	TKBO	BOPAlgo	BOPAlgo_ShellSplitter	class	0	keep		0
ModelingAlgorithms	TKBO	BOPAlgo	BOPAlgo_Splitter	class	0	keep		0
ModelingAlgorithms	TKBO	BOPAlgo	BOPAlgo_Tools	class	0	keep		0
ModelingAlgorithms	TKBO	BOPAlgo	BOPAlgo_ToolsProvider	class	0	keep		0
ModelingAlgorithms	TKBO	BOPAlgo	BOPAlgo_WireEdgeSet	class	0	keep		0
ModelingAlgorithms	TKBO	BOPAlgo	BOPAlgo_WireSplitter	class	0	keep		0
ModelingAlgorithms	TKBO	BOPDS	BOPDS_CommonBlock	class	0	keep		0
ModelingAlgorithms	TKBO	BOPDS	BOPDS_CoupleOfPaveBlocks	class	0	keep		0
ModelingAlgorithms	TKBO	BOPDS	BOPDS_Curve	class	0	keep		0
ModelingAlgorithms	TKBO	BOPDS	BOPDS_DS	class	0	keep		0
ModelingAlgorithms	TKBO	BOPDS	BOPDS_DataMapOfIntegerListOfPaveBlock	alias	0	drop	R1	0
ModelingAlgorithms	TKBO	BOPDS	BOPDS_DataMapOfPaveBlockCommonBlock	alias	0	drop	R1	0
ModelingAlgorithms	TKBO	BOPDS	BOPDS_DataMapOfPaveBlockListOfInteger	alias	0	drop	R1	0
ModelingAlgorithms	TKBO	BOPDS	BOPDS_DataMapOfPaveBlockListOfPaveBlock	alias	0	drop	R1	0
ModelingAlgorithms	TKBO	BOPDS	BOPDS_DataMapOfShapeCoupleOfPaveBlocks	alias	0	drop	R1	0
ModelingAlgorithms	TKBO	BOPDS	BOPDS_FaceInfo	class	0	keep		0
ModelingAlgorithms	TKBO	BOPDS	BOPDS_IndexRange	class	0	keep		0
ModelingAlgorithms	TKBO	BOPDS	BOPDS_IndexedDataMapOfPaveBlockListOfInteger	alias	0	drop	R1	0
ModelingAlgorithms	TKBO	BOPDS	BOPDS_IndexedDataMapOfPaveBlockListOfPaveBlock	alias	0	drop	R1	0
ModelingAlgorithms	TKBO	BOPDS	BOPDS_IndexedDataMapOfShapeCoupleOfPaveBlocks	alias	0	drop	R1	0
ModelingAlgorithms	TKBO	BOPDS	BOPDS_IndexedMapOfPaveBlock	alias	0	drop	R1	0
ModelingAlgorithms	TKBO	BOPDS	BOPDS_Interf	class	0	keep		0
ModelingAlgorithms	TKBO	BOPDS	BOPDS_Iterator	class	0	keep		0
ModelingAlgorithms	TKBO	BOPDS	BOPDS_IteratorSI	class	0	keep		0
ModelingAlgorithms	TKBO	BOPDS	BOPDS_ListOfPave	alias	0	drop	R1	0
ModelingAlgorithms	TKBO	BOPDS	BOPDS_ListOfPaveBlock	alias	0	drop	R1	0
ModelingAlgorithms	TKBO	BOPDS	BOPDS_MapOfCommonBlock	alias	0	drop	R1	0
ModelingAlgorithms	TKBO	BOPDS	BOPDS_MapOfPair	alias	0	drop	R1	0
ModelingAlgorithms	TKBO	BOPDS	BOPDS_MapOfPave	alias	0	drop	R1	0
ModelingAlgorithms	TKBO	BOPDS	BOPDS_MapOfPaveBlock	alias	0	drop	R1	0
ModelingAlgorithms	TKBO	BOPDS	BOPDS_PDS	alias	0	keep		0
ModelingAlgorithms	TKBO	BOPDS	BOPDS_PIterator	alias	0	keep		0
ModelingAlgorithms	TKBO	BOPDS	BOPDS_PIteratorSI	alias	0	keep		0
ModelingAlgorithms	TKBO	BOPDS	BOPDS_Pair	class	0	keep		0
ModelingAlgorithms	TKBO	BOPDS	BOPDS_Pave	class	0	keep		0
ModelingAlgorithms	TKBO	BOPDS	BOPDS_PaveBlock	class	0	keep		0
ModelingAlgorithms	TKBO	BOPDS	BOPDS_Point	class	0	keep		0
ModelingAlgorithms	TKBO	BOPDS	BOPDS_ShapeInfo	class	0	keep		0
ModelingAlgorithms	TKBO	BOPDS	BOPDS_SubIterator	class	0	keep		0
ModelingAlgorithms	TKBO	BOPDS	BOPDS_Tools	class	0	keep		0
ModelingAlgorithms	TKBO	BOPDS	BOPDS_VectorOfCurve	alias	0	drop	R1	0
ModelingAlgorithms	TKBO	BOPDS	BOPDS_VectorOfFaceInfo	alias	0	drop	R1	0
ModelingAlgorithms	TKBO	BOPDS	BOPDS_VectorOfIndexRange	alias	0	drop	R1	0
ModelingAlgorithms	TKBO	BOPDS	BOPDS_VectorOfInterfEE	alias	0	drop	R1	0
ModelingAlgorithms	TKBO	BOPDS	BOPDS_VectorOfInterfEF	alias	0	drop	R1	0
ModelingAlgorithms	TKBO	BOPDS	BOPDS_VectorOfInterfEZ	alias	0	drop	R1	0
ModelingAlgorithms	TKBO	BOPDS	BOPDS_VectorOfInterfFF	alias	0	drop	R1	0
ModelingAlgorithms	TKBO	BOPDS	BOPDS_VectorOfInterfFZ	alias	0	drop	R1	0
ModelingAlgorithms	TKBO	BOPDS	BOPDS_VectorOfInterfVE	alias	0	drop	R1	0
ModelingAlgorithms	TKBO	BOPDS	BOPDS_VectorOfInterfVF	alias	0	drop	R1	0
ModelingAlgorithms	TKBO	BOPDS	BOPDS_VectorOfInterfVV	alias	0	drop	R1	0
ModelingAlgorithms	TKBO	BOPDS	BOPDS_VectorOfInterfVZ	alias	0	drop	R1	0
ModelingAlgorithms	TKBO	BOPDS	BOPDS_VectorOfInterfZZ	alias	0	drop	R1	0
ModelingAlgorithms	TKBO	BOPDS	BOPDS_VectorOfListOfPaveBlock	alias	0	drop	R1	0
ModelingAlgorithms	TKBO	BOPDS	BOPDS_VectorOfPair	alias	0	drop	R1	0
ModelingAlgorithms	TKBO	BOPDS	BOPDS_VectorOfPave	alias	0	drop	R1	0
ModelingAlgorithms	TKBO	BOPDS	BOPDS_VectorOfPoint	alias	0	drop	R1	0
ModelingAlgorithms	TKBO	BOPDS	BOPDS_VectorOfShapeInfo	alias	0	drop	R1	0
ModelingAlgorithms	TKBO	BOPDS	BOPDS_VectorOfVectorOfPair	alias	0	drop	R1	0
ModelingAlgorithms	TKBO	BOPTools	BOPTools_AlgoTools	class	0	keep		0
ModelingAlgorithms	TKBO	BOPTools	BOPTools_AlgoTools2D	class	0	keep		0
ModelingAlgorithms	TKBO	BOPTools	BOPTools_AlgoTools3D	class	0	keep		2
ModelingAlgorithms	TKBO	BOPTools	BOPTools_BoxSelector	class	0	keep		0
ModelingAlgorithms	TKBO	BOPTools	BOPTools_BoxTree	alias	0	keep		0
ModelingAlgorithms	TKBO	BOPTools	BOPTools_ConnexityBlock	class	0	keep		0
ModelingAlgorithms	TKBO	BOPTools	BOPTools_CoupleOfShape	class	0	keep		0
ModelingAlgorithms	TKBO	BOPTools	BOPTools_IndexedDataMapOfSetShape	alias	0	drop	R1	0
ModelingAlgorithms	TKBO	BOPTools	BOPTools_ListOfConnexityBlock	alias	0	drop	R1	0
ModelingAlgorithms	TKBO	BOPTools	BOPTools_ListOfCoupleOfShape	alias	0	drop	R1	0
ModelingAlgorithms	TKBO	BOPTools	BOPTools_MapOfSet	alias	0	drop	R1	0
ModelingAlgorithms	TKBO	BOPTools	BOPTools_PairSelector	class	0	keep		0
ModelingAlgorithms	TKBO	BOPTools	BOPTools_Parallel	class	0	keep		0
ModelingAlgorithms	TKBO	BOPTools	BOPTools_Set	class	0	keep		0
ModelingAlgorithms	TKBool	BRepAlgo	BRepAlgo	class	0	keep		3
ModelingAlgorithms	TKBool	BRepAlgo	BRepAlgo_AsDes	class	0	keep		0
ModelingAlgorithms	TKBool	BRepAlgo	BRepAlgo_FaceRestrictor	class	0	keep		0
ModelingAlgorithms	TKBool	BRepAlgo	BRepAlgo_Image	class	0	keep		0
ModelingAlgorithms	TKBool	BRepAlgo	BRepAlgo_Loop	class	0	keep		0
ModelingAlgorithms	TKBool	BRepAlgo	BRepAlgo_NormalProjection	class	0	keep		6
ModelingAlgorithms	TKBO	BRepAlgoAPI	BRepAlgoAPI_Algo	class	0	keep		0
ModelingAlgorithms	TKBO	BRepAlgoAPI	BRepAlgoAPI_BooleanOperation	class	0	keep		2
ModelingAlgorithms	TKBO	BRepAlgoAPI	BRepAlgoAPI_BuilderAlgo	class	0	keep		1
ModelingAlgorithms	TKBO	BRepAlgoAPI	BRepAlgoAPI_Check	class	0	keep		0
ModelingAlgorithms	TKBO	BRepAlgoAPI	BRepAlgoAPI_Common	class	0	keep		3
ModelingAlgorithms	TKBO	BRepAlgoAPI	BRepAlgoAPI_Cut	class	0	keep		2
ModelingAlgorithms	TKBO	BRepAlgoAPI	BRepAlgoAPI_Defeaturing	class	0	keep		2
ModelingAlgorithms	TKBO	BRepAlgoAPI	BRepAlgoAPI_Fuse	class	0	keep		2
ModelingAlgorithms	TKBO	BRepAlgoAPI	BRepAlgoAPI_Section	class	0	keep		2
ModelingAlgorithms	TKBO	BRepAlgoAPI	BRepAlgoAPI_Splitter	class	0	keep		0
ModelingAlgorithms	TKTopAlgo	BRepApprox	BRepApprox_Approx	class	0	keep		0
ModelingAlgorithms	TKTopAlgo	BRepApprox	BRepApprox_ApproxLine	class	0	keep		0
ModelingAlgorithms	TKTopAlgo	BRepApprox	BRepApprox_BSpGradient_BFGSOfMyBSplGradientOfTheComputeLineOfApprox	class	0	drop	R1	0
ModelingAlgorithms	TKTopAlgo	BRepApprox	BRepApprox_BSpParFunctionOfMyBSplGradientOfTheComputeLineOfApprox	class	0	drop	R1	0
ModelingAlgorithms	TKTopAlgo	BRepApprox	BRepApprox_BSpParLeastSquareOfMyBSplGradientOfTheComputeLineOfApprox	class	0	drop	R1	0
ModelingAlgorithms	TKTopAlgo	BRepApprox	BRepApprox_Gradient_BFGSOfMyGradientOfTheComputeLineBezierOfApprox	class	0	drop	R1	0
ModelingAlgorithms	TKTopAlgo	BRepApprox	BRepApprox_Gradient_BFGSOfMyGradientbisOfTheComputeLineOfApprox	class	0	drop	R1	0
ModelingAlgorithms	TKTopAlgo	BRepApprox	BRepApprox_MyBSplGradientOfTheComputeLineOfApprox	class	0	drop	R1	0
ModelingAlgorithms	TKTopAlgo	BRepApprox	BRepApprox_MyGradientOfTheComputeLineBezierOfApprox	class	0	drop	R1	0
ModelingAlgorithms	TKTopAlgo	BRepApprox	BRepApprox_MyGradientbisOfTheComputeLineOfApprox	class	0	drop	R1	0
ModelingAlgorithms	TKTopAlgo	BRepApprox	BRepApprox_ParFunctionOfMyGradientOfTheComputeLineBezierOfApprox	class	0	drop	R1	0
ModelingAlgorithms	TKTopAlgo	BRepApprox	BRepApprox_ParFunctionOfMyGradientbisOfTheComputeLineOfApprox	class	0	drop	R1	0
ModelingAlgorithms	TKTopAlgo	BRepApprox	BRepApprox_ParLeastSquareOfMyGradientOfTheComputeLineBezierOfApprox	class	0	drop	R1	0
ModelingAlgorithms	TKTopAlgo	BRepApprox	BRepApprox_ParLeastSquareOfMyGradientbisOfTheComputeLineOfApprox	class	0	drop	R1	0
ModelingAlgorithms	TKTopAlgo	BRepApprox	BRepApprox_ResConstraintOfMyGradientOfTheComputeLineBezierOfApprox	class	0	drop	R1	0
ModelingAlgorithms	TKTopAlgo	BRepApprox	BRepApprox_ResConstraintOfMyGradientbisOfTheComputeLineOfApprox	class	0	drop	R1	0
ModelingAlgorithms	TKTopAlgo	BRepApprox	BRepApprox_SurfaceTool	class	0	keep		0
ModelingAlgorithms	TKTopAlgo	BRepApprox	BRepApprox_TheComputeLineBezierOfApprox	class	0	drop	R1	0
ModelingAlgorithms	TKTopAlgo	BRepApprox	BRepApprox_TheComputeLineOfApprox	class	0	drop	R1	0
ModelingAlgorithms	TKTopAlgo	BRepApprox	BRepApprox_TheFunctionOfTheInt2SOfThePrmPrmSvSurfacesOfApprox	class	0	drop	R1	0
ModelingAlgorithms	TKTopAlgo	BRepApprox	BRepApprox_TheImpPrmSvSurfacesOfApprox	class	0	drop	R1	0
ModelingAlgorithms	TKTopAlgo	BRepApprox	BRepApprox_TheInt2SOfThePrmPrmSvSurfacesOfApprox	class	0	drop	R1	0
ModelingAlgorithms	TKTopAlgo	BRepApprox	BRepApprox_TheMultiLineOfApprox	class	0	drop	R1	0
ModelingAlgorithms	TKTopAlgo	BRepApprox	BRepApprox_TheMultiLineToolOfApprox	class	0	drop	R1	0
ModelingAlgorithms	TKTopAlgo	BRepApprox	BRepApprox_ThePrmPrmSvSurfacesOfApprox	class	0	drop	R1	0
ModelingAlgorithms	TKTopAlgo	BRepApprox	BRepApprox_TheZerImpFuncOfTheImpPrmSvSurfacesOfApprox	class	0	drop	R1	0
ModelingAlgorithms	TKFillet	BRepBlend	BRepBlend_AppFunc	class	0	keep		0
ModelingAlgorithms	TKFillet	BRepBlend	BRepBlend_AppFuncRoot	class	0	keep		0
ModelingAlgorithms	TKFillet	BRepBlend	BRepBlend_AppFuncRst	class	0	keep		0
ModelingAlgorithms	TKFillet	BRepBlend	BRepBlend_AppFuncRstRst	class	0	keep		0
ModelingAlgorithms	TKFillet	BRepBlend	BRepBlend_AppSurf	class	0	keep		0
ModelingAlgorithms	TKFillet	BRepBlend	BRepBlend_AppSurface	class	0	keep		0
ModelingAlgorithms	TKFillet	BRepBlend	BRepBlend_BlendTool	class	0	keep		0
ModelingAlgorithms	TKFillet	BRepBlend	BRepBlend_CSCircular	alias	0	keep		0
ModelingAlgorithms	TKFillet	BRepBlend	BRepBlend_CSConstRad	alias	0	keep		0
ModelingAlgorithms	TKFillet	BRepBlend	BRepBlend_CSWalking	class	0	keep		0
ModelingAlgorithms	TKFillet	BRepBlend	BRepBlend_ChAsym	alias	0	keep		0
ModelingAlgorithms	TKFillet	BRepBlend	BRepBlend_ChAsymInv	alias	0	keep		0
ModelingAlgorithms	TKFillet	BRepBlend	BRepBlend_ChamfInv	alias	0	keep		0
ModelingAlgorithms	TKFillet	BRepBlend	BRepBlend_Chamfer	alias	0	keep		0
ModelingAlgorithms	TKFillet	BRepBlend	BRepBlend_ConstRad	alias	0	keep		0
ModelingAlgorithms	TKFillet	BRepBlend	BRepBlend_ConstRadInv	alias	0	keep		0
ModelingAlgorithms	TKFillet	BRepBlend	BRepBlend_ConstThroat	alias	0	keep		0
ModelingAlgorithms	TKFillet	BRepBlend	BRepBlend_ConstThroatInv	alias	0	keep		0
ModelingAlgorithms	TKFillet	BRepBlend	BRepBlend_ConstThroatWithPenetration	alias	0	keep		0
ModelingAlgorithms	TKFillet	BRepBlend	BRepBlend_ConstThroatWithPenetrationInv	alias	0	keep		0
ModelingAlgorithms	TKFillet	BRepBlend	BRepBlend_CurvPointRadInv	class	0	keep		0
ModelingAlgorithms	TKFillet	BRepBlend	BRepBlend_EvolRad	alias	0	keep		0
ModelingAlgorithms	TKFillet	BRepBlend	BRepBlend_EvolRadInv	alias	0	keep		0
ModelingAlgorithms	TKFillet	BRepBlend	BRepBlend_Extremity	class	0	keep		0
ModelingAlgorithms	TKFillet	BRepBlend	BRepBlend_HCurve2dTool	class	0	keep		0
ModelingAlgorithms	TKFillet	BRepBlend	BRepBlend_HCurveTool	class	0	keep		0
ModelingAlgorithms	TKFillet	BRepBlend	BRepBlend_Line	class	0	keep		0
ModelingAlgorithms	TKFillet	BRepBlend	BRepBlend_PointOnRst	class	0	keep		0
ModelingAlgorithms	TKFillet	BRepBlend	BRepBlend_RstRstConstRad	class	0	keep		0
ModelingAlgorithms	TKFillet	BRepBlend	BRepBlend_RstRstEvolRad	class	0	keep		0
ModelingAlgorithms	TKFillet	BRepBlend	BRepBlend_RstRstLineBuilder	class	0	keep		0
ModelingAlgorithms	TKFillet	BRepBlend	BRepBlend_Ruled	alias	0	keep		0
ModelingAlgorithms	TKFillet	BRepBlend	BRepBlend_RuledInv	alias	0	keep		0
ModelingAlgorithms	TKFillet	BRepBlend	BRepBlend_SequenceOfLine	alias	0	drop	R1	0
ModelingAlgorithms	TKFillet	BRepBlend	BRepBlend_SequenceOfPointOnRst	alias	0	drop	R1	0
ModelingAlgorithms	TKFillet	BRepBlend	BRepBlend_SurfCurvConstRadInv	class	0	keep		0
ModelingAlgorithms	TKFillet	BRepBlend	BRepBlend_SurfCurvEvolRadInv	class	0	keep		0
ModelingAlgorithms	TKFillet	BRepBlend	BRepBlend_SurfPointConstRadInv	class	0	keep		0
ModelingAlgorithms	TKFillet	BRepBlend	BRepBlend_SurfPointEvolRadInv	class	0	keep		0
ModelingAlgorithms	TKFillet	BRepBlend	BRepBlend_SurfRstConstRad	class	0	keep		0
ModelingAlgorithms	TKFillet	BRepBlend	BRepBlend_SurfRstEvolRad	class	0	keep		0
ModelingAlgorithms	TKFillet	BRepBlend	BRepBlend_SurfRstLineBuilder	class	0	keep		0
ModelingAlgorithms	TKFillet	BRepBlend	BRepBlend_Walking	class	0	keep		0
ModelingAlgorithms	TKTopAlgo	BRepBndLib	BRepBndLib	class	0	keep		46
ModelingAlgorithms	TKTopAlgo	BRepBuilderAPI	BRepBuilderAPI	class	0	keep		2
ModelingAlgorithms	TKTopAlgo	BRepBuilderAPI	BRepBuilderAPI_BndBoxTreeSelector	class	0	keep		0
ModelingAlgorithms	TKTopAlgo	BRepBuilderAPI	BRepBuilderAPI_CellFilter	alias	0	keep		0
ModelingAlgorithms	TKTopAlgo	BRepBuilderAPI	BRepBuilderAPI_Collect	class	0	keep		0
ModelingAlgorithms	TKTopAlgo	BRepBuilderAPI	BRepBuilderAPI_Command	class	0	keep		1
ModelingAlgorithms	TKTopAlgo	BRepBuilderAPI	BRepBuilderAPI_Copy	class	0	keep		30
ModelingAlgorithms	TKTopAlgo	BRepBuilderAPI	BRepBuilderAPI_EdgeError	enum	0	keep		0
ModelingAlgorithms	TKTopAlgo	BRepBuilderAPI	BRepBuilderAPI_FaceError	enum	0	keep		1
ModelingAlgorithms	TKTopAlgo	BRepBuilderAPI	BRepBuilderAPI_FastSewing	class	0	keep		0
ModelingAlgorithms	TKTopAlgo	BRepBuilderAPI	BRepBuilderAPI_FindPlane	class	0	keep		4
ModelingAlgorithms	TKTopAlgo	BRepBuilderAPI	BRepBuilderAPI_GTransform	class	0	keep		7
ModelingAlgorithms	TKTopAlgo	BRepBuilderAPI	BRepBuilderAPI_MakeEdge	class	0	keep		50
ModelingAlgorithms	TKTopAlgo	BRepBuilderAPI	BRepBuilderAPI_MakeEdge2d	class	0	keep		3
ModelingAlgorithms	TKTopAlgo	BRepBuilderAPI	BRepBuilderAPI_MakeFace	class	0	keep		47
ModelingAlgorithms	TKTopAlgo	BRepBuilderAPI	BRepBuilderAPI_MakePolygon	class	0	keep		13
ModelingAlgorithms	TKTopAlgo	BRepBuilderAPI	BRepBuilderAPI_MakeShape	class	0	keep		5
ModelingAlgorithms	TKTopAlgo	BRepBuilderAPI	BRepBuilderAPI_MakeShapeOnMesh	class	0	keep		0
ModelingAlgorithms	TKTopAlgo	BRepBuilderAPI	BRepBuilderAPI_MakeShell	class	0	keep		2
ModelingAlgorithms	TKTopAlgo	BRepBuilderAPI	BRepBuilderAPI_MakeSolid	class	0	keep		11
ModelingAlgorithms	TKTopAlgo	BRepBuilderAPI	BRepBuilderAPI_MakeVertex	class	0	keep		35
ModelingAlgorithms	TKTopAlgo	BRepBuilderAPI	BRepBuilderAPI_MakeWire	class	0	keep		28
ModelingAlgorithms	TKTopAlgo	BRepBuilderAPI	BRepBuilderAPI_ModifyShape	class	0	keep		0
ModelingAlgorithms	TKTopAlgo	BRepBuilderAPI	BRepBuilderAPI_NurbsConvert	class	0	keep		3
ModelingAlgorithms	TKTopAlgo	BRepBuilderAPI	BRepBuilderAPI_PipeError	enum	0	keep		0
ModelingAlgorithms	TKTopAlgo	BRepBuilderAPI	BRepBuilderAPI_Sewing	class	0	keep		10
ModelingAlgorithms	TKTopAlgo	BRepBuilderAPI	BRepBuilderAPI_ShapeModification	enum	0	keep		0
ModelingAlgorithms	TKTopAlgo	BRepBuilderAPI	BRepBuilderAPI_ShellError	enum	0	keep		0
ModelingAlgorithms	TKTopAlgo	BRepBuilderAPI	BRepBuilderAPI_Transform	class	0	keep		24
ModelingAlgorithms	TKTopAlgo	BRepBuilderAPI	BRepBuilderAPI_TransitionMode	enum	0	keep		0
ModelingAlgorithms	TKTopAlgo	BRepBuilderAPI	BRepBuilderAPI_VertexInspector	class	0	keep		0
ModelingAlgorithms	TKTopAlgo	BRepBuilderAPI	BRepBuilderAPI_WireError	enum	0	keep		0
ModelingAlgorithms	TKTopAlgo	BRepCheck	BRepCheck	class	0	keep		0
ModelingAlgorithms	TKTopAlgo	BRepCheck	BRepCheck_Analyzer	class	0	keep		18
ModelingAlgorithms	TKTopAlgo	BRepCheck	BRepCheck_DataMapOfShapeListOfStatus	alias	0	drop	R1	0
ModelingAlgorithms	TKTopAlgo	BRepCheck	BRepCheck_Edge	class	0	keep		0
ModelingAlgorithms	TKTopAlgo	BRepCheck	BRepCheck_Face	class	0	keep		0
ModelingAlgorithms	TKTopAlgo	BRepCheck	BRepCheck_IndexedDataMapOfShapeResult	alias	0	drop	R1	0
ModelingAlgorithms	TKTopAlgo	BRepCheck	BRepCheck_ListIteratorOfListOfStatus	other	0	drop	R1	1
ModelingAlgorithms	TKTopAlgo	BRepCheck	BRepCheck_ListOfStatus	alias	0	drop	R1	3
ModelingAlgorithms	TKTopAlgo	BRepCheck	BRepCheck_Result	class	0	keep		3
ModelingAlgorithms	TKTopAlgo	BRepCheck	BRepCheck_Shell	class	0	keep		0
ModelingAlgorithms	TKTopAlgo	BRepCheck	BRepCheck_Solid	class	0	keep		2
ModelingAlgorithms	TKTopAlgo	BRepCheck	BRepCheck_Status	enum	0	keep		2
ModelingAlgorithms	TKTopAlgo	BRepCheck	BRepCheck_Vertex	class	0	keep		0
ModelingAlgorithms	TKTopAlgo	BRepCheck	BRepCheck_Wire	class	0	keep		0
ModelingAlgorithms	TKTopAlgo	BRepClass	BRepClass_Edge	class	0	keep		0
ModelingAlgorithms	TKTopAlgo	BRepClass	BRepClass_FClass2dOfFClassifier	class	0	drop	R1	0
ModelingAlgorithms	TKTopAlgo	BRepClass	BRepClass_FClassifier	class	0	keep		0
ModelingAlgorithms	TKTopAlgo	BRepClass	BRepClass_FaceClassifier	class	0	keep		7
ModelingAlgorithms	TKTopAlgo	BRepClass	BRepClass_FaceExplorer	class	0	keep		0
ModelingAlgorithms	TKTopAlgo	BRepClass	BRepClass_FacePassiveClassifier	class	0	keep		0
ModelingAlgorithms	TKTopAlgo	BRepClass	BRepClass_Intersector	class	0	keep		0
ModelingAlgorithms	TKTopAlgo	BRepClass3d	BRepClass3d	class	0	keep		2
ModelingAlgorithms	TKTopAlgo	BRepClass3d	BRepClass3d_BndBoxTree	alias	0	keep		0
ModelingAlgorithms	TKTopAlgo	BRepClass3d	BRepClass3d_DataMapIteratorOfMapOfInter	other	0	drop	R1	0
ModelingAlgorithms	TKTopAlgo	BRepClass3d	BRepClass3d_Intersector3d	class	0	keep		0
ModelingAlgorithms	TKTopAlgo	BRepClass3d	BRepClass3d_MapOfInter	alias	0	drop	R1	0
ModelingAlgorithms	TKTopAlgo	BRepClass3d	BRepClass3d_SClassifier	class	0	keep		0
ModelingAlgorithms	TKTopAlgo	BRepClass3d	BRepClass3d_SolidClassifier	class	0	keep		10
ModelingAlgorithms	TKTopAlgo	BRepClass3d	BRepClass3d_SolidExplorer	class	0	keep		0
ModelingAlgorithms	TKTopAlgo	BRepClass3d	BRepClass3d_SolidPassiveClassifier	class	0	keep		0
ModelingAlgorithms	TKTopAlgo	BRepExtrema	BRepExtrema_DistShapeShape	class	0	keep		26
ModelingAlgorithms	TKTopAlgo	BRepExtrema	BRepExtrema_DistanceSS	class	0	keep		0
ModelingAlgorithms	TKTopAlgo	BRepExtrema	BRepExtrema_ElementFilter	class	0	keep		0
ModelingAlgorithms	TKTopAlgo	BRepExtrema	BRepExtrema_ExtCC	class	0	keep		0
ModelingAlgorithms	TKTopAlgo	BRepExtrema	BRepExtrema_ExtCF	class	0	keep		0
ModelingAlgorithms	TKTopAlgo	BRepExtrema	BRepExtrema_ExtFF	class	0	keep		0
ModelingAlgorithms	TKTopAlgo	BRepExtrema	BRepExtrema_ExtPC	class	0	keep		0
ModelingAlgorithms	TKTopAlgo	BRepExtrema	BRepExtrema_ExtPF	class	0	keep		0
ModelingAlgorithms	TKTopAlgo	BRepExtrema	BRepExtrema_MapOfIntegerPackedMapOfInteger	alias	0	drop	R1	2
ModelingAlgorithms	TKTopAlgo	BRepExtrema	BRepExtrema_OverlapTool	class	0	keep		0
ModelingAlgorithms	TKTopAlgo	BRepExtrema	BRepExtrema_Poly	class	0	keep		0
ModelingAlgorithms	TKTopAlgo	BRepExtrema	BRepExtrema_ProximityDistTool	class	0	keep		0
ModelingAlgorithms	TKTopAlgo	BRepExtrema	BRepExtrema_ProximityValueTool	class	0	keep		0
ModelingAlgorithms	TKTopAlgo	BRepExtrema	BRepExtrema_SelfIntersection	class	0	keep		0
ModelingAlgorithms	TKTopAlgo	BRepExtrema	BRepExtrema_SeqOfSolution	alias	0	drop	R1	0
ModelingAlgorithms	TKTopAlgo	BRepExtrema	BRepExtrema_ShapeProximity	class	0	keep		2
ModelingAlgorithms	TKTopAlgo	BRepExtrema	BRepExtrema_SolutionElem	class	0	keep		0
ModelingAlgorithms	TKTopAlgo	BRepExtrema	BRepExtrema_SupportType	enum	0	keep		1
ModelingAlgorithms	TKTopAlgo	BRepExtrema	BRepExtrema_TriangleSet	class	0	keep		0
ModelingAlgorithms	TKTopAlgo	BRepExtrema	BRepExtrema_UnCompatibleShape	class	0	keep		0
ModelingAlgorithms	TKFeat	BRepFeat	BRepFeat	class	0	keep		0
ModelingAlgorithms	TKFeat	BRepFeat	BRepFeat_Builder	class	0	keep		0
ModelingAlgorithms	TKFeat	BRepFeat	BRepFeat_Form	class	0	keep		0
ModelingAlgorithms	TKFeat	BRepFeat	BRepFeat_Gluer	class	0	keep		0
ModelingAlgorithms	TKFeat	BRepFeat	BRepFeat_MakeCylindricalHole	class	0	keep		0
ModelingAlgorithms	TKFeat	BRepFeat	BRepFeat_MakeDPrism	class	0	keep		0
ModelingAlgorithms	TKFeat	BRepFeat	BRepFeat_MakeLinearForm	class	0	keep		0
ModelingAlgorithms	TKFeat	BRepFeat	BRepFeat_MakePipe	class	0	keep		0
ModelingAlgorithms	TKFeat	BRepFeat	BRepFeat_MakePrism	class	0	keep		3
ModelingAlgorithms	TKFeat	BRepFeat	BRepFeat_MakeRevol	class	0	keep		2
ModelingAlgorithms	TKFeat	BRepFeat	BRepFeat_MakeRevolutionForm	class	0	keep		0
ModelingAlgorithms	TKFeat	BRepFeat	BRepFeat_PerfSelection	enum	0	keep		0
ModelingAlgorithms	TKFeat	BRepFeat	BRepFeat_RibSlot	class	0	keep		0
ModelingAlgorithms	TKFeat	BRepFeat	BRepFeat_SplitShape	class	0	keep		2
ModelingAlgorithms	TKFeat	BRepFeat	BRepFeat_Status	enum	0	keep		0
ModelingAlgorithms	TKFeat	BRepFeat	BRepFeat_StatusError	enum	0	keep		0
ModelingAlgorithms	TKBool	BRepFill	BRepFill	class	0	keep		4
ModelingAlgorithms	TKBool	BRepFill	BRepFill_ACRLaw	class	0	keep		0
ModelingAlgorithms	TKBool	BRepFill	BRepFill_AdvancedEvolved	class	0	keep		0
ModelingAlgorithms	TKBool	BRepFill	BRepFill_ApproxSeewing	class	0	keep		0
ModelingAlgorithms	TKBool	BRepFill	BRepFill_CompatibleWires	class	0	keep		1
ModelingAlgorithms	TKBool	BRepFill	BRepFill_ComputeCLine	class	0	keep		0
ModelingAlgorithms	TKBool	BRepFill	BRepFill_CurveConstraint	class	0	keep		0
ModelingAlgorithms	TKBool	BRepFill	BRepFill_DataMapIteratorOfDataMapOfNodeDataMapOfShapeShape	other	0	drop	R1	0
ModelingAlgorithms	TKBool	BRepFill	BRepFill_DataMapIteratorOfDataMapOfNodeShape	other	0	drop	R1	0
ModelingAlgorithms	TKBool	BRepFill	BRepFill_DataMapIteratorOfDataMapOfOrientedShapeListOfShape	other	0	drop	R1	0
ModelingAlgorithms	TKBool	BRepFill	BRepFill_DataMapIteratorOfDataMapOfShapeDataMapOfShapeListOfShape	other	0	drop	R1	0
ModelingAlgorithms	TKBool	BRepFill	BRepFill_DataMapIteratorOfDataMapOfShapeHArray2OfShape	other	0	drop	R1	0
ModelingAlgorithms	TKBool	BRepFill	BRepFill_DataMapIteratorOfDataMapOfShapeSequenceOfPnt	other	0	drop	R1	0
ModelingAlgorithms	TKBool	BRepFill	BRepFill_DataMapIteratorOfDataMapOfShapeSequenceOfReal	other	0	drop	R1	0
ModelingAlgorithms	TKBool	BRepFill	BRepFill_DataMapOfNodeDataMapOfShapeShape	alias	0	drop	R1	0
ModelingAlgorithms	TKBool	BRepFill	BRepFill_DataMapOfNodeShape	alias	0	drop	R1	0
ModelingAlgorithms	TKBool	BRepFill	BRepFill_DataMapOfOrientedShapeListOfShape	alias	0	drop	R1	0
ModelingAlgorithms	TKBool	BRepFill	BRepFill_DataMapOfShapeDataMapOfShapeListOfShape	alias	0	drop	R1	0
ModelingAlgorithms	TKBool	BRepFill	BRepFill_DataMapOfShapeHArray2OfShape	alias	0	drop	R1	0
ModelingAlgorithms	TKBool	BRepFill	BRepFill_DataMapOfShapeSequenceOfPnt	alias	0	drop	R1	0
ModelingAlgorithms	TKBool	BRepFill	BRepFill_DataMapOfShapeSequenceOfReal	alias	0	drop	R1	0
ModelingAlgorithms	TKBool	BRepFill	BRepFill_Draft	class	0	keep		0
ModelingAlgorithms	TKBool	BRepFill	BRepFill_DraftLaw	class	0	keep		0
ModelingAlgorithms	TKBool	BRepFill	BRepFill_Edge3DLaw	class	0	keep		0
ModelingAlgorithms	TKBool	BRepFill	BRepFill_EdgeFaceAndOrder	class	0	keep		0
ModelingAlgorithms	TKBool	BRepFill	BRepFill_EdgeOnSurfLaw	class	0	keep		0
ModelingAlgorithms	TKBool	BRepFill	BRepFill_Evolved	class	0	keep		0
ModelingAlgorithms	TKBool	BRepFill	BRepFill_FaceAndOrder	class	0	keep		0
ModelingAlgorithms	TKBool	BRepFill	BRepFill_Filling	class	0	keep		4
ModelingAlgorithms	TKBool	BRepFill	BRepFill_Generator	class	0	keep		3
ModelingAlgorithms	TKBool	BRepFill	BRepFill_IndexedDataMapOfOrientedShapeListOfShape	alias	0	drop	R1	0
ModelingAlgorithms	TKBool	BRepFill	BRepFill_ListIteratorOfListOfOffsetWire	other	0	drop	R1	0
ModelingAlgorithms	TKBool	BRepFill	BRepFill_ListOfOffsetWire	alias	0	drop	R1	0
ModelingAlgorithms	TKBool	BRepFill	BRepFill_LocationLaw	class	0	keep		0
ModelingAlgorithms	TKBool	BRepFill	BRepFill_MultiLine	class	0	keep		0
ModelingAlgorithms	TKBool	BRepFill	BRepFill_NSections	class	0	keep		0
ModelingAlgorithms	TKBool	BRepFill	BRepFill_OffsetAncestors	class	0	keep		0
ModelingAlgorithms	TKBool	BRepFill	BRepFill_OffsetWire	class	0	keep		0
ModelingAlgorithms	TKBool	BRepFill	BRepFill_Pipe	class	0	keep		0
ModelingAlgorithms	TKBool	BRepFill	BRepFill_PipeShell	class	0	keep		0
ModelingAlgorithms	TKBool	BRepFill	BRepFill_Section	class	0	keep		0
ModelingAlgorithms	TKBool	BRepFill	BRepFill_SectionLaw	class	0	keep		0
ModelingAlgorithms	TKBool	BRepFill	BRepFill_SectionPlacement	class	0	keep		0
ModelingAlgorithms	TKBool	BRepFill	BRepFill_SequenceOfEdgeFaceAndOrder	alias	0	drop	R1	0
ModelingAlgorithms	TKBool	BRepFill	BRepFill_SequenceOfFaceAndOrder	alias	0	drop	R1	0
ModelingAlgorithms	TKBool	BRepFill	BRepFill_SequenceOfSection	alias	0	drop	R1	0
ModelingAlgorithms	TKBool	BRepFill	BRepFill_ShapeLaw	class	0	keep		0
ModelingAlgorithms	TKBool	BRepFill	BRepFill_Sweep	class	0	keep		0
ModelingAlgorithms	TKBool	BRepFill	BRepFill_ThruSectionErrorStatus	enum	0	keep		0
ModelingAlgorithms	TKBool	BRepFill	BRepFill_TransitionStyle	enum	0	keep		0
ModelingAlgorithms	TKBool	BRepFill	BRepFill_TrimEdgeTool	class	0	keep		0
ModelingAlgorithms	TKBool	BRepFill	BRepFill_TrimShellCorner	class	0	keep		0
ModelingAlgorithms	TKBool	BRepFill	BRepFill_TrimSurfaceTool	class	0	keep		0
ModelingAlgorithms	TKBool	BRepFill	BRepFill_TypeOfContact	enum	0	keep		0
ModelingAlgorithms	TKFillet	BRepFilletAPI	BRepFilletAPI_LocalOperation	class	0	keep		0
ModelingAlgorithms	TKFillet	BRepFilletAPI	BRepFilletAPI_MakeChamfer	class	0	keep		5
ModelingAlgorithms	TKFillet	BRepFilletAPI	BRepFilletAPI_MakeFillet	class	0	keep		5
ModelingAlgorithms	TKFillet	BRepFilletAPI	BRepFilletAPI_MakeFillet2d	class	0	keep		0
ModelingAlgorithms	TKTopAlgo	BRepGProp	BRepGProp	class	0	keep		35
ModelingAlgorithms	TKTopAlgo	BRepGProp	BRepGProp_Cinert	class	0	keep		0
ModelingAlgorithms	TKTopAlgo	BRepGProp	BRepGProp_Domain	class	0	keep		0
ModelingAlgorithms	TKTopAlgo	BRepGProp	BRepGProp_EdgeTool	class	0	keep		0
ModelingAlgorithms	TKTopAlgo	BRepGProp	BRepGProp_Face	class	0	keep		8
ModelingAlgorithms	TKTopAlgo	BRepGProp	BRepGProp_Gauss	class	0	keep		0
ModelingAlgorithms	TKTopAlgo	BRepGProp	BRepGProp_MeshCinert	class	0	keep		0
ModelingAlgorithms	TKTopAlgo	BRepGProp	BRepGProp_MeshProps	class	0	keep		0
ModelingAlgorithms	TKTopAlgo	BRepGProp	BRepGProp_Sinert	class	0	keep		0
ModelingAlgorithms	TKTopAlgo	BRepGProp	BRepGProp_TFunction	class	0	keep		0
ModelingAlgorithms	TKTopAlgo	BRepGProp	BRepGProp_UFunction	class	0	keep		0
ModelingAlgorithms	TKTopAlgo	BRepGProp	BRepGProp_Vinert	class	0	keep		0
ModelingAlgorithms	TKTopAlgo	BRepGProp	BRepGProp_VinertGK	class	0	keep		0
ModelingAlgorithms	TKTopAlgo	BRepIntCurveSurface	BRepIntCurveSurface_Inter	class	0	keep		4
ModelingAlgorithms	TKTopAlgo	BRepLib	BRepLib	class	0	keep		18
ModelingAlgorithms	TKTopAlgo	BRepLib	BRepLib_CheckCurveOnSurface	class	0	keep		0
ModelingAlgorithms	TKTopAlgo	BRepLib	BRepLib_Command	class	0	keep		0
ModelingAlgorithms	TKTopAlgo	BRepLib	BRepLib_EdgeError	enum	0	keep		0
ModelingAlgorithms	TKTopAlgo	BRepLib	BRepLib_FaceError	enum	0	keep		0
ModelingAlgorithms	TKTopAlgo	BRepLib	BRepLib_FindSurface	class	0	keep		7
ModelingAlgorithms	TKTopAlgo	BRepLib	BRepLib_FuseEdges	class	0	keep		2
ModelingAlgorithms	TKTopAlgo	BRepLib	BRepLib_MakeEdge	class	0	keep		0
ModelingAlgorithms	TKTopAlgo	BRepLib	BRepLib_MakeEdge2d	class	0	keep		0
ModelingAlgorithms	TKTopAlgo	BRepLib	BRepLib_MakeFace	class	0	keep		2
ModelingAlgorithms	TKTopAlgo	BRepLib	BRepLib_MakePolygon	class	0	keep		0
ModelingAlgorithms	TKTopAlgo	BRepLib	BRepLib_MakeShape	class	0	keep		0
ModelingAlgorithms	TKTopAlgo	BRepLib	BRepLib_MakeShell	class	0	keep		0
ModelingAlgorithms	TKTopAlgo	BRepLib	BRepLib_MakeSolid	class	0	keep		0
ModelingAlgorithms	TKTopAlgo	BRepLib	BRepLib_MakeVertex	class	0	keep		0
ModelingAlgorithms	TKTopAlgo	BRepLib	BRepLib_MakeWire	class	0	keep		3
ModelingAlgorithms	TKTopAlgo	BRepLib	BRepLib_PointCloudShape	class	0	keep		0
ModelingAlgorithms	TKTopAlgo	BRepLib	BRepLib_ShapeModification	enum	0	keep		0
ModelingAlgorithms	TKTopAlgo	BRepLib	BRepLib_ShellError	enum	0	keep		0
ModelingAlgorithms	TKTopAlgo	BRepLib	BRepLib_ToolTriangulatedShape	class	0	keep		0
ModelingAlgorithms	TKTopAlgo	BRepLib	BRepLib_ValidateEdge	class	0	keep		0
ModelingAlgorithms	TKTopAlgo	BRepLib	BRepLib_WireError	enum	0	keep		0
ModelingAlgorithms	TKTopAlgo	BRepMAT2d	BRepMAT2d_BisectingLocus	class	0	keep		0
ModelingAlgorithms	TKTopAlgo	BRepMAT2d	BRepMAT2d_DataMapIteratorOfDataMapOfBasicEltShape	other	0	drop	R1	0
ModelingAlgorithms	TKTopAlgo	BRepMAT2d	BRepMAT2d_DataMapIteratorOfDataMapOfShapeSequenceOfBasicElt	other	0	drop	R1	0
ModelingAlgorithms	TKTopAlgo	BRepMAT2d	BRepMAT2d_DataMapOfBasicEltShape	alias	0	drop	R1	0
ModelingAlgorithms	TKTopAlgo	BRepMAT2d	BRepMAT2d_DataMapOfShapeSequenceOfBasicElt	alias	0	drop	R1	0
ModelingAlgorithms	TKTopAlgo	BRepMAT2d	BRepMAT2d_Explorer	class	0	keep		0
ModelingAlgorithms	TKTopAlgo	BRepMAT2d	BRepMAT2d_LinkTopoBilo	class	0	keep		0
ModelingAlgorithms	TKMesh	BRepMesh	BRepMesh_BaseMeshAlgo	class	0	keep		0
ModelingAlgorithms	TKMesh	BRepMesh	BRepMesh_BoundaryParamsRangeSplitter	class	0	keep		0
ModelingAlgorithms	TKMesh	BRepMesh	BRepMesh_Circle	class	0	keep		0
ModelingAlgorithms	TKMesh	BRepMesh	BRepMesh_CircleInspector	class	0	keep		0
ModelingAlgorithms	TKMesh	BRepMesh	BRepMesh_CircleTool	class	0	keep		0
ModelingAlgorithms	TKMesh	BRepMesh	BRepMesh_Classifier	class	0	keep		0
ModelingAlgorithms	TKMesh	BRepMesh	BRepMesh_ConeRangeSplitter	class	0	keep		0
ModelingAlgorithms	TKMesh	BRepMesh	BRepMesh_ConstrainedBaseMeshAlgo	class	0	keep		0
ModelingAlgorithms	TKMesh	BRepMesh	BRepMesh_Context	class	0	keep		0
ModelingAlgorithms	TKMesh	BRepMesh	BRepMesh_CurveTessellator	class	0	keep		0
ModelingAlgorithms	TKMesh	BRepMesh	BRepMesh_CustomBaseMeshAlgo	class	0	keep		0
ModelingAlgorithms	TKMesh	BRepMesh	BRepMesh_CustomDelaunayBaseMeshAlgo	class	0	keep		0
ModelingAlgorithms	TKMesh	BRepMesh	BRepMesh_CylinderRangeSplitter	class	0	keep		0
ModelingAlgorithms	TKMesh	BRepMesh	BRepMesh_DataStructureOfDelaun	class	0	keep		0
ModelingAlgorithms	TKMesh	BRepMesh	BRepMesh_DefaultRangeSplitter	class	0	keep		0
ModelingAlgorithms	TKMesh	BRepMesh	BRepMesh_Deflection	class	0	keep		0
ModelingAlgorithms	TKMesh	BRepMesh	BRepMesh_DegreeOfFreedom	enum	0	keep		0
ModelingAlgorithms	TKMesh	BRepMesh	BRepMesh_DelabellaBaseMeshAlgo	class	0	keep		0
ModelingAlgorithms	TKMesh	BRepMesh	BRepMesh_DelabellaMeshAlgoFactory	class	0	keep		0
ModelingAlgorithms	TKMesh	BRepMesh	BRepMesh_Delaun	class	0	keep		0
ModelingAlgorithms	TKMesh	BRepMesh	BRepMesh_DelaunayBaseMeshAlgo	class	0	keep		0
ModelingAlgorithms	TKMesh	BRepMesh	BRepMesh_DelaunayDeflectionControlMeshAlgo	class	0	keep		0
ModelingAlgorithms	TKMesh	BRepMesh	BRepMesh_DelaunayNodeInsertionMeshAlgo	class	0	keep		0
ModelingAlgorithms	TKMesh	BRepMesh	BRepMesh_DiscretFactory	class	0	keep		0
ModelingAlgorithms	TKMesh	BRepMesh	BRepMesh_DiscretRoot	class	0	keep		0
ModelingAlgorithms	TKMesh	BRepMesh	BRepMesh_Edge	class	0	keep		1
ModelingAlgorithms	TKMesh	BRepMesh	BRepMesh_EdgeDiscret	class	0	keep		0
ModelingAlgorithms	TKMesh	BRepMesh	BRepMesh_EdgeParameterProvider	class	0	keep		0
ModelingAlgorithms	TKMesh	BRepMesh	BRepMesh_EdgeTessellationExtractor	class	0	keep		0
ModelingAlgorithms	TKMesh	BRepMesh	BRepMesh_ExtrusionRangeSplitter	class	0	keep		0
ModelingAlgorithms	TKMesh	BRepMesh	BRepMesh_FaceChecker	class	0	keep		0
ModelingAlgorithms	TKMesh	BRepMesh	BRepMesh_FaceDiscret	class	0	keep		0
ModelingAlgorithms	TKMesh	BRepMesh	BRepMesh_FactoryError	enum	0	keep		0
ModelingAlgorithms	TKMesh	BRepMesh	BRepMesh_FastDiscret	class	1	keep		0
ModelingAlgorithms	TKMesh	BRepMesh	BRepMesh_GeomTool	class	0	keep		0
ModelingAlgorithms	TKMesh	BRepMesh	BRepMesh_IncrementalMesh	class	0	keep		15
ModelingAlgorithms	TKMesh	BRepMesh	BRepMesh_MeshAlgoFactory	class	0	keep		0
ModelingAlgorithms	TKMesh	BRepMesh	BRepMesh_MeshTool	class	0	keep		0
ModelingAlgorithms	TKMesh	BRepMesh	BRepMesh_ModelBuilder	class	0	keep		0
ModelingAlgorithms	TKMesh	BRepMesh	BRepMesh_ModelHealer	class	0	keep		0
ModelingAlgorithms	TKMesh	BRepMesh	BRepMesh_ModelPostProcessor	class	0	keep		0
ModelingAlgorithms	TKMesh	BRepMesh	BRepMesh_ModelPreProcessor	class	0	keep		0
ModelingAlgorithms	TKMesh	BRepMesh	BRepMesh_NURBSRangeSplitter	class	0	keep		0
ModelingAlgorithms	TKMesh	BRepMesh	BRepMesh_NodeInsertionMeshAlgo	class	0	keep		0
ModelingAlgorithms	TKMesh	BRepMesh	BRepMesh_OrientedEdge	class	0	keep		0
ModelingAlgorithms	TKMesh	BRepMesh	BRepMesh_PairOfIndex	class	0	keep		0
ModelingAlgorithms	TKMesh	BRepMesh	BRepMesh_PluginEntryType	other	0	keep		0
ModelingAlgorithms	TKMesh	BRepMesh	BRepMesh_PluginMacro	other	0	keep		0
ModelingAlgorithms	TKMesh	BRepMesh	BRepMesh_SelectorOfDataStructureOfDelaun	class	0	drop	R1	0
ModelingAlgorithms	TKMesh	BRepMesh	BRepMesh_ShapeTool	class	0	keep		0
ModelingAlgorithms	TKMesh	BRepMesh	BRepMesh_ShapeVisitor	class	0	keep		0
ModelingAlgorithms	TKMesh	BRepMesh	BRepMesh_SphereRangeSplitter	class	0	keep		0
ModelingAlgorithms	TKMesh	BRepMesh	BRepMesh_TorusRangeSplitter	class	0	keep		0
ModelingAlgorithms	TKMesh	BRepMesh	BRepMesh_Triangle	class	0	keep		1
ModelingAlgorithms	TKMesh	BRepMesh	BRepMesh_Triangulator	class	0	keep		0
ModelingAlgorithms	TKMesh	BRepMesh	BRepMesh_UVParamRangeSplitter	class	0	keep		0
ModelingAlgorithms	TKMesh	BRepMesh	BRepMesh_UndefinedRangeSplitter	class	0	keep		0
ModelingAlgorithms	TKMesh	BRepMesh	BRepMesh_Vertex	class	0	keep		0
ModelingAlgorithms	TKMesh	BRepMesh	BRepMesh_VertexInspector	class	0	keep		0
ModelingAlgorithms	TKMesh	BRepMesh	BRepMesh_VertexTool	class	0	keep		0
ModelingAlgorithms	TKMesh	BRepMeshData	BRepMeshData_Curve	class	0	keep		0
ModelingAlgorithms	TKMesh	BRepMeshData	BRepMeshData_Edge	class	0	keep		0
ModelingAlgorithms	TKMesh	BRepMeshData	BRepMeshData_Face	class	0	keep		0
ModelingAlgorithms	TKMesh	BRepMeshData	BRepMeshData_Model	class	0	keep		0
ModelingAlgorithms	TKMesh	BRepMeshData	BRepMeshData_PCurve	class	0	keep		0
ModelingAlgorithms	TKMesh	BRepMeshData	BRepMeshData_Wire	class	0	keep		0
ModelingAlgorithms	TKOffset	BRepOffset	BRepOffset	class	0	keep		0
ModelingAlgorithms	TKOffset	BRepOffset	BRepOffset_Analyse	class	0	keep		0
ModelingAlgorithms	TKOffset	BRepOffset	BRepOffset_DataMapIteratorOfDataMapOfShapeListOfInterval	other	0	drop	R1	0
ModelingAlgorithms	TKOffset	BRepOffset	BRepOffset_DataMapIteratorOfDataMapOfShapeMapOfShape	other	0	drop	R1	0
ModelingAlgorithms	TKOffset	BRepOffset	BRepOffset_DataMapIteratorOfDataMapOfShapeOffset	other	0	drop	R1	0
ModelingAlgorithms	TKOffset	BRepOffset	BRepOffset_DataMapOfShapeListOfInterval	alias	0	drop	R1	0
ModelingAlgorithms	TKOffset	BRepOffset	BRepOffset_DataMapOfShapeMapOfShape	alias	0	drop	R1	0
ModelingAlgorithms	TKOffset	BRepOffset	BRepOffset_DataMapOfShapeOffset	alias	0	drop	R1	0
ModelingAlgorithms	TKOffset	BRepOffset	BRepOffset_Error	enum	0	keep		0
ModelingAlgorithms	TKOffset	BRepOffset	BRepOffset_Inter2d	class	0	keep		0
ModelingAlgorithms	TKOffset	BRepOffset	BRepOffset_Inter3d	class	0	keep		0
ModelingAlgorithms	TKOffset	BRepOffset	BRepOffset_Interval	class	0	keep		0
ModelingAlgorithms	TKOffset	BRepOffset	BRepOffset_ListIteratorOfListOfInterval	other	0	drop	R1	0
ModelingAlgorithms	TKOffset	BRepOffset	BRepOffset_ListOfInterval	alias	0	drop	R1	0
ModelingAlgorithms	TKOffset	BRepOffset	BRepOffset_MakeLoops	class	0	keep		0
ModelingAlgorithms	TKOffset	BRepOffset	BRepOffset_MakeOffset	class	0	keep		2
ModelingAlgorithms	TKOffset	BRepOffset	BRepOffset_MakeSimpleOffset	class	0	keep		0
ModelingAlgorithms	TKOffset	BRepOffset	BRepOffset_Mode	enum	0	keep		0
ModelingAlgorithms	TKOffset	BRepOffset	BRepOffset_Offset	class	0	keep		0
ModelingAlgorithms	TKOffset	BRepOffset	BRepOffset_SimpleOffset	class	0	keep		0
ModelingAlgorithms	TKOffset	BRepOffset	BRepOffset_Status	enum	0	keep		0
ModelingAlgorithms	TKOffset	BRepOffset	BRepOffset_Tool	class	0	keep		0
ModelingAlgorithms	TKOffset	BRepOffsetAPI	BRepOffsetAPI_DraftAngle	class	0	keep		3
ModelingAlgorithms	TKOffset	BRepOffsetAPI	BRepOffsetAPI_FindContigousEdges	class	0	keep		0
ModelingAlgorithms	TKOffset	BRepOffsetAPI	BRepOffsetAPI_MakeDraft	class	0	keep		0
ModelingAlgorithms	TKOffset	BRepOffsetAPI	BRepOffsetAPI_MakeEvolved	class	0	keep		4
ModelingAlgorithms	TKOffset	BRepOffsetAPI	BRepOffsetAPI_MakeFilling	class	0	keep		3
ModelingAlgorithms	TKOffset	BRepOffsetAPI	BRepOffsetAPI_MakeOffset	class	0	keep		7
ModelingAlgorithms	TKOffset	BRepOffsetAPI	BRepOffsetAPI_MakeOffsetShape	class	0	keep		1
ModelingAlgorithms	TKOffset	BRepOffsetAPI	BRepOffsetAPI_MakePipe	class	0	keep		4
ModelingAlgorithms	TKOffset	BRepOffsetAPI	BRepOffsetAPI_MakePipeShell	class	0	keep		9
ModelingAlgorithms	TKOffset	BRepOffsetAPI	BRepOffsetAPI_MakeThickSolid	class	0	keep		3
ModelingAlgorithms	TKOffset	BRepOffsetAPI	BRepOffsetAPI_MiddlePath	class	0	keep		0
ModelingAlgorithms	TKOffset	BRepOffsetAPI	BRepOffsetAPI_NormalProjection	class	0	keep		3
ModelingAlgorithms	TKOffset	BRepOffsetAPI	BRepOffsetAPI_SequenceOfSequenceOfReal	alias	0	drop	R1	0
ModelingAlgorithms	TKOffset	BRepOffsetAPI	BRepOffsetAPI_SequenceOfSequenceOfShape	alias	0	drop	R1	0
ModelingAlgorithms	TKOffset	BRepOffsetAPI	BRepOffsetAPI_Sewing	alias	0	keep		1
ModelingAlgorithms	TKOffset	BRepOffsetAPI	BRepOffsetAPI_ThruSections	class	0	keep		4
ModelingAlgorithms	TKPrim	BRepPreviewAPI	BRepPreviewAPI_MakeBox	class	0	keep		0
ModelingAlgorithms	TKPrim	BRepPrim	BRepPrim_Builder	class	0	keep		0
ModelingAlgorithms	TKPrim	BRepPrim	BRepPrim_Cone	class	0	keep		0
ModelingAlgorithms	TKPrim	BRepPrim	BRepPrim_Cylinder	class	0	keep		2
ModelingAlgorithms	TKPrim	BRepPrim	BRepPrim_Direction	enum	0	keep		0
ModelingAlgorithms	TKPrim	BRepPrim	BRepPrim_FaceBuilder	class	0	keep		0
ModelingAlgorithms	TKPrim	BRepPrim	BRepPrim_GWedge	class	0	keep		0
ModelingAlgorithms	TKPrim	BRepPrim	BRepPrim_OneAxis	class	0	keep		0
ModelingAlgorithms	TKPrim	BRepPrim	BRepPrim_Revolution	class	0	keep		0
ModelingAlgorithms	TKPrim	BRepPrim	BRepPrim_Sphere	class	0	keep		0
ModelingAlgorithms	TKPrim	BRepPrim	BRepPrim_Torus	class	0	keep		0
ModelingAlgorithms	TKPrim	BRepPrim	BRepPrim_Wedge	class	0	keep		2
ModelingAlgorithms	TKPrim	BRepPrimAPI	BRepPrimAPI_MakeBox	class	0	keep		6
ModelingAlgorithms	TKPrim	BRepPrimAPI	BRepPrimAPI_MakeCone	class	0	keep		4
ModelingAlgorithms	TKPrim	BRepPrimAPI	BRepPrimAPI_MakeCylinder	class	0	keep		5
ModelingAlgorithms	TKPrim	BRepPrimAPI	BRepPrimAPI_MakeHalfSpace	class	0	keep		6
ModelingAlgorithms	TKPrim	BRepPrimAPI	BRepPrimAPI_MakeOneAxis	class	0	keep		0
ModelingAlgorithms	TKPrim	BRepPrimAPI	BRepPrimAPI_MakePrism	class	0	keep		13
ModelingAlgorithms	TKPrim	BRepPrimAPI	BRepPrimAPI_MakeRevol	class	0	keep		5
ModelingAlgorithms	TKPrim	BRepPrimAPI	BRepPrimAPI_MakeRevolution	class	0	keep		2
ModelingAlgorithms	TKPrim	BRepPrimAPI	BRepPrimAPI_MakeSphere	class	0	keep		5
ModelingAlgorithms	TKPrim	BRepPrimAPI	BRepPrimAPI_MakeSweep	class	0	keep		0
ModelingAlgorithms	TKPrim	BRepPrimAPI	BRepPrimAPI_MakeTorus	class	0	keep		4
ModelingAlgorithms	TKPrim	BRepPrimAPI	BRepPrimAPI_MakeWedge	class	0	keep		0
ModelingAlgorithms	TKBool	BRepProj	BRepProj_Projection	class	0	keep		7
ModelingAlgorithms	TKPrim	BRepSweep	BRepSweep_Builder	class	0	keep		0
ModelingAlgorithms	TKPrim	BRepSweep	BRepSweep_Iterator	class	0	keep		0
ModelingAlgorithms	TKPrim	BRepSweep	BRepSweep_NumLinearRegularSweep	class	0	keep		0
ModelingAlgorithms	TKPrim	BRepSweep	BRepSweep_Prism	class	0	keep		0
ModelingAlgorithms	TKPrim	BRepSweep	BRepSweep_Revol	class	0	keep		0
ModelingAlgorithms	TKPrim	BRepSweep	BRepSweep_Rotation	class	0	keep		0
ModelingAlgorithms	TKPrim	BRepSweep	BRepSweep_Tool	class	0	keep		0
ModelingAlgorithms	TKPrim	BRepSweep	BRepSweep_Translation	class	0	keep		0
ModelingAlgorithms	TKPrim	BRepSweep	BRepSweep_Trsf	class	0	keep		0
ModelingAlgorithms	TKTopAlgo	BRepTopAdaptor	BRepTopAdaptor_DataMapIteratorOfMapOfShapeTool	other	0	drop	R1	0
ModelingAlgorithms	TKTopAlgo	BRepTopAdaptor	BRepTopAdaptor_FClass2d	class	0	keep		2
ModelingAlgorithms	TKTopAlgo	BRepTopAdaptor	BRepTopAdaptor_HVertex	class	0	keep		0
ModelingAlgorithms	TKTopAlgo	BRepTopAdaptor	BRepTopAdaptor_MapOfShapeTool	alias	0	drop	R1	0
ModelingAlgorithms	TKTopAlgo	BRepTopAdaptor	BRepTopAdaptor_SeqOfPtr	alias	0	drop	R1	0
ModelingAlgorithms	TKTopAlgo	BRepTopAdaptor	BRepTopAdaptor_Tool	class	0	keep		0
ModelingAlgorithms	TKTopAlgo	BRepTopAdaptor	BRepTopAdaptor_TopolTool	class	0	keep		0
ModelingAlgorithms	TKOffset	BiTgte	BiTgte_Blend	class	0	keep		0
ModelingAlgorithms	TKOffset	BiTgte	BiTgte_ContactType	enum	0	keep		0
ModelingAlgorithms	TKOffset	BiTgte	BiTgte_CurveOnEdge	class	0	keep		0
ModelingAlgorithms	TKOffset	BiTgte	BiTgte_CurveOnVertex	class	0	keep		0
ModelingAlgorithms	TKTopAlgo	Bisector	Bisector	class	0	keep		0
ModelingAlgorithms	TKTopAlgo	Bisector	Bisector_Bisec	class	0	keep		0
ModelingAlgorithms	TKTopAlgo	Bisector	Bisector_BisecAna	class	0	keep		0
ModelingAlgorithms	TKTopAlgo	Bisector	Bisector_BisecCC	class	0	keep		0
ModelingAlgorithms	TKTopAlgo	Bisector	Bisector_BisecPC	class	0	keep		0
ModelingAlgorithms	TKTopAlgo	Bisector	Bisector_Curve	class	0	keep		0
ModelingAlgorithms	TKTopAlgo	Bisector	Bisector_FunctionH	class	0	keep		0
ModelingAlgorithms	TKTopAlgo	Bisector	Bisector_FunctionInter	class	0	keep		0
ModelingAlgorithms	TKTopAlgo	Bisector	Bisector_Inter	class	0	keep		0
ModelingAlgorithms	TKTopAlgo	Bisector	Bisector_PointOnBis	class	0	keep		0
ModelingAlgorithms	TKTopAlgo	Bisector	Bisector_PolyBis	class	0	keep		0
ModelingAlgorithms	TKFillet	Blend	Blend_AppFunction	class	0	keep		0
ModelingAlgorithms	TKFillet	Blend	Blend_CSFunction	class	0	keep		0
ModelingAlgorithms	TKFillet	Blend	Blend_CurvPointFuncInv	class	0	keep		0
ModelingAlgorithms	TKFillet	Blend	Blend_DecrochStatus	enum	0	keep		0
ModelingAlgorithms	TKFillet	Blend	Blend_FuncInv	class	0	keep		0
ModelingAlgorithms	TKFillet	Blend	Blend_Function	class	0	keep		0
ModelingAlgorithms	TKFillet	Blend	Blend_Point	class	0	keep		0
ModelingAlgorithms	TKFillet	Blend	Blend_RstRstFunction	class	0	keep		0
ModelingAlgorithms	TKFillet	Blend	Blend_SequenceOfPoint	alias	0	drop	R1	0
ModelingAlgorithms	TKFillet	Blend	Blend_Status	enum	0	keep		0
ModelingAlgorithms	TKFillet	Blend	Blend_SurfCurvFuncInv	class	0	keep		0
ModelingAlgorithms	TKFillet	Blend	Blend_SurfPointFuncInv	class	0	keep		0
ModelingAlgorithms	TKFillet	Blend	Blend_SurfRstFunction	class	0	keep		0
ModelingAlgorithms	TKFillet	BlendFunc	BlendFunc	class	0	keep		0
ModelingAlgorithms	TKFillet	BlendFunc	BlendFunc_CSCircular	class	0	keep		0
ModelingAlgorithms	TKFillet	BlendFunc	BlendFunc_CSConstRad	class	0	keep		0
ModelingAlgorithms	TKFillet	BlendFunc	BlendFunc_ChAsym	class	0	keep		0
ModelingAlgorithms	TKFillet	BlendFunc	BlendFunc_ChAsymInv	class	0	keep		0
ModelingAlgorithms	TKFillet	BlendFunc	BlendFunc_ChamfInv	class	0	keep		0
ModelingAlgorithms	TKFillet	BlendFunc	BlendFunc_Chamfer	class	0	keep		0
ModelingAlgorithms	TKFillet	BlendFunc	BlendFunc_ConstRad	class	0	keep		0
ModelingAlgorithms	TKFillet	BlendFunc	BlendFunc_ConstRadInv	class	0	keep		0
ModelingAlgorithms	TKFillet	BlendFunc	BlendFunc_ConstThroat	class	0	keep		0
ModelingAlgorithms	TKFillet	BlendFunc	BlendFunc_ConstThroatInv	class	0	keep		0
ModelingAlgorithms	TKFillet	BlendFunc	BlendFunc_ConstThroatWithPenetration	class	0	keep		0
ModelingAlgorithms	TKFillet	BlendFunc	BlendFunc_ConstThroatWithPenetrationInv	class	0	keep		0
ModelingAlgorithms	TKFillet	BlendFunc	BlendFunc_Corde	class	0	keep		0
ModelingAlgorithms	TKFillet	BlendFunc	BlendFunc_EvolRad	class	0	keep		0
ModelingAlgorithms	TKFillet	BlendFunc	BlendFunc_EvolRadInv	class	0	keep		0
ModelingAlgorithms	TKFillet	BlendFunc	BlendFunc_GenChamfInv	class	0	keep		0
ModelingAlgorithms	TKFillet	BlendFunc	BlendFunc_GenChamfer	class	0	keep		0
ModelingAlgorithms	TKFillet	BlendFunc	BlendFunc_Ruled	class	0	keep		0
ModelingAlgorithms	TKFillet	BlendFunc	BlendFunc_RuledInv	class	0	keep		0
ModelingAlgorithms	TKFillet	BlendFunc	BlendFunc_SectionShape	enum	0	keep		0
ModelingAlgorithms	TKFillet	BlendFunc	BlendFunc_Tensor	class	0	keep		0
ModelingAlgorithms	TKFillet	ChFi2d	ChFi2d	class	0	keep		0
ModelingAlgorithms	TKFillet	ChFi2d	ChFi2d_AnaFilletAlgo	class	0	keep		0
ModelingAlgorithms	TKFillet	ChFi2d	ChFi2d_Builder	class	0	keep		0
ModelingAlgorithms	TKFillet	ChFi2d	ChFi2d_ChamferAPI	class	0	keep		0
ModelingAlgorithms	TKFillet	ChFi2d	ChFi2d_ConstructionError	enum	0	keep		0
ModelingAlgorithms	TKFillet	ChFi2d	ChFi2d_FilletAPI	class	0	keep		0
ModelingAlgorithms	TKFillet	ChFi2d	ChFi2d_FilletAlgo	class	0	keep		0
ModelingAlgorithms	TKFillet	ChFi3d	ChFi3d	class	0	keep		0
ModelingAlgorithms	TKFillet	ChFi3d	ChFi3d_Builder	class	0	keep		0
ModelingAlgorithms	TKFillet	ChFi3d	ChFi3d_Builder_0	other	0	keep		0
ModelingAlgorithms	TKFillet	ChFi3d	ChFi3d_ChBuilder	class	0	keep		0
ModelingAlgorithms	TKFillet	ChFi3d	ChFi3d_FilBuilder	class	0	keep		0
ModelingAlgorithms	TKFillet	ChFi3d	ChFi3d_FilletShape	enum	0	keep		0
ModelingAlgorithms	TKFillet	ChFi3d	ChFi3d_SearchSing	class	0	keep		0
ModelingAlgorithms	TKFillet	ChFiDS	ChFiDS_ChamfMethod	enum	0	keep		0
ModelingAlgorithms	TKFillet	ChFiDS	ChFiDS_ChamfMode	enum	0	keep		0
ModelingAlgorithms	TKFillet	ChFiDS	ChFiDS_ChamfSpine	class	0	keep		0
ModelingAlgorithms	TKFillet	ChFiDS	ChFiDS_CircSection	class	0	keep		0
ModelingAlgorithms	TKFillet	ChFiDS	ChFiDS_CommonPoint	class	0	keep		0
ModelingAlgorithms	TKFillet	ChFiDS	ChFiDS_ElSpine	class	0	keep		0
ModelingAlgorithms	TKFillet	ChFiDS	ChFiDS_ErrorStatus	enum	0	keep		0
ModelingAlgorithms	TKFillet	ChFiDS	ChFiDS_FaceInterference	class	0	keep		0
ModelingAlgorithms	TKFillet	ChFiDS	ChFiDS_FilSpine	class	0	keep		0
ModelingAlgorithms	TKFillet	ChFiDS	ChFiDS_HData	other	0	keep		0
ModelingAlgorithms	TKFillet	ChFiDS	ChFiDS_IndexedDataMapOfVertexListOfStripe	alias	0	drop	R1	0
ModelingAlgorithms	TKFillet	ChFiDS	ChFiDS_ListIteratorOfListOfHElSpine	other	0	drop	R1	0
ModelingAlgorithms	TKFillet	ChFiDS	ChFiDS_ListIteratorOfListOfStripe	other	0	drop	R1	0
ModelingAlgorithms	TKFillet	ChFiDS	ChFiDS_ListIteratorOfRegularities	other	0	drop	R1	0
ModelingAlgorithms	TKFillet	ChFiDS	ChFiDS_ListOfHElSpine	alias	0	drop	R1	0
ModelingAlgorithms	TKFillet	ChFiDS	ChFiDS_ListOfStripe	alias	0	drop	R1	0
ModelingAlgorithms	TKFillet	ChFiDS	ChFiDS_Map	class	0	keep		0
ModelingAlgorithms	TKFillet	ChFiDS	ChFiDS_Regul	class	0	keep		0
ModelingAlgorithms	TKFillet	ChFiDS	ChFiDS_Regularities	alias	0	keep		0
ModelingAlgorithms	TKFillet	ChFiDS	ChFiDS_SecArray1	alias	0	keep		0
ModelingAlgorithms	TKFillet	ChFiDS	ChFiDS_SecHArray1	other	0	keep		0
ModelingAlgorithms	TKFillet	ChFiDS	ChFiDS_SequenceOfSpine	alias	0	drop	R1	0
ModelingAlgorithms	TKFillet	ChFiDS	ChFiDS_SequenceOfSurfData	alias	0	drop	R1	0
ModelingAlgorithms	TKFillet	ChFiDS	ChFiDS_Spine	class	0	keep		0
ModelingAlgorithms	TKFillet	ChFiDS	ChFiDS_State	enum	0	keep		0
ModelingAlgorithms	TKFillet	ChFiDS	ChFiDS_Stripe	class	0	keep		0
ModelingAlgorithms	TKFillet	ChFiDS	ChFiDS_StripeArray1	alias	0	keep		0
ModelingAlgorithms	TKFillet	ChFiDS	ChFiDS_StripeMap	class	0	keep		0
ModelingAlgorithms	TKFillet	ChFiDS	ChFiDS_SurfData	class	0	keep		0
ModelingAlgorithms	TKFillet	ChFiDS	ChFiDS_TypeOfConcavity	enum	0	keep		0
ModelingAlgorithms	TKFillet	ChFiKPart	ChFiKPart_ComputeData	class	0	keep		0
ModelingAlgorithms	TKFillet	ChFiKPart	ChFiKPart_ComputeData_CS	other	0	keep		0
ModelingAlgorithms	TKFillet	ChFiKPart	ChFiKPart_ComputeData_ChAsymPlnCon	other	0	keep		0
ModelingAlgorithms	TKFillet	ChFiKPart	ChFiKPart_ComputeData_ChAsymPlnCyl	other	0	keep		0
ModelingAlgorithms	TKFillet	ChFiKPart	ChFiKPart_ComputeData_ChAsymPlnPln	other	0	keep		0
ModelingAlgorithms	TKFillet	ChFiKPart	ChFiKPart_ComputeData_ChPlnCon	other	0	keep		0
ModelingAlgorithms	TKFillet	ChFiKPart	ChFiKPart_ComputeData_ChPlnCyl	other	0	keep		0
ModelingAlgorithms	TKFillet	ChFiKPart	ChFiKPart_ComputeData_ChPlnPln	other	0	keep		0
ModelingAlgorithms	TKFillet	ChFiKPart	ChFiKPart_ComputeData_Fcts	other	0	keep		0
ModelingAlgorithms	TKFillet	ChFiKPart	ChFiKPart_ComputeData_FilPlnCon	other	0	keep		0
ModelingAlgorithms	TKFillet	ChFiKPart	ChFiKPart_ComputeData_FilPlnCyl	other	0	keep		0
ModelingAlgorithms	TKFillet	ChFiKPart	ChFiKPart_ComputeData_FilPlnPln	other	0	keep		0
ModelingAlgorithms	TKFillet	ChFiKPart	ChFiKPart_ComputeData_Rotule	other	0	keep		0
ModelingAlgorithms	TKFillet	ChFiKPart	ChFiKPart_ComputeData_Sphere	other	0	keep		0
ModelingAlgorithms	TKFillet	ChFiKPart	ChFiKPart_DataMapIteratorOfRstMap	other	0	drop	R1	0
ModelingAlgorithms	TKFillet	ChFiKPart	ChFiKPart_RstMap	alias	0	keep		0
ModelingAlgorithms	TKHLR	Contap	Contap_ArcFunction	class	0	keep		0
ModelingAlgorithms	TKHLR	Contap	Contap_ContAna	class	0	keep		0
ModelingAlgorithms	TKHLR	Contap	Contap_Contour	class	0	keep		0
ModelingAlgorithms	TKHLR	Contap	Contap_HContTool	class	0	keep		0
ModelingAlgorithms	TKHLR	Contap	Contap_HCurve2dTool	class	0	keep		0
ModelingAlgorithms	TKHLR	Contap	Contap_IType	enum	0	keep		0
ModelingAlgorithms	TKHLR	Contap	Contap_Line	class	0	keep		0
ModelingAlgorithms	TKHLR	Contap	Contap_Point	class	0	keep		0
ModelingAlgorithms	TKHLR	Contap	Contap_SequenceOfIWLineOfTheIWalking	alias	0	drop	R1	0
ModelingAlgorithms	TKHLR	Contap	Contap_SequenceOfPathPointOfTheSearch	alias	0	drop	R1	0
ModelingAlgorithms	TKHLR	Contap	Contap_SequenceOfSegmentOfTheSearch	alias	0	drop	R1	0
ModelingAlgorithms	TKHLR	Contap	Contap_SurfFunction	class	0	keep		0
ModelingAlgorithms	TKHLR	Contap	Contap_SurfProps	class	0	keep		0
ModelingAlgorithms	TKHLR	Contap	Contap_TFunction	enum	0	keep		0
ModelingAlgorithms	TKHLR	Contap	Contap_TheHSequenceOfPoint	other	0	drop	R1	0
ModelingAlgorithms	TKHLR	Contap	Contap_TheIWLineOfTheIWalking	class	0	drop	R1	0
ModelingAlgorithms	TKHLR	Contap	Contap_TheIWalking	class	0	drop	R1	0
ModelingAlgorithms	TKHLR	Contap	Contap_ThePathPointOfTheSearch	class	0	drop	R1	0
ModelingAlgorithms	TKHLR	Contap	Contap_TheSearch	class	0	drop	R1	0
ModelingAlgorithms	TKHLR	Contap	Contap_TheSearchInside	class	0	drop	R1	0
ModelingAlgorithms	TKHLR	Contap	Contap_TheSegmentOfTheSearch	class	0	drop	R1	0
ModelingAlgorithms	TKHLR	Contap	Contap_TheSequenceOfLine	alias	0	drop	R1	0
ModelingAlgorithms	TKHLR	Contap	Contap_TheSequenceOfPoint	alias	0	drop	R1	0
ModelingAlgorithms	TKOffset	Draft	Draft	class	0	keep		0
ModelingAlgorithms	TKOffset	Draft	Draft_EdgeInfo	class	0	keep		0
ModelingAlgorithms	TKOffset	Draft	Draft_ErrorStatus	enum	0	keep		0
ModelingAlgorithms	TKOffset	Draft	Draft_FaceInfo	class	0	keep		0
ModelingAlgorithms	TKOffset	Draft	Draft_IndexedDataMapOfEdgeEdgeInfo	alias	0	drop	R1	0
ModelingAlgorithms	TKOffset	Draft	Draft_IndexedDataMapOfFaceFaceInfo	alias	0	drop	R1	0
ModelingAlgorithms	TKOffset	Draft	Draft_IndexedDataMapOfVertexVertexInfo	alias	0	drop	R1	0
ModelingAlgorithms	TKOffset	Draft	Draft_Modification	class	0	keep		0
ModelingAlgorithms	TKOffset	Draft	Draft_VertexInfo	class	0	keep		0
ModelingAlgorithms	TKGeomAlgo	FairCurve	FairCurve_AnalysisCode	enum	0	keep		0
ModelingAlgorithms	TKGeomAlgo	FairCurve	FairCurve_Batten	class	0	keep		0
ModelingAlgorithms	TKGeomAlgo	FairCurve	FairCurve_BattenLaw	class	0	keep		0
ModelingAlgorithms	TKGeomAlgo	FairCurve	FairCurve_DistributionOfEnergy	class	0	keep		0
ModelingAlgorithms	TKGeomAlgo	FairCurve	FairCurve_DistributionOfJerk	class	0	keep		0
ModelingAlgorithms	TKGeomAlgo	FairCurve	FairCurve_DistributionOfSagging	class	0	keep		0
ModelingAlgorithms	TKGeomAlgo	FairCurve	FairCurve_DistributionOfTension	class	0	keep		0
ModelingAlgorithms	TKGeomAlgo	FairCurve	FairCurve_Energy	class	0	keep		0
ModelingAlgorithms	TKGeomAlgo	FairCurve	FairCurve_EnergyOfBatten	class	0	keep		0
ModelingAlgorithms	TKGeomAlgo	FairCurve	FairCurve_EnergyOfMVC	class	0	keep		0
ModelingAlgorithms	TKGeomAlgo	FairCurve	FairCurve_MinimalVariation	class	0	keep		0
ModelingAlgorithms	TKGeomAlgo	FairCurve	FairCurve_Newton	class	0	keep		0
ModelingAlgorithms	TKFillet	FilletSurf	FilletSurf_Builder	class	0	keep		0
ModelingAlgorithms	TKFillet	FilletSurf	FilletSurf_ErrorTypeStatus	enum	0	keep		0
ModelingAlgorithms	TKFillet	FilletSurf	FilletSurf_InternalBuilder	class	0	keep		0
ModelingAlgorithms	TKFillet	FilletSurf	FilletSurf_StatusDone	enum	0	keep		0
ModelingAlgorithms	TKFillet	FilletSurf	FilletSurf_StatusType	enum	0	keep		0
ModelingAlgorithms	TKGeomAlgo	GccAna	GccAna_Circ2d2TanOn	class	0	keep		0
ModelingAlgorithms	TKGeomAlgo	GccAna	GccAna_Circ2d2TanRad	class	0	keep		0
ModelingAlgorithms	TKGeomAlgo	GccAna	GccAna_Circ2d3Tan	class	0	keep		0
ModelingAlgorithms	TKGeomAlgo	GccAna	GccAna_Circ2dBisec	class	0	keep		0
ModelingAlgorithms	TKGeomAlgo	GccAna	GccAna_Circ2dTanCen	class	0	keep		0
ModelingAlgorithms	TKGeomAlgo	GccAna	GccAna_Circ2dTanOnRad	class	0	keep		0
ModelingAlgorithms	TKGeomAlgo	GccAna	GccAna_CircLin2dBisec	class	0	keep		0
ModelingAlgorithms	TKGeomAlgo	GccAna	GccAna_CircPnt2dBisec	class	0	keep		0
ModelingAlgorithms	TKGeomAlgo	GccAna	GccAna_Lin2d2Tan	class	0	keep		0
ModelingAlgorithms	TKGeomAlgo	GccAna	GccAna_Lin2dBisec	class	0	keep		0
ModelingAlgorithms	TKGeomAlgo	GccAna	GccAna_Lin2dTanObl	class	0	keep		0
ModelingAlgorithms	TKGeomAlgo	GccAna	GccAna_Lin2dTanPar	class	0	keep		0
ModelingAlgorithms	TKGeomAlgo	GccAna	GccAna_Lin2dTanPer	class	0	keep		0
ModelingAlgorithms	TKGeomAlgo	GccAna	GccAna_LinPnt2dBisec	class	0	keep		0
ModelingAlgorithms	TKGeomAlgo	GccAna	GccAna_NoSolution	class	0	keep		0
ModelingAlgorithms	TKGeomAlgo	GccAna	GccAna_Pnt2dBisec	class	0	keep		0
ModelingAlgorithms	TKGeomAlgo	GccEnt	GccEnt	class	0	keep		0
ModelingAlgorithms	TKGeomAlgo	GccEnt	GccEnt_Array1OfPosition	alias	0	drop	R1	0
ModelingAlgorithms	TKGeomAlgo	GccEnt	GccEnt_BadQualifier	class	0	keep		0
ModelingAlgorithms	TKGeomAlgo	GccEnt	GccEnt_Position	enum	0	keep		0
ModelingAlgorithms	TKGeomAlgo	GccEnt	GccEnt_QualifiedCirc	class	0	keep		0
ModelingAlgorithms	TKGeomAlgo	GccEnt	GccEnt_QualifiedLin	class	0	keep		0
ModelingAlgorithms	TKGeomAlgo	GccInt	GccInt_BCirc	class	0	keep		0
ModelingAlgorithms	TKGeomAlgo	GccInt	GccInt_BElips	class	0	keep		0
ModelingAlgorithms	TKGeomAlgo	GccInt	GccInt_BHyper	class	0	keep		0
ModelingAlgorithms	TKGeomAlgo	GccInt	GccInt_BLine	class	0	keep		0
ModelingAlgorithms	TKGeomAlgo	GccInt	GccInt_BParab	class	0	keep		0
ModelingAlgorithms	TKGeomAlgo	GccInt	GccInt_BPoint	class	0	keep		0
ModelingAlgorithms	TKGeomAlgo	GccInt	GccInt_Bisec	class	0	keep		0
ModelingAlgorithms	TKGeomAlgo	GccInt	GccInt_IType	enum	0	keep		0
ModelingAlgorithms	TKGeomAlgo	Geom2dAPI	Geom2dAPI_ExtremaCurveCurve	class	0	keep		2
ModelingAlgorithms	TKGeomAlgo	Geom2dAPI	Geom2dAPI_InterCurveCurve	class	0	keep		5
ModelingAlgorithms	TKGeomAlgo	Geom2dAPI	Geom2dAPI_Interpolate	class	0	keep		3
ModelingAlgorithms	TKGeomAlgo	Geom2dAPI	Geom2dAPI_PointsToBSpline	class	0	keep		2
ModelingAlgorithms	TKGeomAlgo	Geom2dAPI	Geom2dAPI_ProjectPointOnCurve	class	0	keep		6
ModelingAlgorithms	TKGeomAlgo	Geom2dGcc	Geom2dGcc	class	0	keep		0
ModelingAlgorithms	TKGeomAlgo	Geom2dGcc	Geom2dGcc_Circ2d2TanOn	class	0	keep		0
ModelingAlgorithms	TKGeomAlgo	Geom2dGcc	Geom2dGcc_Circ2d2TanOnGeo	class	0	keep		0
ModelingAlgorithms	TKGeomAlgo	Geom2dGcc	Geom2dGcc_Circ2d2TanOnIter	class	0	keep		0
ModelingAlgorithms	TKGeomAlgo	Geom2dGcc	Geom2dGcc_Circ2d2TanRad	class	0	keep		0
ModelingAlgorithms	TKGeomAlgo	Geom2dGcc	Geom2dGcc_Circ2d2TanRadGeo	class	0	keep		0
ModelingAlgorithms	TKGeomAlgo	Geom2dGcc	Geom2dGcc_Circ2d3Tan	class	0	keep		0
ModelingAlgorithms	TKGeomAlgo	Geom2dGcc	Geom2dGcc_Circ2d3TanIter	class	0	keep		0
ModelingAlgorithms	TKGeomAlgo	Geom2dGcc	Geom2dGcc_Circ2dTanCen	class	0	keep		0
ModelingAlgorithms	TKGeomAlgo	Geom2dGcc	Geom2dGcc_Circ2dTanCenGeo	class	0	keep		0
ModelingAlgorithms	TKGeomAlgo	Geom2dGcc	Geom2dGcc_Circ2dTanOnRad	class	0	keep		0
ModelingAlgorithms	TKGeomAlgo	Geom2dGcc	Geom2dGcc_Circ2dTanOnRadGeo	class	0	keep		0
ModelingAlgorithms	TKGeomAlgo	Geom2dGcc	Geom2dGcc_CurveTool	class	0	keep		0
ModelingAlgorithms	TKGeomAlgo	Geom2dGcc	Geom2dGcc_FunctionTanCirCu	class	0	keep		0
ModelingAlgorithms	TKGeomAlgo	Geom2dGcc	Geom2dGcc_FunctionTanCuCu	class	0	keep		0
ModelingAlgorithms	TKGeomAlgo	Geom2dGcc	Geom2dGcc_FunctionTanCuCuCu	class	0	keep		0
ModelingAlgorithms	TKGeomAlgo	Geom2dGcc	Geom2dGcc_FunctionTanCuCuOnCu	class	0	keep		0
ModelingAlgorithms	TKGeomAlgo	Geom2dGcc	Geom2dGcc_FunctionTanCuPnt	class	0	keep		0
ModelingAlgorithms	TKGeomAlgo	Geom2dGcc	Geom2dGcc_FunctionTanObl	class	0	keep		0
ModelingAlgorithms	TKGeomAlgo	Geom2dGcc	Geom2dGcc_IsParallel	class	0	keep		0
ModelingAlgorithms	TKGeomAlgo	Geom2dGcc	Geom2dGcc_Lin2d2Tan	class	0	keep		0
ModelingAlgorithms	TKGeomAlgo	Geom2dGcc	Geom2dGcc_Lin2d2TanIter	class	0	keep		0
ModelingAlgorithms	TKGeomAlgo	Geom2dGcc	Geom2dGcc_Lin2dTanObl	class	0	keep		0
ModelingAlgorithms	TKGeomAlgo	Geom2dGcc	Geom2dGcc_Lin2dTanOblIter	class	0	keep		0
ModelingAlgorithms	TKGeomAlgo	Geom2dGcc	Geom2dGcc_QCurve	class	0	keep		0
ModelingAlgorithms	TKGeomAlgo	Geom2dGcc	Geom2dGcc_QualifiedCurve	class	0	keep		0
ModelingAlgorithms	TKGeomAlgo	Geom2dGcc	Geom2dGcc_Type1	enum	0	keep		0
ModelingAlgorithms	TKGeomAlgo	Geom2dGcc	Geom2dGcc_Type2	enum	0	keep		0
ModelingAlgorithms	TKGeomAlgo	Geom2dGcc	Geom2dGcc_Type3	enum	0	keep		0
ModelingAlgorithms	TKGeomAlgo	Geom2dHatch	Geom2dHatch_Classifier	class	0	keep		0
ModelingAlgorithms	TKGeomAlgo	Geom2dHatch	Geom2dHatch_DataMapIteratorOfHatchings	other	0	drop	R1	0
ModelingAlgorithms	TKGeomAlgo	Geom2dHatch	Geom2dHatch_DataMapIteratorOfMapOfElements	other	0	drop	R1	0
ModelingAlgorithms	TKGeomAlgo	Geom2dHatch	Geom2dHatch_Element	class	0	keep		0
ModelingAlgorithms	TKGeomAlgo	Geom2dHatch	Geom2dHatch_Elements	class	0	keep		0
ModelingAlgorithms	TKGeomAlgo	Geom2dHatch	Geom2dHatch_FClass2dOfClassifier	class	0	drop	R1	0
ModelingAlgorithms	TKGeomAlgo	Geom2dHatch	Geom2dHatch_Hatcher	class	0	keep		0
ModelingAlgorithms	TKGeomAlgo	Geom2dHatch	Geom2dHatch_Hatching	class	0	keep		0
ModelingAlgorithms	TKGeomAlgo	Geom2dHatch	Geom2dHatch_Hatchings	alias	0	keep		0
ModelingAlgorithms	TKGeomAlgo	Geom2dHatch	Geom2dHatch_Intersector	class	0	keep		0
ModelingAlgorithms	TKGeomAlgo	Geom2dHatch	Geom2dHatch_MapOfElements	alias	0	drop	R1	0
ModelingAlgorithms	TKGeomAlgo	Geom2dInt	Geom2dInt_ExactIntersectionPointOfTheIntPCurvePCurveOfGInter	class	0	drop	R1	0
ModelingAlgorithms	TKGeomAlgo	Geom2dInt	Geom2dInt_GInter	class	0	keep		0
ModelingAlgorithms	TKGeomAlgo	Geom2dInt	Geom2dInt_Geom2dCurveTool	class	0	keep		0
ModelingAlgorithms	TKGeomAlgo	Geom2dInt	Geom2dInt_IntConicCurveOfGInter	class	0	drop	R1	0
ModelingAlgorithms	TKGeomAlgo	Geom2dInt	Geom2dInt_MyImpParToolOfTheIntersectorOfTheIntConicCurveOfGInter	class	0	drop	R1	0
ModelingAlgorithms	TKGeomAlgo	Geom2dInt	Geom2dInt_PCLocFOfTheLocateExtPCOfTheProjPCurOfGInter	class	0	drop	R1	0
ModelingAlgorithms	TKGeomAlgo	Geom2dInt	Geom2dInt_TheCurveLocatorOfTheProjPCurOfGInter	class	0	drop	R1	0
ModelingAlgorithms	TKGeomAlgo	Geom2dInt	Geom2dInt_TheDistBetweenPCurvesOfTheIntPCurvePCurveOfGInter	class	0	drop	R1	0
ModelingAlgorithms	TKGeomAlgo	Geom2dInt	Geom2dInt_TheIntConicCurveOfGInter	class	0	drop	R1	0
ModelingAlgorithms	TKGeomAlgo	Geom2dInt	Geom2dInt_TheIntPCurvePCurveOfGInter	class	0	drop	R1	0
ModelingAlgorithms	TKGeomAlgo	Geom2dInt	Geom2dInt_TheIntersectorOfTheIntConicCurveOfGInter	class	0	drop	R1	0
ModelingAlgorithms	TKGeomAlgo	Geom2dInt	Geom2dInt_TheLocateExtPCOfTheProjPCurOfGInter	class	0	drop	R1	0
ModelingAlgorithms	TKGeomAlgo	Geom2dInt	Geom2dInt_ThePolygon2dOfTheIntPCurvePCurveOfGInter	class	0	drop	R1	0
ModelingAlgorithms	TKGeomAlgo	Geom2dInt	Geom2dInt_TheProjPCurOfGInter	class	0	drop	R1	0
ModelingAlgorithms	TKGeomAlgo	GeomAPI	GeomAPI	class	0	keep		5
ModelingAlgorithms	TKGeomAlgo	GeomAPI	GeomAPI_ExtremaCurveCurve	class	0	keep		6
ModelingAlgorithms	TKGeomAlgo	GeomAPI	GeomAPI_ExtremaCurveSurface	class	0	keep		0
ModelingAlgorithms	TKGeomAlgo	GeomAPI	GeomAPI_ExtremaSurfaceSurface	class	0	keep		0
ModelingAlgorithms	TKGeomAlgo	GeomAPI	GeomAPI_IntCS	class	0	keep		7
ModelingAlgorithms	TKGeomAlgo	GeomAPI	GeomAPI_IntSS	class	0	keep		6
ModelingAlgorithms	TKGeomAlgo	GeomAPI	GeomAPI_Interpolate	class	0	keep		5
ModelingAlgorithms	TKGeomAlgo	GeomAPI	GeomAPI_PointsToBSpline	class	0	keep		8
ModelingAlgorithms	TKGeomAlgo	GeomAPI	GeomAPI_PointsToBSplineSurface	class	0	keep		3
ModelingAlgorithms	TKGeomAlgo	GeomAPI	GeomAPI_ProjectPointOnCurve	class	0	keep		17
ModelingAlgorithms	TKGeomAlgo	GeomAPI	GeomAPI_ProjectPointOnSurf	class	0	keep		15
ModelingAlgorithms	TKGeomAlgo	GeomFill	GeomFill	class	0	keep		3
ModelingAlgorithms	TKGeomAlgo	GeomFill	GeomFill_AppSurf	class	0	keep		2
ModelingAlgorithms	TKGeomAlgo	GeomFill	GeomFill_AppSweep	class	0	keep		0
ModelingAlgorithms	TKGeomAlgo	GeomFill	GeomFill_ApproxStyle	enum	0	keep		1
ModelingAlgorithms	TKGeomAlgo	GeomFill	GeomFill_Array1OfLocationLaw	alias	0	drop	R1	0
ModelingAlgorithms	TKGeomAlgo	GeomFill	GeomFill_Array1OfSectionLaw	alias	0	drop	R1	0
ModelingAlgorithms	TKGeomAlgo	GeomFill	GeomFill_BSplineCurves	class	0	keep		3
ModelingAlgorithms	TKGeomAlgo	GeomFill	GeomFill_BezierCurves	class	0	keep		3
ModelingAlgorithms	TKGeomAlgo	GeomFill	GeomFill_BoundWithSurf	class	0	keep		0
ModelingAlgorithms	TKGeomAlgo	GeomFill	GeomFill_Boundary	class	0	keep		0
ModelingAlgorithms	TKGeomAlgo	GeomFill	GeomFill_CircularBlendFunc	class	0	keep		0
ModelingAlgorithms	TKGeomAlgo	GeomFill	GeomFill_ConstantBiNormal	class	0	keep		0
ModelingAlgorithms	TKGeomAlgo	GeomFill	GeomFill_ConstrainedFilling	class	0	keep		0
ModelingAlgorithms	TKGeomAlgo	GeomFill	GeomFill_Coons	class	0	keep		0
ModelingAlgorithms	TKGeomAlgo	GeomFill	GeomFill_CoonsAlgPatch	class	0	keep		0
ModelingAlgorithms	TKGeomAlgo	GeomFill	GeomFill_CornerState	class	0	keep		0
ModelingAlgorithms	TKGeomAlgo	GeomFill	GeomFill_CorrectedFrenet	class	0	keep		2
ModelingAlgorithms	TKGeomAlgo	GeomFill	GeomFill_CurveAndTrihedron	class	0	keep		2
ModelingAlgorithms	TKGeomAlgo	GeomFill	GeomFill_Curved	class	0	keep		0
ModelingAlgorithms	TKGeomAlgo	GeomFill	GeomFill_Darboux	class	0	keep		0
ModelingAlgorithms	TKGeomAlgo	GeomFill	GeomFill_DegeneratedBound	class	0	keep		0
ModelingAlgorithms	TKGeomAlgo	GeomFill	GeomFill_DiscreteTrihedron	class	0	keep		0
ModelingAlgorithms	TKGeomAlgo	GeomFill	GeomFill_DraftTrihedron	class	0	keep		0
ModelingAlgorithms	TKGeomAlgo	GeomFill	GeomFill_EvolvedSection	class	0	keep		2
ModelingAlgorithms	TKGeomAlgo	GeomFill	GeomFill_Filling	class	0	keep		0
ModelingAlgorithms	TKGeomAlgo	GeomFill	GeomFill_FillingStyle	enum	0	keep		2
ModelingAlgorithms	TKGeomAlgo	GeomFill	GeomFill_Fixed	class	0	keep		0
ModelingAlgorithms	TKGeomAlgo	GeomFill	GeomFill_Frenet	class	0	keep		0
ModelingAlgorithms	TKGeomAlgo	GeomFill	GeomFill_FunctionDraft	class	0	keep		0
ModelingAlgorithms	TKGeomAlgo	GeomFill	GeomFill_FunctionGuide	class	0	keep		0
ModelingAlgorithms	TKGeomAlgo	GeomFill	GeomFill_Generator	class	0	keep		2
ModelingAlgorithms	TKGeomAlgo	GeomFill	GeomFill_GuideTrihedronAC	class	0	keep		0
ModelingAlgorithms	TKGeomAlgo	GeomFill	GeomFill_GuideTrihedronPlan	class	0	keep		0
ModelingAlgorithms	TKGeomAlgo	GeomFill	GeomFill_HArray1OfLocationLaw	other	0	drop	R1	0
ModelingAlgorithms	TKGeomAlgo	GeomFill	GeomFill_HArray1OfSectionLaw	other	0	drop	R1	0
ModelingAlgorithms	TKGeomAlgo	GeomFill	GeomFill_HSequenceOfAx2	other	0	drop	R1	0
ModelingAlgorithms	TKGeomAlgo	GeomFill	GeomFill_Line	class	0	keep		2
ModelingAlgorithms	TKGeomAlgo	GeomFill	GeomFill_LocFunction	class	0	keep		0
ModelingAlgorithms	TKGeomAlgo	GeomFill	GeomFill_LocationDraft	class	0	keep		0
ModelingAlgorithms	TKGeomAlgo	GeomFill	GeomFill_LocationGuide	class	0	keep		0
ModelingAlgorithms	TKGeomAlgo	GeomFill	GeomFill_LocationLaw	class	0	keep		1
ModelingAlgorithms	TKGeomAlgo	GeomFill	GeomFill_NSections	class	0	keep		3
ModelingAlgorithms	TKGeomAlgo	GeomFill	GeomFill_Pipe	class	0	keep		2
ModelingAlgorithms	TKGeomAlgo	GeomFill	GeomFill_PipeError	enum	0	keep		0
ModelingAlgorithms	TKGeomAlgo	GeomFill	GeomFill_PlanFunc	class	0	keep		0
ModelingAlgorithms	TKGeomAlgo	GeomFill	GeomFill_PolynomialConvertor	class	0	keep		0
ModelingAlgorithms	TKGeomAlgo	GeomFill	GeomFill_Profiler	class	0	keep		0
ModelingAlgorithms	TKGeomAlgo	GeomFill	GeomFill_QuasiAngularConvertor	class	0	keep		0
ModelingAlgorithms	TKGeomAlgo	GeomFill	GeomFill_SectionGenerator	class	0	keep		2
ModelingAlgorithms	TKGeomAlgo	GeomFill	GeomFill_SectionLaw	class	0	keep		1
ModelingAlgorithms	TKGeomAlgo	GeomFill	GeomFill_SectionPlacement	class	0	keep		0
ModelingAlgorithms	TKGeomAlgo	GeomFill	GeomFill_SequenceOfAx2	alias	0	drop	R1	0
ModelingAlgorithms	TKGeomAlgo	GeomFill	GeomFill_SequenceOfTrsf	alias	0	drop	R1	0
ModelingAlgorithms	TKGeomAlgo	GeomFill	GeomFill_SimpleBound	class	0	keep		0
ModelingAlgorithms	TKGeomAlgo	GeomFill	GeomFill_SnglrFunc	class	0	keep		0
ModelingAlgorithms	TKGeomAlgo	GeomFill	GeomFill_Stretch	class	0	keep		0
ModelingAlgorithms	TKGeomAlgo	GeomFill	GeomFill_Sweep	class	0	keep		2
ModelingAlgorithms	TKGeomAlgo	GeomFill	GeomFill_SweepFunction	class	0	keep		0
ModelingAlgorithms	TKGeomAlgo	GeomFill	GeomFill_SweepSectionGenerator	class	0	keep		0
ModelingAlgorithms	TKGeomAlgo	GeomFill	GeomFill_Tensor	class	0	keep		0
ModelingAlgorithms	TKGeomAlgo	GeomFill	GeomFill_TgtField	class	0	keep		0
ModelingAlgorithms	TKGeomAlgo	GeomFill	GeomFill_TgtOnCoons	class	0	keep		0
ModelingAlgorithms	TKGeomAlgo	GeomFill	GeomFill_Trihedron	enum	0	keep		0
ModelingAlgorithms	TKGeomAlgo	GeomFill	GeomFill_TrihedronLaw	class	0	keep		0
ModelingAlgorithms	TKGeomAlgo	GeomFill	GeomFill_TrihedronWithGuide	class	0	keep		0
ModelingAlgorithms	TKGeomAlgo	GeomFill	GeomFill_UniformSection	class	0	keep		0
ModelingAlgorithms	TKGeomAlgo	GeomInt	GeomInt	class	0	keep		0
ModelingAlgorithms	TKGeomAlgo	GeomInt	GeomInt_BSpGradient_BFGSOfMyBSplGradientOfTheComputeLineOfWLApprox	class	0	drop	R1	0
ModelingAlgorithms	TKGeomAlgo	GeomInt	GeomInt_BSpParFunctionOfMyBSplGradientOfTheComputeLineOfWLApprox	class	0	drop	R1	0
ModelingAlgorithms	TKGeomAlgo	GeomInt	GeomInt_BSpParLeastSquareOfMyBSplGradientOfTheComputeLineOfWLApprox	class	0	drop	R1	0
ModelingAlgorithms	TKGeomAlgo	GeomInt	GeomInt_Gradient_BFGSOfMyGradientOfTheComputeLineBezierOfWLApprox	class	0	drop	R1	0
ModelingAlgorithms	TKGeomAlgo	GeomInt	GeomInt_Gradient_BFGSOfMyGradientbisOfTheComputeLineOfWLApprox	class	0	drop	R1	0
ModelingAlgorithms	TKGeomAlgo	GeomInt	GeomInt_IntSS	class	0	keep		0
ModelingAlgorithms	TKGeomAlgo	GeomInt	GeomInt_LineConstructor	class	0	keep		0
ModelingAlgorithms	TKGeomAlgo	GeomInt	GeomInt_LineTool	class	0	keep		0
ModelingAlgorithms	TKGeomAlgo	GeomInt	GeomInt_MyBSplGradientOfTheComputeLineOfWLApprox	class	0	drop	R1	0
ModelingAlgorithms	TKGeomAlgo	GeomInt	GeomInt_MyGradientOfTheComputeLineBezierOfWLApprox	class	0	drop	R1	0
ModelingAlgorithms	TKGeomAlgo	GeomInt	GeomInt_MyGradientbisOfTheComputeLineOfWLApprox	class	0	drop	R1	0
ModelingAlgorithms	TKGeomAlgo	GeomInt	GeomInt_ParFunctionOfMyGradientOfTheComputeLineBezierOfWLApprox	class	0	drop	R1	0
ModelingAlgorithms	TKGeomAlgo	GeomInt	GeomInt_ParFunctionOfMyGradientbisOfTheComputeLineOfWLApprox	class	0	drop	R1	0
ModelingAlgorithms	TKGeomAlgo	GeomInt	GeomInt_ParLeastSquareOfMyGradientOfTheComputeLineBezierOfWLApprox	class	0	drop	R1	0
ModelingAlgorithms	TKGeomAlgo	GeomInt	GeomInt_ParLeastSquareOfMyGradientbisOfTheComputeLineOfWLApprox	class	0	drop	R1	0
ModelingAlgorithms	TKGeomAlgo	GeomInt	GeomInt_ParameterAndOrientation	class	0	keep		0
ModelingAlgorithms	TKGeomAlgo	GeomInt	GeomInt_ResConstraintOfMyGradientOfTheComputeLineBezierOfWLApprox	class	0	drop	R1	0
ModelingAlgorithms	TKGeomAlgo	GeomInt	GeomInt_ResConstraintOfMyGradientbisOfTheComputeLineOfWLApprox	class	0	drop	R1	0
ModelingAlgorithms	TKGeomAlgo	GeomInt	GeomInt_SequenceOfParameterAndOrientation	alias	0	drop	R1	0
ModelingAlgorithms	TKGeomAlgo	GeomInt	GeomInt_TheComputeLineBezierOfWLApprox	class	0	drop	R1	0
ModelingAlgorithms	TKGeomAlgo	GeomInt	GeomInt_TheComputeLineOfWLApprox	class	0	drop	R1	0
ModelingAlgorithms	TKGeomAlgo	GeomInt	GeomInt_TheFunctionOfTheInt2SOfThePrmPrmSvSurfacesOfWLApprox	class	0	drop	R1	0
ModelingAlgorithms	TKGeomAlgo	GeomInt	GeomInt_TheImpPrmSvSurfacesOfWLApprox	class	0	drop	R1	0
ModelingAlgorithms	TKGeomAlgo	GeomInt	GeomInt_TheInt2SOfThePrmPrmSvSurfacesOfWLApprox	class	0	drop	R1	0
ModelingAlgorithms	TKGeomAlgo	GeomInt	GeomInt_TheMultiLineOfWLApprox	class	0	drop	R1	0
ModelingAlgorithms	TKGeomAlgo	GeomInt	GeomInt_TheMultiLineToolOfWLApprox	class	0	drop	R1	0
ModelingAlgorithms	TKGeomAlgo	GeomInt	GeomInt_ThePrmPrmSvSurfacesOfWLApprox	class	0	drop	R1	0
ModelingAlgorithms	TKGeomAlgo	GeomInt	GeomInt_TheZerImpFuncOfTheImpPrmSvSurfacesOfWLApprox	class	0	drop	R1	0
ModelingAlgorithms	TKGeomAlgo	GeomInt	GeomInt_VectorOfReal	alias	0	drop	R1	0
ModelingAlgorithms	TKGeomAlgo	GeomInt	GeomInt_WLApprox	class	0	keep		0
ModelingAlgorithms	TKGeomAlgo	GeomPlate	GeomPlate_Aij	class	0	keep		0
ModelingAlgorithms	TKGeomAlgo	GeomPlate	GeomPlate_Array1OfHCurve	alias	0	drop	R1	0
ModelingAlgorithms	TKGeomAlgo	GeomPlate	GeomPlate_Array1OfSequenceOfReal	alias	0	drop	R1	0
ModelingAlgorithms	TKGeomAlgo	GeomPlate	GeomPlate_BuildAveragePlane	class	0	keep		0
ModelingAlgorithms	TKGeomAlgo	GeomPlate	GeomPlate_BuildPlateSurface	class	0	keep		4
ModelingAlgorithms	TKGeomAlgo	GeomPlate	GeomPlate_CurveConstraint	class	0	keep		2
ModelingAlgorithms	TKGeomAlgo	GeomPlate	GeomPlate_HArray1OfHCurve	other	0	drop	R1	0
ModelingAlgorithms	TKGeomAlgo	GeomPlate	GeomPlate_HArray1OfSequenceOfReal	other	0	drop	R1	0
ModelingAlgorithms	TKGeomAlgo	GeomPlate	GeomPlate_HSequenceOfCurveConstraint	other	0	drop	R1	0
ModelingAlgorithms	TKGeomAlgo	GeomPlate	GeomPlate_HSequenceOfPointConstraint	other	0	drop	R1	0
ModelingAlgorithms	TKGeomAlgo	GeomPlate	GeomPlate_MakeApprox	class	0	keep		3
ModelingAlgorithms	TKGeomAlgo	GeomPlate	GeomPlate_PlateG0Criterion	class	0	keep		2
ModelingAlgorithms	TKGeomAlgo	GeomPlate	GeomPlate_PlateG1Criterion	class	0	keep		0
ModelingAlgorithms	TKGeomAlgo	GeomPlate	GeomPlate_PointConstraint	class	0	keep		3
ModelingAlgorithms	TKGeomAlgo	GeomPlate	GeomPlate_SequenceOfAij	alias	0	drop	R1	0
ModelingAlgorithms	TKGeomAlgo	GeomPlate	GeomPlate_SequenceOfCurveConstraint	alias	0	drop	R1	0
ModelingAlgorithms	TKGeomAlgo	GeomPlate	GeomPlate_SequenceOfPointConstraint	alias	0	drop	R1	0
ModelingAlgorithms	TKGeomAlgo	GeomPlate	GeomPlate_Surface	class	0	keep		4
ModelingAlgorithms	TKHLR	HLRAlgo	HLRAlgo	class	0	keep		0
ModelingAlgorithms	TKHLR	HLRAlgo	HLRAlgo_Array1OfPHDat	alias	0	drop	R1	0
ModelingAlgorithms	TKHLR	HLRAlgo	HLRAlgo_Array1OfPINod	alias	0	drop	R1	0
ModelingAlgorithms	TKHLR	HLRAlgo	HLRAlgo_Array1OfPISeg	alias	0	drop	R1	0
ModelingAlgorithms	TKHLR	HLRAlgo	HLRAlgo_Array1OfTData	alias	0	drop	R1	0
ModelingAlgorithms	TKHLR	HLRAlgo	HLRAlgo_BiPoint	class	0	keep		0
ModelingAlgorithms	TKHLR	HLRAlgo	HLRAlgo_Coincidence	class	0	keep		0
ModelingAlgorithms	TKHLR	HLRAlgo	HLRAlgo_EdgeIterator	class	0	keep		0
ModelingAlgorithms	TKHLR	HLRAlgo	HLRAlgo_EdgeStatus	class	0	keep		0
ModelingAlgorithms	TKHLR	HLRAlgo	HLRAlgo_EdgesBlock	class	0	keep		0
ModelingAlgorithms	TKHLR	HLRAlgo	HLRAlgo_HArray1OfPHDat	other	0	drop	R1	0
ModelingAlgorithms	TKHLR	HLRAlgo	HLRAlgo_HArray1OfPINod	other	0	drop	R1	0
ModelingAlgorithms	TKHLR	HLRAlgo	HLRAlgo_HArray1OfPISeg	other	0	drop	R1	0
ModelingAlgorithms	TKHLR	HLRAlgo	HLRAlgo_HArray1OfTData	other	0	drop	R1	0
ModelingAlgorithms	TKHLR	HLRAlgo	HLRAlgo_Interference	class	0	keep		0
ModelingAlgorithms	TKHLR	HLRAlgo	HLRAlgo_InterferenceList	alias	0	keep		0
ModelingAlgorithms	TKHLR	HLRAlgo	HLRAlgo_Intersection	class	0	keep		0
ModelingAlgorithms	TKHLR	HLRAlgo	HLRAlgo_ListIteratorOfInterferenceList	other	0	drop	R1	0
ModelingAlgorithms	TKHLR	HLRAlgo	HLRAlgo_ListIteratorOfListOfBPoint	other	0	drop	R1	0
ModelingAlgorithms	TKHLR	HLRAlgo	HLRAlgo_ListOfBPoint	alias	0	drop	R1	0
ModelingAlgorithms	TKHLR	HLRAlgo	HLRAlgo_PolyAlgo	class	0	keep		0
ModelingAlgorithms	TKHLR	HLRAlgo	HLRAlgo_PolyData	class	0	keep		0
ModelingAlgorithms	TKHLR	HLRAlgo	HLRAlgo_PolyHidingData	class	0	keep		0
ModelingAlgorithms	TKHLR	HLRAlgo	HLRAlgo_PolyInternalData	class	0	keep		0
ModelingAlgorithms	TKHLR	HLRAlgo	HLRAlgo_PolyInternalNode	class	0	keep		0
ModelingAlgorithms	TKHLR	HLRAlgo	HLRAlgo_PolyInternalSegment	class	0	keep		0
ModelingAlgorithms	TKHLR	HLRAlgo	HLRAlgo_PolyMask	enum	0	keep		0
ModelingAlgorithms	TKHLR	HLRAlgo	HLRAlgo_PolyShellData	class	0	keep		0
ModelingAlgorithms	TKHLR	HLRAlgo	HLRAlgo_Projector	class	0	keep		13
ModelingAlgorithms	TKHLR	HLRAlgo	HLRAlgo_TriangleData	class	0	keep		0
ModelingAlgorithms	TKHLR	HLRAlgo	HLRAlgo_WiresBlock	class	0	keep		0
ModelingAlgorithms	TKHLR	HLRAppli	HLRAppli_ReflectLines	class	0	keep		2
ModelingAlgorithms	TKHLR	HLRBRep	HLRBRep	class	0	keep		2
ModelingAlgorithms	TKHLR	HLRBRep	HLRBRep_Algo	class	0	keep		8
ModelingAlgorithms	TKHLR	HLRBRep	HLRBRep_AreaLimit	class	0	keep		0
ModelingAlgorithms	TKHLR	HLRBRep	HLRBRep_Array1OfEData	alias	0	drop	R1	0
ModelingAlgorithms	TKHLR	HLRBRep	HLRBRep_Array1OfFData	alias	0	drop	R1	0
ModelingAlgorithms	TKHLR	HLRBRep	HLRBRep_BCurveTool	class	0	keep		0
ModelingAlgorithms	TKHLR	HLRBRep	HLRBRep_BSurfaceTool	class	0	keep		0
ModelingAlgorithms	TKHLR	HLRBRep	HLRBRep_BiPnt2D	class	0	keep		0
ModelingAlgorithms	TKHLR	HLRBRep	HLRBRep_BiPoint	class	0	keep		0
ModelingAlgorithms	TKHLR	HLRBRep	HLRBRep_CInter	class	0	keep		0
ModelingAlgorithms	TKHLR	HLRBRep	HLRBRep_CLProps	class	0	keep		0
ModelingAlgorithms	TKHLR	HLRBRep	HLRBRep_CLPropsATool	class	0	keep		0
ModelingAlgorithms	TKHLR	HLRBRep	HLRBRep_Curve	class	0	keep		0
ModelingAlgorithms	TKHLR	HLRBRep	HLRBRep_CurveTool	class	0	keep		0
ModelingAlgorithms	TKHLR	HLRBRep	HLRBRep_Data	class	0	keep		0
ModelingAlgorithms	TKHLR	HLRBRep	HLRBRep_EdgeBuilder	class	0	keep		0
ModelingAlgorithms	TKHLR	HLRBRep	HLRBRep_EdgeData	class	0	keep		0
ModelingAlgorithms	TKHLR	HLRBRep	HLRBRep_EdgeFaceTool	class	0	keep		0
ModelingAlgorithms	TKHLR	HLRBRep	HLRBRep_EdgeIList	class	0	keep		0
ModelingAlgorithms	TKHLR	HLRBRep	HLRBRep_EdgeInterferenceTool	class	0	keep		0
ModelingAlgorithms	TKHLR	HLRBRep	HLRBRep_ExactIntersectionPointOfTheIntPCurvePCurveOfCInter	class	0	drop	R1	0
ModelingAlgorithms	TKHLR	HLRBRep	HLRBRep_FaceData	class	0	keep		0
ModelingAlgorithms	TKHLR	HLRBRep	HLRBRep_FaceIterator	class	0	keep		0
ModelingAlgorithms	TKHLR	HLRBRep	HLRBRep_HLRToShape	class	0	keep		8
ModelingAlgorithms	TKHLR	HLRBRep	HLRBRep_Hider	class	0	keep		0
ModelingAlgorithms	TKHLR	HLRBRep	HLRBRep_IntConicCurveOfCInter	class	0	drop	R1	0
ModelingAlgorithms	TKHLR	HLRBRep	HLRBRep_InterCSurf	class	0	keep		0
ModelingAlgorithms	TKHLR	HLRBRep	HLRBRep_InternalAlgo	class	0	keep		0
ModelingAlgorithms	TKHLR	HLRBRep	HLRBRep_Intersector	class	0	keep		0
ModelingAlgorithms	TKHLR	HLRBRep	HLRBRep_LineTool	class	0	keep		0
ModelingAlgorithms	TKHLR	HLRBRep	HLRBRep_ListIteratorOfListOfBPnt2D	other	0	drop	R1	0
ModelingAlgorithms	TKHLR	HLRBRep	HLRBRep_ListIteratorOfListOfBPoint	other	0	drop	R1	0
ModelingAlgorithms	TKHLR	HLRBRep	HLRBRep_ListOfBPnt2D	alias	0	drop	R1	0
ModelingAlgorithms	TKHLR	HLRBRep	HLRBRep_ListOfBPoint	alias	0	drop	R1	0
ModelingAlgorithms	TKHLR	HLRBRep	HLRBRep_MyImpParToolOfTheIntersectorOfTheIntConicCurveOfCInter	class	0	drop	R1	0
ModelingAlgorithms	TKHLR	HLRBRep	HLRBRep_PCLocFOfTheLocateExtPCOfTheProjPCurOfCInter	class	0	drop	R1	0
ModelingAlgorithms	TKHLR	HLRBRep	HLRBRep_PolyAlgo	class	0	keep		3
ModelingAlgorithms	TKHLR	HLRBRep	HLRBRep_PolyHLRToShape	class	0	keep		3
ModelingAlgorithms	TKHLR	HLRBRep	HLRBRep_SLProps	class	0	keep		0
ModelingAlgorithms	TKHLR	HLRBRep	HLRBRep_SLPropsATool	class	0	keep		0
ModelingAlgorithms	TKHLR	HLRBRep	HLRBRep_SeqOfShapeBounds	alias	0	drop	R1	0
ModelingAlgorithms	TKHLR	HLRBRep	HLRBRep_ShapeBounds	class	0	keep		0
ModelingAlgorithms	TKHLR	HLRBRep	HLRBRep_ShapeToHLR	class	0	keep		0
ModelingAlgorithms	TKHLR	HLRBRep	HLRBRep_Surface	class	0	keep		0
ModelingAlgorithms	TKHLR	HLRBRep	HLRBRep_SurfaceTool	class	0	keep		0
ModelingAlgorithms	TKHLR	HLRBRep	HLRBRep_TheCSFunctionOfInterCSurf	class	0	drop	R1	0
ModelingAlgorithms	TKHLR	HLRBRep	HLRBRep_TheCurveLocatorOfTheProjPCurOfCInter	class	0	drop	R1	0
ModelingAlgorithms	TKHLR	HLRBRep	HLRBRep_TheDistBetweenPCurvesOfTheIntPCurvePCurveOfCInter	class	0	drop	R1	0
ModelingAlgorithms	TKHLR	HLRBRep	HLRBRep_TheExactInterCSurf	class	0	drop	R1	0
ModelingAlgorithms	TKHLR	HLRBRep	HLRBRep_TheIntConicCurveOfCInter	class	0	drop	R1	0
ModelingAlgorithms	TKHLR	HLRBRep	HLRBRep_TheIntPCurvePCurveOfCInter	class	0	drop	R1	0
ModelingAlgorithms	TKHLR	HLRBRep	HLRBRep_TheInterferenceOfInterCSurf	class	0	drop	R1	0
ModelingAlgorithms	TKHLR	HLRBRep	HLRBRep_TheIntersectorOfTheIntConicCurveOfCInter	class	0	drop	R1	0
ModelingAlgorithms	TKHLR	HLRBRep	HLRBRep_TheLocateExtPCOfTheProjPCurOfCInter	class	0	drop	R1	0
ModelingAlgorithms	TKHLR	HLRBRep	HLRBRep_ThePolygon2dOfTheIntPCurvePCurveOfCInter	class	0	drop	R1	0
ModelingAlgorithms	TKHLR	HLRBRep	HLRBRep_ThePolygonOfInterCSurf	class	0	drop	R1	0
ModelingAlgorithms	TKHLR	HLRBRep	HLRBRep_ThePolygonToolOfInterCSurf	class	0	drop	R1	0
ModelingAlgorithms	TKHLR	HLRBRep	HLRBRep_ThePolyhedronOfInterCSurf	class	0	drop	R1	0
ModelingAlgorithms	TKHLR	HLRBRep	HLRBRep_ThePolyhedronToolOfInterCSurf	class	0	drop	R1	0
ModelingAlgorithms	TKHLR	HLRBRep	HLRBRep_TheProjPCurOfCInter	class	0	drop	R1	0
ModelingAlgorithms	TKHLR	HLRBRep	HLRBRep_TheQuadCurvExactInterCSurf	class	0	drop	R1	0
ModelingAlgorithms	TKHLR	HLRBRep	HLRBRep_TheQuadCurvFuncOfTheQuadCurvExactInterCSurf	class	0	drop	R1	0
ModelingAlgorithms	TKHLR	HLRBRep	HLRBRep_TypeOfResultingEdge	enum	0	keep		0
ModelingAlgorithms	TKHLR	HLRBRep	HLRBRep_VertexList	class	0	keep		0
ModelingAlgorithms	TKHLR	HLRTopoBRep	HLRTopoBRep_DSFiller	class	0	keep		0
ModelingAlgorithms	TKHLR	HLRTopoBRep	HLRTopoBRep_Data	class	0	keep		0
ModelingAlgorithms	TKHLR	HLRTopoBRep	HLRTopoBRep_DataMapIteratorOfDataMapOfShapeFaceData	other	0	drop	R1	0
ModelingAlgorithms	TKHLR	HLRTopoBRep	HLRTopoBRep_DataMapIteratorOfMapOfShapeListOfVData	other	0	drop	R1	0
ModelingAlgorithms	TKHLR	HLRTopoBRep	HLRTopoBRep_DataMapOfShapeFaceData	alias	0	drop	R1	0
ModelingAlgorithms	TKHLR	HLRTopoBRep	HLRTopoBRep_FaceData	class	0	keep		0
ModelingAlgorithms	TKHLR	HLRTopoBRep	HLRTopoBRep_FaceIsoLiner	class	0	keep		0
ModelingAlgorithms	TKHLR	HLRTopoBRep	HLRTopoBRep_ListIteratorOfListOfVData	other	0	drop	R1	0
ModelingAlgorithms	TKHLR	HLRTopoBRep	HLRTopoBRep_ListOfVData	alias	0	drop	R1	0
ModelingAlgorithms	TKHLR	HLRTopoBRep	HLRTopoBRep_MapOfShapeListOfVData	alias	0	drop	R1	0
ModelingAlgorithms	TKHLR	HLRTopoBRep	HLRTopoBRep_OutLiner	class	0	keep		0
ModelingAlgorithms	TKHLR	HLRTopoBRep	HLRTopoBRep_VData	class	0	keep		0
ModelingAlgorithms	TKGeomAlgo	Hatch	Hatch_Hatcher	class	0	keep		0
ModelingAlgorithms	TKGeomAlgo	Hatch	Hatch_Line	class	0	keep		0
ModelingAlgorithms	TKGeomAlgo	Hatch	Hatch_LineForm	enum	0	keep		0
ModelingAlgorithms	TKGeomAlgo	Hatch	Hatch_Parameter	class	0	keep		0
ModelingAlgorithms	TKGeomAlgo	Hatch	Hatch_SequenceOfLine	alias	0	drop	R1	0
ModelingAlgorithms	TKGeomAlgo	Hatch	Hatch_SequenceOfParameter	alias	0	drop	R1	0
ModelingAlgorithms	TKGeomAlgo	HatchGen	HatchGen_Domain	class	0	keep		0
ModelingAlgorithms	TKGeomAlgo	HatchGen	HatchGen_Domains	alias	0	keep		0
ModelingAlgorithms	TKGeomAlgo	HatchGen	HatchGen_ErrorStatus	enum	0	keep		0
ModelingAlgorithms	TKGeomAlgo	HatchGen	HatchGen_IntersectionPoint	class	0	keep		0
ModelingAlgorithms	TKGeomAlgo	HatchGen	HatchGen_IntersectionType	enum	0	keep		0
ModelingAlgorithms	TKGeomAlgo	HatchGen	HatchGen_PointOnElement	class	0	keep		0
ModelingAlgorithms	TKGeomAlgo	HatchGen	HatchGen_PointOnHatching	class	0	keep		0
ModelingAlgorithms	TKGeomAlgo	HatchGen	HatchGen_PointsOnElement	alias	0	keep		0
ModelingAlgorithms	TKGeomAlgo	HatchGen	HatchGen_PointsOnHatching	alias	0	keep		0
ModelingAlgorithms	TKMesh	IMeshData	IMeshData_Curve	class	0	keep		0
ModelingAlgorithms	TKMesh	IMeshData	IMeshData_Edge	class	0	keep		0
ModelingAlgorithms	TKMesh	IMeshData	IMeshData_Face	class	0	keep		0
ModelingAlgorithms	TKMesh	IMeshData	IMeshData_Model	class	0	keep		0
ModelingAlgorithms	TKMesh	IMeshData	IMeshData_PCurve	class	0	keep		0
ModelingAlgorithms	TKMesh	IMeshData	IMeshData_ParametersList	class	0	keep		0
ModelingAlgorithms	TKMesh	IMeshData	IMeshData_ParametersListArrayAdaptor	class	0	keep		0
ModelingAlgorithms	TKMesh	IMeshData	IMeshData_Shape	class	0	keep		0
ModelingAlgorithms	TKMesh	IMeshData	IMeshData_Status	enum	0	keep		0
ModelingAlgorithms	TKMesh	IMeshData	IMeshData_StatusOwner	class	0	keep		0
ModelingAlgorithms	TKMesh	IMeshData	IMeshData_TessellatedShape	class	0	keep		0
ModelingAlgorithms	TKMesh	IMeshData	IMeshData_Types	other	0	keep		0
ModelingAlgorithms	TKMesh	IMeshData	IMeshData_Wire	class	0	keep		0
ModelingAlgorithms	TKMesh	IMeshTools	IMeshTools_Context	class	0	keep		0
ModelingAlgorithms	TKMesh	IMeshTools	IMeshTools_CurveTessellator	class	0	keep		0
ModelingAlgorithms	TKMesh	IMeshTools	IMeshTools_MeshAlgo	class	0	keep		0
ModelingAlgorithms	TKMesh	IMeshTools	IMeshTools_MeshAlgoFactory	class	0	keep		0
ModelingAlgorithms	TKMesh	IMeshTools	IMeshTools_MeshAlgoType	enum	0	keep		0
ModelingAlgorithms	TKMesh	IMeshTools	IMeshTools_MeshBuilder	class	0	keep		0
ModelingAlgorithms	TKMesh	IMeshTools	IMeshTools_ModelAlgo	class	0	keep		0
ModelingAlgorithms	TKMesh	IMeshTools	IMeshTools_ModelBuilder	class	0	keep		0
ModelingAlgorithms	TKMesh	IMeshTools	IMeshTools_Parameters	class	0	keep		0
ModelingAlgorithms	TKMesh	IMeshTools	IMeshTools_ShapeExplorer	class	0	keep		0
ModelingAlgorithms	TKMesh	IMeshTools	IMeshTools_ShapeVisitor	class	0	keep		0
ModelingAlgorithms	TKGeomAlgo	IntCurve	IntCurve_IConicTool	class	0	keep		0
ModelingAlgorithms	TKGeomAlgo	IntCurve	IntCurve_IntConicConic	class	0	keep		0
ModelingAlgorithms	TKGeomAlgo	IntCurve	IntCurve_IntConicConic_Tool	other	0	keep		0
ModelingAlgorithms	TKGeomAlgo	IntCurve	IntCurve_IntImpConicParConic	class	0	keep		0
ModelingAlgorithms	TKGeomAlgo	IntCurve	IntCurve_MyImpParToolOfIntImpConicParConic	class	0	drop	R1	0
ModelingAlgorithms	TKGeomAlgo	IntCurve	IntCurve_PConic	class	0	keep		0
ModelingAlgorithms	TKGeomAlgo	IntCurve	IntCurve_PConicTool	class	0	keep		0
ModelingAlgorithms	TKGeomAlgo	IntCurve	IntCurve_ProjectOnPConicTool	class	0	keep		0
ModelingAlgorithms	TKGeomAlgo	IntCurveSurface	IntCurveSurface_HInter	class	0	keep		0
ModelingAlgorithms	TKGeomAlgo	IntCurveSurface	IntCurveSurface_Intersection	class	0	keep		0
ModelingAlgorithms	TKGeomAlgo	IntCurveSurface	IntCurveSurface_IntersectionPoint	class	0	keep		2
ModelingAlgorithms	TKGeomAlgo	IntCurveSurface	IntCurveSurface_IntersectionSegment	class	0	keep		0
ModelingAlgorithms	TKGeomAlgo	IntCurveSurface	IntCurveSurface_SequenceOfPnt	alias	0	drop	R1	0
ModelingAlgorithms	TKGeomAlgo	IntCurveSurface	IntCurveSurface_SequenceOfSeg	alias	0	drop	R1	0
ModelingAlgorithms	TKGeomAlgo	IntCurveSurface	IntCurveSurface_TheCSFunctionOfHInter	class	0	drop	R1	0
ModelingAlgorithms	TKGeomAlgo	IntCurveSurface	IntCurveSurface_TheExactHInter	class	0	drop	R1	0
ModelingAlgorithms	TKGeomAlgo	IntCurveSurface	IntCurveSurface_TheHCurveTool	class	0	drop	R1	0
ModelingAlgorithms	TKGeomAlgo	IntCurveSurface	IntCurveSurface_TheInterferenceOfHInter	class	0	drop	R1	0
ModelingAlgorithms	TKGeomAlgo	IntCurveSurface	IntCurveSurface_ThePolygonOfHInter	class	0	drop	R1	0
ModelingAlgorithms	TKGeomAlgo	IntCurveSurface	IntCurveSurface_ThePolygonToolOfHInter	class	0	drop	R1	0
ModelingAlgorithms	TKGeomAlgo	IntCurveSurface	IntCurveSurface_ThePolyhedronOfHInter	class	0	drop	R1	0
ModelingAlgorithms	TKGeomAlgo	IntCurveSurface	IntCurveSurface_ThePolyhedronToolOfHInter	class	0	drop	R1	0
ModelingAlgorithms	TKGeomAlgo	IntCurveSurface	IntCurveSurface_TheQuadCurvExactHInter	class	0	drop	R1	0
ModelingAlgorithms	TKGeomAlgo	IntCurveSurface	IntCurveSurface_TheQuadCurvFuncOfTheQuadCurvExactHInter	class	0	drop	R1	0
ModelingAlgorithms	TKGeomAlgo	IntCurveSurface	IntCurveSurface_TransitionOnCurve	enum	0	keep		0
ModelingAlgorithms	TKTopAlgo	IntCurvesFace	IntCurvesFace_Intersector	class	0	keep		0
ModelingAlgorithms	TKTopAlgo	IntCurvesFace	IntCurvesFace_ShapeIntersector	class	0	keep		0
ModelingAlgorithms	TKGeomAlgo	IntImp	IntImp_ComputeTangence	other	0	keep		0
ModelingAlgorithms	TKGeomAlgo	IntImp	IntImp_ConstIsoparametric	enum	0	keep		0
ModelingAlgorithms	TKGeomAlgo	IntImpParGen	IntImpParGen	class	0	keep		0
ModelingAlgorithms	TKGeomAlgo	IntImpParGen	IntImpParGen_ImpTool	class	0	keep		0
ModelingAlgorithms	TKGeomAlgo	IntImpParGen	IntImpParGen_Tool	other	0	keep		0
ModelingAlgorithms	TKGeomAlgo	IntPatch	IntPatch_ALine	class	0	keep		0
ModelingAlgorithms	TKGeomAlgo	IntPatch	IntPatch_ALineToWLine	class	0	keep		0
ModelingAlgorithms	TKGeomAlgo	IntPatch	IntPatch_ArcFunction	class	0	keep		0
ModelingAlgorithms	TKGeomAlgo	IntPatch	IntPatch_CSFunction	class	0	keep		0
ModelingAlgorithms	TKGeomAlgo	IntPatch	IntPatch_CurvIntSurf	class	0	keep		0
ModelingAlgorithms	TKGeomAlgo	IntPatch	IntPatch_GLine	class	0	keep		0
ModelingAlgorithms	TKGeomAlgo	IntPatch	IntPatch_HCurve2dTool	class	0	keep		0
ModelingAlgorithms	TKGeomAlgo	IntPatch	IntPatch_HInterTool	class	0	keep		0
ModelingAlgorithms	TKGeomAlgo	IntPatch	IntPatch_IType	enum	0	keep		0
ModelingAlgorithms	TKGeomAlgo	IntPatch	IntPatch_ImpImpIntersection	class	0	keep		0
ModelingAlgorithms	TKGeomAlgo	IntPatch	IntPatch_ImpPrmIntersection	class	0	keep		0
ModelingAlgorithms	TKGeomAlgo	IntPatch	IntPatch_InterferencePolyhedron	class	0	keep		0
ModelingAlgorithms	TKGeomAlgo	IntPatch	IntPatch_Intersection	class	0	keep		0
ModelingAlgorithms	TKGeomAlgo	IntPatch	IntPatch_Line	class	0	keep		0
ModelingAlgorithms	TKGeomAlgo	IntPatch	IntPatch_LineConstructor	class	0	keep		0
ModelingAlgorithms	TKGeomAlgo	IntPatch	IntPatch_Point	class	0	keep		0
ModelingAlgorithms	TKGeomAlgo	IntPatch	IntPatch_PointLine	class	0	keep		0
ModelingAlgorithms	TKGeomAlgo	IntPatch	IntPatch_PolyArc	class	0	keep		0
ModelingAlgorithms	TKGeomAlgo	IntPatch	IntPatch_PolyLine	class	0	keep		0
ModelingAlgorithms	TKGeomAlgo	IntPatch	IntPatch_Polygo	class	0	keep		0
ModelingAlgorithms	TKGeomAlgo	IntPatch	IntPatch_Polyhedron	class	0	keep		0
ModelingAlgorithms	TKGeomAlgo	IntPatch	IntPatch_PolyhedronTool	class	0	keep		0
ModelingAlgorithms	TKGeomAlgo	IntPatch	IntPatch_PrmPrmIntersection	class	0	keep		0
ModelingAlgorithms	TKGeomAlgo	IntPatch	IntPatch_PrmPrmIntersection_T3Bits	class	0	keep		0
ModelingAlgorithms	TKGeomAlgo	IntPatch	IntPatch_RLine	class	0	keep		0
ModelingAlgorithms	TKGeomAlgo	IntPatch	IntPatch_RstInt	class	0	keep		0
ModelingAlgorithms	TKGeomAlgo	IntPatch	IntPatch_SearchPnt	alias	0	keep		0
ModelingAlgorithms	TKGeomAlgo	IntPatch	IntPatch_SequenceOfIWLineOfTheIWalking	alias	0	drop	R1	0
ModelingAlgorithms	TKGeomAlgo	IntPatch	IntPatch_SequenceOfLine	alias	0	drop	R1	0
ModelingAlgorithms	TKGeomAlgo	IntPatch	IntPatch_SequenceOfPathPointOfTheSOnBounds	alias	0	drop	R1	0
ModelingAlgorithms	TKGeomAlgo	IntPatch	IntPatch_SequenceOfPoint	alias	0	drop	R1	0
ModelingAlgorithms	TKGeomAlgo	IntPatch	IntPatch_SequenceOfSegmentOfTheSOnBounds	alias	0	drop	R1	0
ModelingAlgorithms	TKGeomAlgo	IntPatch	IntPatch_SpecPntType	enum	0	keep		0
ModelingAlgorithms	TKGeomAlgo	IntPatch	IntPatch_SpecialPoints	class	0	keep		0
ModelingAlgorithms	TKGeomAlgo	IntPatch	IntPatch_TheIWLineOfTheIWalking	class	0	drop	R1	0
ModelingAlgorithms	TKGeomAlgo	IntPatch	IntPatch_TheIWalking	class	0	drop	R1	0
ModelingAlgorithms	TKGeomAlgo	IntPatch	IntPatch_ThePathPointOfTheSOnBounds	class	0	drop	R1	0
ModelingAlgorithms	TKGeomAlgo	IntPatch	IntPatch_TheSOnBounds	class	0	drop	R1	0
ModelingAlgorithms	TKGeomAlgo	IntPatch	IntPatch_TheSearchInside	class	0	drop	R1	0
ModelingAlgorithms	TKGeomAlgo	IntPatch	IntPatch_TheSegmentOfTheSOnBounds	class	0	drop	R1	0
ModelingAlgorithms	TKGeomAlgo	IntPatch	IntPatch_TheSurfFunction	class	0	drop	R1	0
ModelingAlgorithms	TKGeomAlgo	IntPatch	IntPatch_WLine	class	0	keep		0
ModelingAlgorithms	TKGeomAlgo	IntPatch	IntPatch_WLineTool	class	0	keep		0
ModelingAlgorithms	TKGeomAlgo	IntPolyh	IntPolyh_Array	class	0	keep		0
ModelingAlgorithms	TKGeomAlgo	IntPolyh	IntPolyh_ArrayOfEdges	alias	0	drop	R1	0
ModelingAlgorithms	TKGeomAlgo	IntPolyh	IntPolyh_ArrayOfPointNormal	alias	0	drop	R1	0
ModelingAlgorithms	TKGeomAlgo	IntPolyh	IntPolyh_ArrayOfPoints	alias	0	drop	R1	0
ModelingAlgorithms	TKGeomAlgo	IntPolyh	IntPolyh_ArrayOfSectionLines	alias	0	drop	R1	0
ModelingAlgorithms	TKGeomAlgo	IntPolyh	IntPolyh_ArrayOfTangentZones	alias	0	drop	R1	0
ModelingAlgorithms	TKGeomAlgo	IntPolyh	IntPolyh_ArrayOfTriangles	alias	0	drop	R1	0
ModelingAlgorithms	TKGeomAlgo	IntPolyh	IntPolyh_Couple	class	0	keep		0
ModelingAlgorithms	TKGeomAlgo	IntPolyh	IntPolyh_Edge	class	0	keep		0
ModelingAlgorithms	TKGeomAlgo	IntPolyh	IntPolyh_Intersection	class	0	keep		0
ModelingAlgorithms	TKGeomAlgo	IntPolyh	IntPolyh_ListOfCouples	alias	0	drop	R1	0
ModelingAlgorithms	TKGeomAlgo	IntPolyh	IntPolyh_MaillageAffinage	class	0	keep		0
ModelingAlgorithms	TKGeomAlgo	IntPolyh	IntPolyh_PMaillageAffinage	alias	0	keep		0
ModelingAlgorithms	TKGeomAlgo	IntPolyh	IntPolyh_Point	class	0	keep		0
ModelingAlgorithms	TKGeomAlgo	IntPolyh	IntPolyh_SectionLine	class	0	keep		0
ModelingAlgorithms	TKGeomAlgo	IntPolyh	IntPolyh_SeqOfStartPoints	alias	0	drop	R1	0
ModelingAlgorithms	TKGeomAlgo	IntPolyh	IntPolyh_StartPoint	class	0	keep		0
ModelingAlgorithms	TKGeomAlgo	IntPolyh	IntPolyh_Tools	class	0	keep		0
ModelingAlgorithms	TKGeomAlgo	IntPolyh	IntPolyh_Triangle	class	0	keep		0
ModelingAlgorithms	TKGeomAlgo	IntRes2d	IntRes2d_Domain	class	0	keep		0
ModelingAlgorithms	TKGeomAlgo	IntRes2d	IntRes2d_Intersection	class	0	keep		0
ModelingAlgorithms	TKGeomAlgo	IntRes2d	IntRes2d_IntersectionPoint	class	0	keep		0
ModelingAlgorithms	TKGeomAlgo	IntRes2d	IntRes2d_IntersectionSegment	class	0	keep		2
ModelingAlgorithms	TKGeomAlgo	IntRes2d	IntRes2d_Position	enum	0	keep		0
ModelingAlgorithms	TKGeomAlgo	IntRes2d	IntRes2d_SequenceOfIntersectionPoint	alias	0	drop	R1	1
ModelingAlgorithms	TKGeomAlgo	IntRes2d	IntRes2d_SequenceOfIntersectionSegment	alias	0	drop	R1	0
ModelingAlgorithms	TKGeomAlgo	IntRes2d	IntRes2d_Situation	enum	0	keep		0
ModelingAlgorithms	TKGeomAlgo	IntRes2d	IntRes2d_Transition	class	0	keep		0
ModelingAlgorithms	TKGeomAlgo	IntRes2d	IntRes2d_TypeTrans	enum	0	keep		0
ModelingAlgorithms	TKGeomAlgo	IntStart	IntStart_SITopolTool	class	0	keep		0
ModelingAlgorithms	TKGeomAlgo	IntSurf	IntSurf	class	0	keep		0
ModelingAlgorithms	TKGeomAlgo	IntSurf	IntSurf_Allocator	alias	0	keep		0
ModelingAlgorithms	TKGeomAlgo	IntSurf	IntSurf_Couple	class	0	keep		0
ModelingAlgorithms	TKGeomAlgo	IntSurf	IntSurf_InteriorPoint	class	0	keep		0
ModelingAlgorithms	TKGeomAlgo	IntSurf	IntSurf_InteriorPointTool	class	0	keep		0
ModelingAlgorithms	TKGeomAlgo	IntSurf	IntSurf_LineOn2S	class	0	keep		0
ModelingAlgorithms	TKGeomAlgo	IntSurf	IntSurf_ListIteratorOfListOfPntOn2S	other	0	drop	R1	0
ModelingAlgorithms	TKGeomAlgo	IntSurf	IntSurf_ListOfPntOn2S	alias	0	drop	R1	0
ModelingAlgorithms	TKGeomAlgo	IntSurf	IntSurf_PathPoint	class	0	keep		0
ModelingAlgorithms	TKGeomAlgo	IntSurf	IntSurf_PathPointTool	class	0	keep		0
ModelingAlgorithms	TKGeomAlgo	IntSurf	IntSurf_PntOn2S	class	0	keep		0
ModelingAlgorithms	TKGeomAlgo	IntSurf	IntSurf_Quadric	class	0	keep		0
ModelingAlgorithms	TKGeomAlgo	IntSurf	IntSurf_QuadricTool	class	0	keep		0
ModelingAlgorithms	TKGeomAlgo	IntSurf	IntSurf_SequenceOfCouple	alias	0	drop	R1	0
ModelingAlgorithms	TKGeomAlgo	IntSurf	IntSurf_SequenceOfInteriorPoint	alias	0	drop	R1	0
ModelingAlgorithms	TKGeomAlgo	IntSurf	IntSurf_SequenceOfPathPoint	alias	0	drop	R1	0
ModelingAlgorithms	TKGeomAlgo	IntSurf	IntSurf_SequenceOfPntOn2S	alias	0	drop	R1	0
ModelingAlgorithms	TKGeomAlgo	IntSurf	IntSurf_Situation	enum	0	keep		0
ModelingAlgorithms	TKGeomAlgo	IntSurf	IntSurf_Transition	class	0	keep		0
ModelingAlgorithms	TKGeomAlgo	IntSurf	IntSurf_TypeTrans	enum	0	keep		0
ModelingAlgorithms	TKBO	IntTools	IntTools	class	0	keep		0
ModelingAlgorithms	TKBO	IntTools	IntTools_Array1OfRange	alias	0	drop	R1	0
ModelingAlgorithms	TKBO	IntTools	IntTools_Array1OfRoots	alias	0	drop	R1	0
ModelingAlgorithms	TKBO	IntTools	IntTools_BaseRangeSample	class	0	keep		0
ModelingAlgorithms	TKBO	IntTools	IntTools_BeanFaceIntersector	class	0	keep		0
ModelingAlgorithms	TKBO	IntTools	IntTools_CArray1OfReal	alias	1	drop	R1	0
ModelingAlgorithms	TKBO	IntTools	IntTools_CommonPrt	class	0	keep		0
ModelingAlgorithms	TKBO	IntTools	IntTools_Context	class	0	keep		2
ModelingAlgorithms	TKBO	IntTools	IntTools_Curve	class	0	keep		0
ModelingAlgorithms	TKBO	IntTools	IntTools_CurveRangeLocalizeData	class	0	keep		0
ModelingAlgorithms	TKBO	IntTools	IntTools_CurveRangeSample	class	0	keep		0
ModelingAlgorithms	TKBO	IntTools	IntTools_DataMapIteratorOfDataMapOfSurfaceSampleBox	other	0	drop	R1	0
ModelingAlgorithms	TKBO	IntTools	IntTools_DataMapOfCurveSampleBox	alias	0	drop	R1	0
ModelingAlgorithms	TKBO	IntTools	IntTools_DataMapOfSurfaceSampleBox	alias	0	drop	R1	0
ModelingAlgorithms	TKBO	IntTools	IntTools_EdgeEdge	class	0	keep		0
ModelingAlgorithms	TKBO	IntTools	IntTools_EdgeFace	class	0	keep		0
ModelingAlgorithms	TKBO	IntTools	IntTools_FClass2d	class	0	keep		2
ModelingAlgorithms	TKBO	IntTools	IntTools_FaceFace	class	0	keep		0
ModelingAlgorithms	TKBO	IntTools	IntTools_ListIteratorOfListOfBox	other	0	drop	R1	0
ModelingAlgorithms	TKBO	IntTools	IntTools_ListIteratorOfListOfCurveRangeSample	other	0	drop	R1	0
ModelingAlgorithms	TKBO	IntTools	IntTools_ListIteratorOfListOfSurfaceRangeSample	other	0	drop	R1	0
ModelingAlgorithms	TKBO	IntTools	IntTools_ListOfBox	alias	0	drop	R1	0
ModelingAlgorithms	TKBO	IntTools	IntTools_ListOfCurveRangeSample	alias	0	drop	R1	0
ModelingAlgorithms	TKBO	IntTools	IntTools_ListOfSurfaceRangeSample	alias	0	drop	R1	0
ModelingAlgorithms	TKBO	IntTools	IntTools_MapIteratorOfMapOfCurveSample	other	0	drop	R1	0
ModelingAlgorithms	TKBO	IntTools	IntTools_MapIteratorOfMapOfSurfaceSample	other	0	drop	R1	0
ModelingAlgorithms	TKBO	IntTools	IntTools_MapOfCurveSample	alias	0	drop	R1	0
ModelingAlgorithms	TKBO	IntTools	IntTools_MapOfSurfaceSample	alias	0	drop	R1	0
ModelingAlgorithms	TKBO	IntTools	IntTools_MarkedRangeSet	class	0	keep		0
ModelingAlgorithms	TKBO	IntTools	IntTools_PntOn2Faces	class	0	keep		0
ModelingAlgorithms	TKBO	IntTools	IntTools_PntOnFace	class	0	keep		0
ModelingAlgorithms	TKBO	IntTools	IntTools_Range	class	0	keep		0
ModelingAlgorithms	TKBO	IntTools	IntTools_Root	class	0	keep		0
ModelingAlgorithms	TKBO	IntTools	IntTools_SequenceOfCommonPrts	alias	0	drop	R1	0
ModelingAlgorithms	TKBO	IntTools	IntTools_SequenceOfCurves	alias	0	drop	R1	0
ModelingAlgorithms	TKBO	IntTools	IntTools_SequenceOfPntOn2Faces	alias	0	drop	R1	0
ModelingAlgorithms	TKBO	IntTools	IntTools_SequenceOfRanges	alias	0	drop	R1	0
ModelingAlgorithms	TKBO	IntTools	IntTools_SequenceOfRoots	alias	0	drop	R1	0
ModelingAlgorithms	TKBO	IntTools	IntTools_ShrunkRange	class	0	keep		0
ModelingAlgorithms	TKBO	IntTools	IntTools_SurfaceRangeLocalizeData	class	0	keep		0
ModelingAlgorithms	TKBO	IntTools	IntTools_SurfaceRangeSample	class	0	keep		0
ModelingAlgorithms	TKBO	IntTools	IntTools_Tools	class	0	keep		0
ModelingAlgorithms	TKBO	IntTools	IntTools_TopolTool	class	0	keep		0
ModelingAlgorithms	TKBO	IntTools	IntTools_WLineTool	class	0	keep		0
ModelingAlgorithms	TKGeomAlgo	IntWalk	IntWalk_PWalking	class	0	keep		0
ModelingAlgorithms	TKGeomAlgo	IntWalk	IntWalk_StatusDeflection	enum	0	keep		0
ModelingAlgorithms	TKGeomAlgo	IntWalk	IntWalk_TheFunctionOfTheInt2S	class	0	drop	R1	0
ModelingAlgorithms	TKGeomAlgo	IntWalk	IntWalk_TheInt2S	class	0	drop	R1	0
ModelingAlgorithms	TKGeomAlgo	IntWalk	IntWalk_VectorOfInteger	alias	0	drop	R1	0
ModelingAlgorithms	TKGeomAlgo	IntWalk	IntWalk_VectorOfWalkingData	alias	0	drop	R1	0
ModelingAlgorithms	TKGeomAlgo	Intf	Intf	class	0	keep		0
ModelingAlgorithms	TKGeomAlgo	Intf	Intf_Array1OfLin	alias	0	drop	R1	0
ModelingAlgorithms	TKGeomAlgo	Intf	Intf_Interference	class	0	keep		0
ModelingAlgorithms	TKGeomAlgo	Intf	Intf_InterferencePolygon2d	class	0	keep		0
ModelingAlgorithms	TKGeomAlgo	Intf	Intf_PIType	enum	0	keep		0
ModelingAlgorithms	TKGeomAlgo	Intf	Intf_Polygon2d	class	0	keep		0
ModelingAlgorithms	TKGeomAlgo	Intf	Intf_SectionLine	class	0	keep		0
ModelingAlgorithms	TKGeomAlgo	Intf	Intf_SectionPoint	class	0	keep		0
ModelingAlgorithms	TKGeomAlgo	Intf	Intf_SeqOfSectionLine	alias	0	drop	R1	0
ModelingAlgorithms	TKGeomAlgo	Intf	Intf_SeqOfSectionPoint	alias	0	drop	R1	0
ModelingAlgorithms	TKGeomAlgo	Intf	Intf_SeqOfTangentZone	alias	0	drop	R1	0
ModelingAlgorithms	TKGeomAlgo	Intf	Intf_TangentZone	class	0	keep		0
ModelingAlgorithms	TKGeomAlgo	Intf	Intf_Tool	class	0	keep		0
ModelingAlgorithms	TKHLR	Intrv	Intrv_Interval	class	0	keep		0
ModelingAlgorithms	TKHLR	Intrv	Intrv_Intervals	class	0	keep		0
ModelingAlgorithms	TKHLR	Intrv	Intrv_Position	enum	0	keep		0
ModelingAlgorithms	TKHLR	Intrv	Intrv_SequenceOfInterval	alias	0	drop	R1	0
ModelingAlgorithms	TKGeomAlgo	Law	Law	class	0	keep		0
ModelingAlgorithms	TKGeomAlgo	Law	Law_BSpFunc	class	0	keep		1
ModelingAlgorithms	TKGeomAlgo	Law	Law_BSpline	class	0	keep		1
ModelingAlgorithms	TKGeomAlgo	Law	Law_BSplineKnotSplitting	class	0	keep		0
ModelingAlgorithms	TKGeomAlgo	Law	Law_Composite	class	0	keep		0
ModelingAlgorithms	TKGeomAlgo	Law	Law_Constant	class	0	keep		2
ModelingAlgorithms	TKGeomAlgo	Law	Law_Function	class	0	keep		1
ModelingAlgorithms	TKGeomAlgo	Law	Law_Interpol	class	0	keep		0
ModelingAlgorithms	TKGeomAlgo	Law	Law_Interpolate	class	0	keep		0
ModelingAlgorithms	TKGeomAlgo	Law	Law_Laws	alias	0	keep		0
ModelingAlgorithms	TKGeomAlgo	Law	Law_Linear	class	0	keep		0
ModelingAlgorithms	TKGeomAlgo	Law	Law_ListIteratorOfLaws	other	0	drop	R1	0
ModelingAlgorithms	TKGeomAlgo	Law	Law_S	class	0	keep		0
ModelingAlgorithms	TKFeat	LocOpe	LocOpe	class	0	keep		0
ModelingAlgorithms	TKFeat	LocOpe	LocOpe_BuildShape	class	0	keep		0
ModelingAlgorithms	TKFeat	LocOpe	LocOpe_BuildWires	class	0	keep		0
ModelingAlgorithms	TKFeat	LocOpe	LocOpe_CSIntersector	class	0	keep		0
ModelingAlgorithms	TKFeat	LocOpe	LocOpe_CurveShapeIntersector	class	0	keep		0
ModelingAlgorithms	TKFeat	LocOpe	LocOpe_DPrism	class	0	keep		0
ModelingAlgorithms	TKFeat	LocOpe	LocOpe_DataMapIteratorOfDataMapOfShapePnt	other	0	drop	R1	0
ModelingAlgorithms	TKFeat	LocOpe	LocOpe_DataMapOfShapePnt	alias	0	drop	R1	0
ModelingAlgorithms	TKFeat	LocOpe	LocOpe_FindEdges	class	0	keep		0
ModelingAlgorithms	TKFeat	LocOpe	LocOpe_FindEdgesInFace	class	0	keep		0
ModelingAlgorithms	TKFeat	LocOpe	LocOpe_GeneratedShape	class	0	keep		0
ModelingAlgorithms	TKFeat	LocOpe	LocOpe_Generator	class	0	keep		0
ModelingAlgorithms	TKFeat	LocOpe	LocOpe_GluedShape	class	0	keep		0
ModelingAlgorithms	TKFeat	LocOpe	LocOpe_Gluer	class	0	keep		0
ModelingAlgorithms	TKFeat	LocOpe	LocOpe_LinearForm	class	0	keep		0
ModelingAlgorithms	TKFeat	LocOpe	LocOpe_Operation	enum	0	keep		0
ModelingAlgorithms	TKFeat	LocOpe	LocOpe_Pipe	class	0	keep		0
ModelingAlgorithms	TKFeat	LocOpe	LocOpe_PntFace	class	0	keep		0
ModelingAlgorithms	TKFeat	LocOpe	LocOpe_Prism	class	0	keep		0
ModelingAlgorithms	TKFeat	LocOpe	LocOpe_Revol	class	0	keep		0
ModelingAlgorithms	TKFeat	LocOpe	LocOpe_RevolutionForm	class	0	keep		0
ModelingAlgorithms	TKFeat	LocOpe	LocOpe_SequenceOfCirc	alias	0	drop	R1	0
ModelingAlgorithms	TKFeat	LocOpe	LocOpe_SequenceOfLin	alias	0	drop	R1	0
ModelingAlgorithms	TKFeat	LocOpe	LocOpe_SequenceOfPntFace	alias	0	drop	R1	0
ModelingAlgorithms	TKFeat	LocOpe	LocOpe_SplitDrafts	class	0	keep		0
ModelingAlgorithms	TKFeat	LocOpe	LocOpe_SplitShape	class	0	keep		0
ModelingAlgorithms	TKFeat	LocOpe	LocOpe_Spliter	class	0	keep		0
ModelingAlgorithms	TKFeat	LocOpe	LocOpe_WiresOnShape	class	0	keep		0
ModelingAlgorithms	TKGeomAlgo	LocalAnalysis	LocalAnalysis	class	0	keep		0
ModelingAlgorithms	TKGeomAlgo	LocalAnalysis	LocalAnalysis_CurveContinuity	class	0	keep		0
ModelingAlgorithms	TKGeomAlgo	LocalAnalysis	LocalAnalysis_StatusErrorType	enum	0	keep		0
ModelingAlgorithms	TKGeomAlgo	LocalAnalysis	LocalAnalysis_SurfaceContinuity	class	0	keep		0
ModelingAlgorithms	TKTopAlgo	MAT	MAT_Arc	class	0	keep		0
ModelingAlgorithms	TKTopAlgo	MAT	MAT_BasicElt	class	0	keep		0
ModelingAlgorithms	TKTopAlgo	MAT	MAT_Bisector	class	0	keep		0
ModelingAlgorithms	TKTopAlgo	MAT	MAT_DataMapIteratorOfDataMapOfIntegerArc	other	0	drop	R1	0
ModelingAlgorithms	TKTopAlgo	MAT	MAT_DataMapIteratorOfDataMapOfIntegerBasicElt	other	0	drop	R1	0
ModelingAlgorithms	TKTopAlgo	MAT	MAT_DataMapIteratorOfDataMapOfIntegerBisector	other	0	drop	R1	0
ModelingAlgorithms	TKTopAlgo	MAT	MAT_DataMapIteratorOfDataMapOfIntegerNode	other	0	drop	R1	0
ModelingAlgorithms	TKTopAlgo	MAT	MAT_DataMapOfIntegerArc	alias	0	drop	R1	0
ModelingAlgorithms	TKTopAlgo	MAT	MAT_DataMapOfIntegerBasicElt	alias	0	drop	R1	0
ModelingAlgorithms	TKTopAlgo	MAT	MAT_DataMapOfIntegerBisector	alias	0	drop	R1	0
ModelingAlgorithms	TKTopAlgo	MAT	MAT_DataMapOfIntegerNode	alias	0	drop	R1	0
ModelingAlgorithms	TKTopAlgo	MAT	MAT_Edge	class	0	keep		0
ModelingAlgorithms	TKTopAlgo	MAT	MAT_Graph	class	0	keep		0
ModelingAlgorithms	TKTopAlgo	MAT	MAT_ListOfBisector	class	0	drop	R1	0
ModelingAlgorithms	TKTopAlgo	MAT	MAT_ListOfEdge	class	0	drop	R1	0
ModelingAlgorithms	TKTopAlgo	MAT	MAT_Node	class	0	keep		0
ModelingAlgorithms	TKTopAlgo	MAT	MAT_SequenceOfArc	alias	0	drop	R1	0
ModelingAlgorithms	TKTopAlgo	MAT	MAT_SequenceOfBasicElt	alias	0	drop	R1	0
ModelingAlgorithms	TKTopAlgo	MAT	MAT_Side	enum	0	keep		0
ModelingAlgorithms	TKTopAlgo	MAT	MAT_TListNodeOfListOfBisector	class	0	drop	R1	0
ModelingAlgorithms	TKTopAlgo	MAT	MAT_TListNodeOfListOfEdge	class	0	drop	R1	0
ModelingAlgorithms	TKTopAlgo	MAT	MAT_Zone	class	0	keep		0
ModelingAlgorithms	TKTopAlgo	MAT2d	MAT2d_Array2OfConnexion	alias	0	drop	R1	0
ModelingAlgorithms	TKTopAlgo	MAT2d	MAT2d_BiInt	class	0	keep		0
ModelingAlgorithms	TKTopAlgo	MAT2d	MAT2d_Circuit	class	0	keep		0
ModelingAlgorithms	TKTopAlgo	MAT2d	MAT2d_Connexion	class	0	keep		0
ModelingAlgorithms	TKTopAlgo	MAT2d	MAT2d_CutCurve	class	0	keep		0
ModelingAlgorithms	TKTopAlgo	MAT2d	MAT2d_DataMapIteratorOfDataMapOfBiIntInteger	other	0	drop	R1	0
ModelingAlgorithms	TKTopAlgo	MAT2d	MAT2d_DataMapIteratorOfDataMapOfBiIntSequenceOfInteger	other	0	drop	R1	0
ModelingAlgorithms	TKTopAlgo	MAT2d	MAT2d_DataMapIteratorOfDataMapOfIntegerBisec	other	0	drop	R1	0
ModelingAlgorithms	TKTopAlgo	MAT2d	MAT2d_DataMapIteratorOfDataMapOfIntegerConnexion	other	0	drop	R1	0
ModelingAlgorithms	TKTopAlgo	MAT2d	MAT2d_DataMapIteratorOfDataMapOfIntegerPnt2d	other	0	drop	R1	0
ModelingAlgorithms	TKTopAlgo	MAT2d	MAT2d_DataMapIteratorOfDataMapOfIntegerSequenceOfConnexion	other	0	drop	R1	0
ModelingAlgorithms	TKTopAlgo	MAT2d	MAT2d_DataMapIteratorOfDataMapOfIntegerVec2d	other	0	drop	R1	0
ModelingAlgorithms	TKTopAlgo	MAT2d	MAT2d_DataMapOfBiIntInteger	alias	0	drop	R1	0
ModelingAlgorithms	TKTopAlgo	MAT2d	MAT2d_DataMapOfBiIntSequenceOfInteger	alias	0	drop	R1	0
ModelingAlgorithms	TKTopAlgo	MAT2d	MAT2d_DataMapOfIntegerBisec	alias	0	drop	R1	0
ModelingAlgorithms	TKTopAlgo	MAT2d	MAT2d_DataMapOfIntegerConnexion	alias	0	drop	R1	0
ModelingAlgorithms	TKTopAlgo	MAT2d	MAT2d_DataMapOfIntegerPnt2d	alias	0	drop	R1	0
ModelingAlgorithms	TKTopAlgo	MAT2d	MAT2d_DataMapOfIntegerSequenceOfConnexion	alias	0	drop	R1	0
ModelingAlgorithms	TKTopAlgo	MAT2d	MAT2d_DataMapOfIntegerVec2d	alias	0	drop	R1	0
ModelingAlgorithms	TKTopAlgo	MAT2d	MAT2d_Mat2d	class	0	keep		0
ModelingAlgorithms	TKTopAlgo	MAT2d	MAT2d_MiniPath	class	0	keep		0
ModelingAlgorithms	TKTopAlgo	MAT2d	MAT2d_SequenceOfConnexion	alias	0	drop	R1	0
ModelingAlgorithms	TKTopAlgo	MAT2d	MAT2d_SequenceOfSequenceOfCurve	alias	0	drop	R1	0
ModelingAlgorithms	TKTopAlgo	MAT2d	MAT2d_SequenceOfSequenceOfGeometry	alias	0	drop	R1	0
ModelingAlgorithms	TKTopAlgo	MAT2d	MAT2d_Tool2d	class	0	keep		0
ModelingAlgorithms	TKGeomAlgo	NLPlate	NLPlate_HGPPConstraint	class	0	keep		0
ModelingAlgorithms	TKGeomAlgo	NLPlate	NLPlate_HPG0Constraint	class	0	keep		0
ModelingAlgorithms	TKGeomAlgo	NLPlate	NLPlate_HPG0G1Constraint	class	0	keep		0
ModelingAlgorithms	TKGeomAlgo	NLPlate	NLPlate_HPG0G2Constraint	class	0	keep		0
ModelingAlgorithms	TKGeomAlgo	NLPlate	NLPlate_HPG0G3Constraint	class	0	keep		0
ModelingAlgorithms	TKGeomAlgo	NLPlate	NLPlate_HPG1Constraint	class	0	keep		0
ModelingAlgorithms	TKGeomAlgo	NLPlate	NLPlate_HPG2Constraint	class	0	keep		0
ModelingAlgorithms	TKGeomAlgo	NLPlate	NLPlate_HPG3Constraint	class	0	keep		0
ModelingAlgorithms	TKGeomAlgo	NLPlate	NLPlate_ListIteratorOfStackOfPlate	other	0	drop	R1	0
ModelingAlgorithms	TKGeomAlgo	NLPlate	NLPlate_NLPlate	class	0	keep		0
ModelingAlgorithms	TKGeomAlgo	NLPlate	NLPlate_SequenceOfHGPPConstraint	alias	0	drop	R1	0
ModelingAlgorithms	TKGeomAlgo	NLPlate	NLPlate_StackOfPlate	alias	0	drop	R1	0
ModelingAlgorithms	TKGeomAlgo	Plate	Plate_Array1OfPinpointConstraint	alias	0	drop	R1	0
ModelingAlgorithms	TKGeomAlgo	Plate	Plate_D1	class	0	keep		0
ModelingAlgorithms	TKGeomAlgo	Plate	Plate_D2	class	0	keep		0
ModelingAlgorithms	TKGeomAlgo	Plate	Plate_D3	class	0	keep		0
ModelingAlgorithms	TKGeomAlgo	Plate	Plate_FreeGtoCConstraint	class	0	keep		0
ModelingAlgorithms	TKGeomAlgo	Plate	Plate_GlobalTranslationConstraint	class	0	keep		0
ModelingAlgorithms	TKGeomAlgo	Plate	Plate_GtoCConstraint	class	0	keep		0
ModelingAlgorithms	TKGeomAlgo	Plate	Plate_HArray1OfPinpointConstraint	other	0	drop	R1	0
ModelingAlgorithms	TKGeomAlgo	Plate	Plate_LineConstraint	class	0	keep		0
ModelingAlgorithms	TKGeomAlgo	Plate	Plate_LinearScalarConstraint	class	0	keep		0
ModelingAlgorithms	TKGeomAlgo	Plate	Plate_LinearXYZConstraint	class	0	keep		0
ModelingAlgorithms	TKGeomAlgo	Plate	Plate_PinpointConstraint	class	0	keep		0
ModelingAlgorithms	TKGeomAlgo	Plate	Plate_PlaneConstraint	class	0	keep		0
ModelingAlgorithms	TKGeomAlgo	Plate	Plate_Plate	class	0	keep		1
ModelingAlgorithms	TKGeomAlgo	Plate	Plate_SampledCurveConstraint	class	0	keep		0
ModelingAlgorithms	TKGeomAlgo	Plate	Plate_SequenceOfLinearScalarConstraint	alias	0	drop	R1	0
ModelingAlgorithms	TKGeomAlgo	Plate	Plate_SequenceOfLinearXYZConstraint	alias	0	drop	R1	0
ModelingAlgorithms	TKGeomAlgo	Plate	Plate_SequenceOfPinpointConstraint	alias	0	drop	R1	0
ModelingAlgorithms	TKShHealing	ShapeAlgo	ShapeAlgo	class	0	keep		0
ModelingAlgorithms	TKShHealing	ShapeAlgo	ShapeAlgo_AlgoContainer	class	0	keep		2
ModelingAlgorithms	TKShHealing	ShapeAlgo	ShapeAlgo_ToolContainer	class	0	keep		0
ModelingAlgorithms	TKShHealing	ShapeAnalysis	ShapeAnalysis	class	0	keep		12
ModelingAlgorithms	TKShHealing	ShapeAnalysis	ShapeAnalysis_BoxBndTree	alias	0	keep		0
ModelingAlgorithms	TKShHealing	ShapeAnalysis	ShapeAnalysis_CanonicalRecognition	class	0	keep		0
ModelingAlgorithms	TKShHealing	ShapeAnalysis	ShapeAnalysis_CheckSmallFace	class	0	keep		0
ModelingAlgorithms	TKShHealing	ShapeAnalysis	ShapeAnalysis_Curve	class	0	keep		2
ModelingAlgorithms	TKShHealing	ShapeAnalysis	ShapeAnalysis_DataMapIteratorOfDataMapOfShapeListOfReal	other	0	drop	R1	0
ModelingAlgorithms	TKShHealing	ShapeAnalysis	ShapeAnalysis_DataMapOfShapeListOfReal	alias	0	drop	R1	0
ModelingAlgorithms	TKShHealing	ShapeAnalysis	ShapeAnalysis_Edge	class	0	keep		3
ModelingAlgorithms	TKShHealing	ShapeAnalysis	ShapeAnalysis_FreeBoundData	class	0	keep		1
ModelingAlgorithms	TKShHealing	ShapeAnalysis	ShapeAnalysis_FreeBounds	class	0	keep		13
ModelingAlgorithms	TKShHealing	ShapeAnalysis	ShapeAnalysis_FreeBoundsProperties	class	0	keep		3
ModelingAlgorithms	TKShHealing	ShapeAnalysis	ShapeAnalysis_Geom	class	0	keep		0
ModelingAlgorithms	TKShHealing	ShapeAnalysis	ShapeAnalysis_HSequenceOfFreeBounds	other	0	drop	R1	0
ModelingAlgorithms	TKShHealing	ShapeAnalysis	ShapeAnalysis_SequenceOfFreeBounds	alias	0	drop	R1	0
ModelingAlgorithms	TKShHealing	ShapeAnalysis	ShapeAnalysis_ShapeContents	class	1	keep		0
ModelingAlgorithms	TKShHealing	ShapeAnalysis	ShapeAnalysis_ShapeTolerance	class	0	keep		4
ModelingAlgorithms	TKShHealing	ShapeAnalysis	ShapeAnalysis_Shell	class	0	keep		3
ModelingAlgorithms	TKShHealing	ShapeAnalysis	ShapeAnalysis_Surface	class	0	keep		5
ModelingAlgorithms	TKShHealing	ShapeAnalysis	ShapeAnalysis_TransferParameters	class	0	keep		0
ModelingAlgorithms	TKShHealing	ShapeAnalysis	ShapeAnalysis_TransferParametersProj	class	0	keep		0
ModelingAlgorithms	TKShHealing	ShapeAnalysis	ShapeAnalysis_Wire	class	0	keep		1
ModelingAlgorithms	TKShHealing	ShapeAnalysis	ShapeAnalysis_WireOrder	class	0	keep		0
ModelingAlgorithms	TKShHealing	ShapeAnalysis	ShapeAnalysis_WireVertex	class	0	keep		0
ModelingAlgorithms	TKShHealing	ShapeBuild	ShapeBuild	class	0	keep		0
ModelingAlgorithms	TKShHealing	ShapeBuild	ShapeBuild_Edge	class	0	keep		0
ModelingAlgorithms	TKShHealing	ShapeBuild	ShapeBuild_ReShape	class	0	keep		6
ModelingAlgorithms	TKShHealing	ShapeBuild	ShapeBuild_Vertex	class	0	keep		0
ModelingAlgorithms	TKShHealing	ShapeConstruct	ShapeConstruct	class	0	keep		0
ModelingAlgorithms	TKShHealing	ShapeConstruct	ShapeConstruct_Curve	class	0	keep		7
ModelingAlgorithms	TKShHealing	ShapeConstruct	ShapeConstruct_MakeTriangulation	class	0	keep		0
ModelingAlgorithms	TKShHealing	ShapeConstruct	ShapeConstruct_ProjectCurveOnSurface	class	0	keep		0
ModelingAlgorithms	TKShHealing	ShapeCustom	ShapeCustom	class	0	keep		0
ModelingAlgorithms	TKShHealing	ShapeCustom	ShapeCustom_BSplineRestriction	class	0	keep		0
ModelingAlgorithms	TKShHealing	ShapeCustom	ShapeCustom_ConvertToBSpline	class	0	keep		0
ModelingAlgorithms	TKShHealing	ShapeCustom	ShapeCustom_ConvertToRevolution	class	0	keep		0
ModelingAlgorithms	TKShHealing	ShapeCustom	ShapeCustom_Curve	class	0	keep		0
ModelingAlgorithms	TKShHealing	ShapeCustom	ShapeCustom_Curve2d	class	0	keep		0
ModelingAlgorithms	TKShHealing	ShapeCustom	ShapeCustom_DirectModification	class	0	keep		0
ModelingAlgorithms	TKShHealing	ShapeCustom	ShapeCustom_Modification	class	0	keep		0
ModelingAlgorithms	TKShHealing	ShapeCustom	ShapeCustom_RestrictionParameters	class	0	keep		0
ModelingAlgorithms	TKShHealing	ShapeCustom	ShapeCustom_Surface	class	0	keep		0
ModelingAlgorithms	TKShHealing	ShapeCustom	ShapeCustom_SweptToElementary	class	0	keep		0
ModelingAlgorithms	TKShHealing	ShapeCustom	ShapeCustom_TrsfModification	class	0	keep		0
ModelingAlgorithms	TKShHealing	ShapeExtend	ShapeExtend	class	0	keep		0
ModelingAlgorithms	TKShHealing	ShapeExtend	ShapeExtend_BasicMsgRegistrator	class	0	keep		0
ModelingAlgorithms	TKShHealing	ShapeExtend	ShapeExtend_ComplexCurve	class	0	keep		0
ModelingAlgorithms	TKShHealing	ShapeExtend	ShapeExtend_CompositeSurface	class	0	keep		0
ModelingAlgorithms	TKShHealing	ShapeExtend	ShapeExtend_DataMapIteratorOfDataMapOfShapeListOfMsg	other	0	drop	R1	0
ModelingAlgorithms	TKShHealing	ShapeExtend	ShapeExtend_DataMapIteratorOfDataMapOfTransientListOfMsg	other	0	drop	R1	0
ModelingAlgorithms	TKShHealing	ShapeExtend	ShapeExtend_DataMapOfShapeListOfMsg	alias	0	drop	R1	0
ModelingAlgorithms	TKShHealing	ShapeExtend	ShapeExtend_DataMapOfTransientListOfMsg	alias	0	drop	R1	0
ModelingAlgorithms	TKShHealing	ShapeExtend	ShapeExtend_Explorer	class	0	keep		7
ModelingAlgorithms	TKShHealing	ShapeExtend	ShapeExtend_MsgRegistrator	class	0	keep		0
ModelingAlgorithms	TKShHealing	ShapeExtend	ShapeExtend_Parametrisation	enum	0	keep		0
ModelingAlgorithms	TKShHealing	ShapeExtend	ShapeExtend_Status	enum	0	keep		0
ModelingAlgorithms	TKShHealing	ShapeExtend	ShapeExtend_WireData	class	0	keep		7
ModelingAlgorithms	TKShHealing	ShapeFix	ShapeFix	class	0	keep		2
ModelingAlgorithms	TKShHealing	ShapeFix	ShapeFix_ComposeShell	class	0	keep		0
ModelingAlgorithms	TKShHealing	ShapeFix	ShapeFix_DataMapIteratorOfDataMapOfShapeBox2d	other	0	drop	R1	0
ModelingAlgorithms	TKShHealing	ShapeFix	ShapeFix_DataMapOfShapeBox2d	alias	0	drop	R1	0
ModelingAlgorithms	TKShHealing	ShapeFix	ShapeFix_Edge	class	0	keep		0
ModelingAlgorithms	TKShHealing	ShapeFix	ShapeFix_EdgeConnect	class	0	keep		0
ModelingAlgorithms	TKShHealing	ShapeFix	ShapeFix_EdgeProjAux	class	0	keep		0
ModelingAlgorithms	TKShHealing	ShapeFix	ShapeFix_Face	class	0	keep		4
ModelingAlgorithms	TKShHealing	ShapeFix	ShapeFix_FaceConnect	class	0	keep		0
ModelingAlgorithms	TKShHealing	ShapeFix	ShapeFix_FixSmallFace	class	0	keep		0
ModelingAlgorithms	TKShHealing	ShapeFix	ShapeFix_FixSmallSolid	class	0	keep		0
ModelingAlgorithms	TKShHealing	ShapeFix	ShapeFix_FreeBounds	class	0	keep		0
ModelingAlgorithms	TKShHealing	ShapeFix	ShapeFix_IntersectionTool	class	0	keep		0
ModelingAlgorithms	TKShHealing	ShapeFix	ShapeFix_Root	class	0	keep		1
ModelingAlgorithms	TKShHealing	ShapeFix	ShapeFix_SequenceOfWireSegment	alias	0	drop	R1	0
ModelingAlgorithms	TKShHealing	ShapeFix	ShapeFix_Shape	class	0	keep		10
ModelingAlgorithms	TKShHealing	ShapeFix	ShapeFix_ShapeTolerance	class	0	keep		10
ModelingAlgorithms	TKShHealing	ShapeFix	ShapeFix_Shell	class	0	keep		0
ModelingAlgorithms	TKShHealing	ShapeFix	ShapeFix_Solid	class	0	keep		2
ModelingAlgorithms	TKShHealing	ShapeFix	ShapeFix_SplitCommonVertex	class	0	keep		0
ModelingAlgorithms	TKShHealing	ShapeFix	ShapeFix_SplitTool	class	0	keep		0
ModelingAlgorithms	TKShHealing	ShapeFix	ShapeFix_Wire	class	0	keep		16
ModelingAlgorithms	TKShHealing	ShapeFix	ShapeFix_WireSegment	class	0	keep		0
ModelingAlgorithms	TKShHealing	ShapeFix	ShapeFix_WireVertex	class	0	keep		0
ModelingAlgorithms	TKShHealing	ShapeFix	ShapeFix_Wireframe	class	0	keep		3
ModelingAlgorithms	TKShHealing	ShapeProcess	ShapeProcess	class	0	keep		0
ModelingAlgorithms	TKShHealing	ShapeProcess	ShapeProcess_Context	class	0	keep		0
ModelingAlgorithms	TKShHealing	ShapeProcess	ShapeProcess_OperFunc	other	0	keep		0
ModelingAlgorithms	TKShHealing	ShapeProcess	ShapeProcess_OperLibrary	class	0	keep		0
ModelingAlgorithms	TKShHealing	ShapeProcess	ShapeProcess_Operator	class	0	keep		0
ModelingAlgorithms	TKShHealing	ShapeProcess	ShapeProcess_ShapeContext	class	0	keep		0
ModelingAlgorithms	TKShHealing	ShapeProcess	ShapeProcess_UOperator	class	0	keep		0
ModelingAlgorithms	TKShHealing	ShapeProcessAPI	ShapeProcessAPI_ApplySequence	class	0	keep		0
ModelingAlgorithms	TKShHealing	ShapeUpgrade	ShapeUpgrade	class	0	keep		0
ModelingAlgorithms	TKShHealing	ShapeUpgrade	ShapeUpgrade_ClosedEdgeDivide	class	0	keep		0
ModelingAlgorithms	TKShHealing	ShapeUpgrade	ShapeUpgrade_ClosedFaceDivide	class	0	keep		0
ModelingAlgorithms	TKShHealing	ShapeUpgrade	ShapeUpgrade_ConvertCurve2dToBezier	class	0	keep		0
ModelingAlgorithms	TKShHealing	ShapeUpgrade	ShapeUpgrade_ConvertCurve3dToBezier	class	0	keep		0
ModelingAlgorithms	TKShHealing	ShapeUpgrade	ShapeUpgrade_ConvertSurfaceToBezierBasis	class	0	keep		0
ModelingAlgorithms	TKShHealing	ShapeUpgrade	ShapeUpgrade_EdgeDivide	class	0	keep		0
ModelingAlgorithms	TKShHealing	ShapeUpgrade	ShapeUpgrade_FaceDivide	class	0	keep		0
ModelingAlgorithms	TKShHealing	ShapeUpgrade	ShapeUpgrade_FaceDivideArea	class	0	keep		0
ModelingAlgorithms	TKShHealing	ShapeUpgrade	ShapeUpgrade_FixSmallBezierCurves	class	0	keep		0
ModelingAlgorithms	TKShHealing	ShapeUpgrade	ShapeUpgrade_FixSmallCurves	class	0	keep		0
ModelingAlgorithms	TKShHealing	ShapeUpgrade	ShapeUpgrade_RemoveInternalWires	class	0	keep		2
ModelingAlgorithms	TKShHealing	ShapeUpgrade	ShapeUpgrade_RemoveLocations	class	0	keep		0
ModelingAlgorithms	TKShHealing	ShapeUpgrade	ShapeUpgrade_ShapeConvertToBezier	class	0	keep		0
ModelingAlgorithms	TKShHealing	ShapeUpgrade	ShapeUpgrade_ShapeDivide	class	0	keep		0
ModelingAlgorithms	TKShHealing	ShapeUpgrade	ShapeUpgrade_ShapeDivideAngle	class	0	keep		0
ModelingAlgorithms	TKShHealing	ShapeUpgrade	ShapeUpgrade_ShapeDivideArea	class	0	keep		0
ModelingAlgorithms	TKShHealing	ShapeUpgrade	ShapeUpgrade_ShapeDivideClosed	class	0	keep		0
ModelingAlgorithms	TKShHealing	ShapeUpgrade	ShapeUpgrade_ShapeDivideClosedEdges	class	0	keep		0
ModelingAlgorithms	TKShHealing	ShapeUpgrade	ShapeUpgrade_ShapeDivideContinuity	class	0	keep		0
ModelingAlgorithms	TKShHealing	ShapeUpgrade	ShapeUpgrade_ShellSewing	class	0	keep		5
ModelingAlgorithms	TKShHealing	ShapeUpgrade	ShapeUpgrade_SplitCurve	class	0	keep		0
ModelingAlgorithms	TKShHealing	ShapeUpgrade	ShapeUpgrade_SplitCurve2d	class	0	keep		0
ModelingAlgorithms	TKShHealing	ShapeUpgrade	ShapeUpgrade_SplitCurve2dContinuity	class	0	keep		0
ModelingAlgorithms	TKShHealing	ShapeUpgrade	ShapeUpgrade_SplitCurve3d	class	0	keep		0
ModelingAlgorithms	TKShHealing	ShapeUpgrade	ShapeUpgrade_SplitCurve3dContinuity	class	0	keep		0
ModelingAlgorithms	TKShHealing	ShapeUpgrade	ShapeUpgrade_SplitSurface	class	0	keep		0
ModelingAlgorithms	TKShHealing	ShapeUpgrade	ShapeUpgrade_SplitSurfaceAngle	class	0	keep		0
ModelingAlgorithms	TKShHealing	ShapeUpgrade	ShapeUpgrade_SplitSurfaceArea	class	0	keep		0
ModelingAlgorithms	TKShHealing	ShapeUpgrade	ShapeUpgrade_SplitSurfaceContinuity	class	0	keep		0
ModelingAlgorithms	TKShHealing	ShapeUpgrade	ShapeUpgrade_Tool	class	0	keep		0
ModelingAlgorithms	TKShHealing	ShapeUpgrade	ShapeUpgrade_UnifySameDomain	class	0	keep		0
ModelingAlgorithms	TKShHealing	ShapeUpgrade	ShapeUpgrade_WireDivide	class	0	keep		0
ModelingAlgorithms	TKPrim	Sweep	Sweep_NumShape	class	0	keep		0
ModelingAlgorithms	TKPrim	Sweep	Sweep_NumShapeIterator	class	0	keep		0
ModelingAlgorithms	TKPrim	Sweep	Sweep_NumShapeTool	class	0	keep		0
ModelingAlgorithms	TKHLR	TopBas	TopBas_ListIteratorOfListOfTestInterference	other	0	drop	R1	0
ModelingAlgorithms	TKHLR	TopBas	TopBas_ListOfTestInterference	alias	0	drop	R1	0
ModelingAlgorithms	TKHLR	TopBas	TopBas_TestInterference	class	0	keep		0
ModelingAlgorithms	TKGeomAlgo	TopClass	TopClass_SolidExplorer	class	0	keep		0
ModelingAlgorithms	TKHLR	TopCnx	TopCnx_EdgeFaceTransition	class	0	keep		0
ModelingAlgorithms	TKBool	TopOpeBRep	TopOpeBRep	class	0	drop	R4	0
ModelingAlgorithms	TKBool	TopOpeBRep	TopOpeBRep_Array1OfLineInter	alias	0	drop	R4	0
ModelingAlgorithms	TKBool	TopOpeBRep	TopOpeBRep_Array1OfVPointInter	alias	0	drop	R4	0
ModelingAlgorithms	TKBool	TopOpeBRep	TopOpeBRep_Bipoint	class	0	drop	R4	0
ModelingAlgorithms	TKBool	TopOpeBRep	TopOpeBRep_DRAW	other	0	drop	R4	0
ModelingAlgorithms	TKBool	TopOpeBRep	TopOpeBRep_DSFiller	class	0	drop	R4	0
ModelingAlgorithms	TKBool	TopOpeBRep	TopOpeBRep_DataMapIteratorOfDataMapOfTopolTool	other	0	drop	R4	0
ModelingAlgorithms	TKBool	TopOpeBRep	TopOpeBRep_DataMapOfTopolTool	alias	0	drop	R4	0
ModelingAlgorithms	TKBool	TopOpeBRep	TopOpeBRep_EdgesFiller	class	0	drop	R4	0
ModelingAlgorithms	TKBool	TopOpeBRep	TopOpeBRep_EdgesIntersector	class	0	drop	R4	0
ModelingAlgorithms	TKBool	TopOpeBRep	TopOpeBRep_FFDumper	class	0	drop	R4	0
ModelingAlgorithms	TKBool	TopOpeBRep	TopOpeBRep_FFTransitionTool	class	0	drop	R4	0
ModelingAlgorithms	TKBool	TopOpeBRep	TopOpeBRep_FaceEdgeFiller	class	0	drop	R4	0
ModelingAlgorithms	TKBool	TopOpeBRep	TopOpeBRep_FaceEdgeIntersector	class	0	drop	R4	0
ModelingAlgorithms	TKBool	TopOpeBRep	TopOpeBRep_FacesFiller	class	0	drop	R4	0
ModelingAlgorithms	TKBool	TopOpeBRep	TopOpeBRep_FacesIntersector	class	0	drop	R4	0
ModelingAlgorithms	TKBool	TopOpeBRep	TopOpeBRep_GeomTool	class	0	drop	R4	0
ModelingAlgorithms	TKBool	TopOpeBRep	TopOpeBRep_HArray1OfLineInter	other	0	drop	R4	0
ModelingAlgorithms	TKBool	TopOpeBRep	TopOpeBRep_HArray1OfVPointInter	other	0	drop	R4	0
ModelingAlgorithms	TKBool	TopOpeBRep	TopOpeBRep_Hctxee2d	class	0	drop	R4	0
ModelingAlgorithms	TKBool	TopOpeBRep	TopOpeBRep_Hctxff2d	class	0	drop	R4	0
ModelingAlgorithms	TKBool	TopOpeBRep	TopOpeBRep_LineInter	class	0	drop	R4	0
ModelingAlgorithms	TKBool	TopOpeBRep	TopOpeBRep_ListIteratorOfListOfBipoint	other	0	drop	R4	0
ModelingAlgorithms	TKBool	TopOpeBRep	TopOpeBRep_ListOfBipoint	alias	0	drop	R4	0
ModelingAlgorithms	TKBool	TopOpeBRep	TopOpeBRep_P2Dstatus	enum	0	drop	R4	0
ModelingAlgorithms	TKBool	TopOpeBRep	TopOpeBRep_PEdgesIntersector	alias	0	drop	R4	0
ModelingAlgorithms	TKBool	TopOpeBRep	TopOpeBRep_PFacesFiller	alias	0	drop	R4	0
ModelingAlgorithms	TKBool	TopOpeBRep	TopOpeBRep_PFacesIntersector	alias	0	drop	R4	0
ModelingAlgorithms	TKBool	TopOpeBRep	TopOpeBRep_PIntRes2d_IntersectionPoint	alias	0	drop	R4	0
ModelingAlgorithms	TKBool	TopOpeBRep	TopOpeBRep_PLineInter	alias	0	drop	R4	0
ModelingAlgorithms	TKBool	TopOpeBRep	TopOpeBRep_PPntOn2S	alias	0	drop	R4	0
ModelingAlgorithms	TKBool	TopOpeBRep	TopOpeBRep_PThePointOfIntersection	alias	0	drop	R4	0
ModelingAlgorithms	TKBool	TopOpeBRep	TopOpeBRep_Point2d	class	0	drop	R4	0
ModelingAlgorithms	TKBool	TopOpeBRep	TopOpeBRep_PointClassifier	class	0	drop	R4	0
ModelingAlgorithms	TKBool	TopOpeBRep	TopOpeBRep_PointGeomTool	class	0	drop	R4	0
ModelingAlgorithms	TKBool	TopOpeBRep	TopOpeBRep_SequenceOfPoint2d	alias	0	drop	R4	0
ModelingAlgorithms	TKBool	TopOpeBRep	TopOpeBRep_ShapeIntersector	class	0	drop	R4	0
ModelingAlgorithms	TKBool	TopOpeBRep	TopOpeBRep_ShapeIntersector2d	class	0	drop	R4	0
ModelingAlgorithms	TKBool	TopOpeBRep	TopOpeBRep_ShapeScanner	class	0	drop	R4	0
ModelingAlgorithms	TKBool	TopOpeBRep	TopOpeBRep_TypeLineCurve	enum	0	drop	R4	0
ModelingAlgorithms	TKBool	TopOpeBRep	TopOpeBRep_VPointInter	class	0	drop	R4	0
ModelingAlgorithms	TKBool	TopOpeBRep	TopOpeBRep_VPointInterClassifier	class	0	drop	R4	0
ModelingAlgorithms	TKBool	TopOpeBRep	TopOpeBRep_VPointInterIterator	class	0	drop	R4	0
ModelingAlgorithms	TKBool	TopOpeBRep	TopOpeBRep_WPointInter	class	0	drop	R4	0
ModelingAlgorithms	TKBool	TopOpeBRep	TopOpeBRep_WPointInterIterator	class	0	drop	R4	0
ModelingAlgorithms	TKBool	TopOpeBRep	TopOpeBRep_define	other	0	drop	R4	0
ModelingAlgorithms	TKBool	TopOpeBRep	TopOpeBRep_traceSIFF	class	0	drop	R4	0
ModelingAlgorithms	TKBool	TopOpeBRepBuild	TopOpeBRepBuild_Area1dBuilder	class	0	drop	R4	0
ModelingAlgorithms	TKBool	TopOpeBRepBuild	TopOpeBRepBuild_Area2dBuilder	class	0	drop	R4	0
ModelingAlgorithms	TKBool	TopOpeBRepBuild	TopOpeBRepBuild_Area3dBuilder	class	0	drop	R4	0
ModelingAlgorithms	TKBool	TopOpeBRepBuild	TopOpeBRepBuild_AreaBuilder	class	0	drop	R4	0
ModelingAlgorithms	TKBool	TopOpeBRepBuild	TopOpeBRepBuild_BlockBuilder	class	0	drop	R4	0
ModelingAlgorithms	TKBool	TopOpeBRepBuild	TopOpeBRepBuild_BlockIterator	class	0	drop	R4	0
ModelingAlgorithms	TKBool	TopOpeBRepBuild	TopOpeBRepBuild_Builder	class	0	drop	R4	0
ModelingAlgorithms	TKBool	TopOpeBRepBuild	TopOpeBRepBuild_Builder1	class	0	drop	R4	0
ModelingAlgorithms	TKBool	TopOpeBRepBuild	TopOpeBRepBuild_BuilderON	class	0	drop	R4	0
ModelingAlgorithms	TKBool	TopOpeBRepBuild	TopOpeBRepBuild_CompositeClassifier	class	0	drop	R4	0
ModelingAlgorithms	TKBool	TopOpeBRepBuild	TopOpeBRepBuild_CorrectFace2d	class	0	drop	R4	0
ModelingAlgorithms	TKBool	TopOpeBRepBuild	TopOpeBRepBuild_DataMapIteratorOfDataMapOfShapeListOfShapeListOfShape	other	0	drop	R4	0
ModelingAlgorithms	TKBool	TopOpeBRepBuild	TopOpeBRepBuild_DataMapOfShapeListOfShapeListOfShape	alias	0	drop	R4	0
ModelingAlgorithms	TKBool	TopOpeBRepBuild	TopOpeBRepBuild_EdgeBuilder	class	0	drop	R4	0
ModelingAlgorithms	TKBool	TopOpeBRepBuild	TopOpeBRepBuild_FaceAreaBuilder	class	0	drop	R4	0
ModelingAlgorithms	TKBool	TopOpeBRepBuild	TopOpeBRepBuild_FaceBuilder	class	0	drop	R4	0
ModelingAlgorithms	TKBool	TopOpeBRepBuild	TopOpeBRepBuild_FuseFace	class	0	drop	R4	0
ModelingAlgorithms	TKBool	TopOpeBRepBuild	TopOpeBRepBuild_GIter	class	0	drop	R4	0
ModelingAlgorithms	TKBool	TopOpeBRepBuild	TopOpeBRepBuild_GTool	class	0	drop	R4	0
ModelingAlgorithms	TKBool	TopOpeBRepBuild	TopOpeBRepBuild_GTopo	class	0	drop	R4	0
ModelingAlgorithms	TKBool	TopOpeBRepBuild	TopOpeBRepBuild_HBuilder	class	0	drop	R4	0
ModelingAlgorithms	TKBool	TopOpeBRepBuild	TopOpeBRepBuild_IndexedDataMapOfShapeVertexInfo	alias	0	drop	R4	0
ModelingAlgorithms	TKBool	TopOpeBRepBuild	TopOpeBRepBuild_ListIteratorOfListOfListOfLoop	other	0	drop	R4	0
ModelingAlgorithms	TKBool	TopOpeBRepBuild	TopOpeBRepBuild_ListIteratorOfListOfLoop	other	0	drop	R4	0
ModelingAlgorithms	TKBool	TopOpeBRepBuild	TopOpeBRepBuild_ListIteratorOfListOfPave	other	0	drop	R4	0
ModelingAlgorithms	TKBool	TopOpeBRepBuild	TopOpeBRepBuild_ListIteratorOfListOfShapeListOfShape	other	0	drop	R4	0
ModelingAlgorithms	TKBool	TopOpeBRepBuild	TopOpeBRepBuild_ListOfListOfLoop	alias	0	drop	R4	0
ModelingAlgorithms	TKBool	TopOpeBRepBuild	TopOpeBRepBuild_ListOfLoop	alias	0	drop	R4	0
ModelingAlgorithms	TKBool	TopOpeBRepBuild	TopOpeBRepBuild_ListOfPave	alias	0	drop	R4	0
ModelingAlgorithms	TKBool	TopOpeBRepBuild	TopOpeBRepBuild_ListOfShapeListOfShape	alias	0	drop	R4	0
ModelingAlgorithms	TKBool	TopOpeBRepBuild	TopOpeBRepBuild_Loop	class	0	drop	R4	0
ModelingAlgorithms	TKBool	TopOpeBRepBuild	TopOpeBRepBuild_LoopClassifier	class	0	drop	R4	0
ModelingAlgorithms	TKBool	TopOpeBRepBuild	TopOpeBRepBuild_LoopEnum	enum	0	drop	R4	0
ModelingAlgorithms	TKBool	TopOpeBRepBuild	TopOpeBRepBuild_LoopSet	class	0	drop	R4	0
ModelingAlgorithms	TKBool	TopOpeBRepBuild	TopOpeBRepBuild_PBuilder	alias	0	drop	R4	0
ModelingAlgorithms	TKBool	TopOpeBRepBuild	TopOpeBRepBuild_PGTopo	alias	0	drop	R4	0
ModelingAlgorithms	TKBool	TopOpeBRepBuild	TopOpeBRepBuild_PWireEdgeSet	alias	0	drop	R4	0
ModelingAlgorithms	TKBool	TopOpeBRepBuild	TopOpeBRepBuild_Pave	class	0	drop	R4	0
ModelingAlgorithms	TKBool	TopOpeBRepBuild	TopOpeBRepBuild_PaveClassifier	class	0	drop	R4	0
ModelingAlgorithms	TKBool	TopOpeBRepBuild	TopOpeBRepBuild_PaveSet	class	0	drop	R4	0
ModelingAlgorithms	TKBool	TopOpeBRepBuild	TopOpeBRepBuild_ShapeListOfShape	class	0	drop	R4	0
ModelingAlgorithms	TKBool	TopOpeBRepBuild	TopOpeBRepBuild_ShapeSet	class	0	drop	R4	0
ModelingAlgorithms	TKBool	TopOpeBRepBuild	TopOpeBRepBuild_ShellFaceClassifier	class	0	drop	R4	0
ModelingAlgorithms	TKBool	TopOpeBRepBuild	TopOpeBRepBuild_ShellFaceSet	class	0	drop	R4	0
ModelingAlgorithms	TKBool	TopOpeBRepBuild	TopOpeBRepBuild_ShellToSolid	class	0	drop	R4	0
ModelingAlgorithms	TKBool	TopOpeBRepBuild	TopOpeBRepBuild_SolidAreaBuilder	class	0	drop	R4	0
ModelingAlgorithms	TKBool	TopOpeBRepBuild	TopOpeBRepBuild_SolidBuilder	class	0	drop	R4	0
ModelingAlgorithms	TKBool	TopOpeBRepBuild	TopOpeBRepBuild_Tools	class	0	drop	R4	0
ModelingAlgorithms	TKBool	TopOpeBRepBuild	TopOpeBRepBuild_Tools2d	class	0	drop	R4	0
ModelingAlgorithms	TKBool	TopOpeBRepBuild	TopOpeBRepBuild_VertexInfo	class	0	drop	R4	0
ModelingAlgorithms	TKBool	TopOpeBRepBuild	TopOpeBRepBuild_WireEdgeClassifier	class	0	drop	R4	0
ModelingAlgorithms	TKBool	TopOpeBRepBuild	TopOpeBRepBuild_WireEdgeSet	class	0	drop	R4	0
ModelingAlgorithms	TKBool	TopOpeBRepBuild	TopOpeBRepBuild_WireToFace	class	0	drop	R4	0
ModelingAlgorithms	TKBool	TopOpeBRepBuild	TopOpeBRepBuild_define	other	0	drop	R4	0
ModelingAlgorithms	TKBool	TopOpeBRepBuild	TopOpeBRepBuild_kpresu	other	0	drop	R4	0
ModelingAlgorithms	TKBool	TopOpeBRepDS	TopOpeBRepDS	class	0	drop	R4	0
ModelingAlgorithms	TKBool	TopOpeBRepDS	TopOpeBRepDS_Array1OfDataMapOfIntegerListOfInterference	alias	0	drop	R4	0
ModelingAlgorithms	TKBool	TopOpeBRepDS	TopOpeBRepDS_Association	class	0	drop	R4	0
ModelingAlgorithms	TKBool	TopOpeBRepDS	TopOpeBRepDS_BuildTool	class	0	drop	R4	0
ModelingAlgorithms	TKBool	TopOpeBRepDS	TopOpeBRepDS_Check	class	0	drop	R4	0
ModelingAlgorithms	TKBool	TopOpeBRepDS	TopOpeBRepDS_CheckStatus	enum	0	drop	R4	0
ModelingAlgorithms	TKBool	TopOpeBRepDS	TopOpeBRepDS_Config	enum	0	drop	R4	0
ModelingAlgorithms	TKBool	TopOpeBRepDS	TopOpeBRepDS_Curve	class	0	drop	R4	0
ModelingAlgorithms	TKBool	TopOpeBRepDS	TopOpeBRepDS_CurveData	class	0	drop	R4	0
ModelingAlgorithms	TKBool	TopOpeBRepDS	TopOpeBRepDS_CurveExplorer	class	0	drop	R4	0
ModelingAlgorithms	TKBool	TopOpeBRepDS	TopOpeBRepDS_CurveIterator	class	0	drop	R4	0
ModelingAlgorithms	TKBool	TopOpeBRepDS	TopOpeBRepDS_CurvePointInterference	class	0	drop	R4	0
ModelingAlgorithms	TKBool	TopOpeBRepDS	TopOpeBRepDS_DRAW	other	0	drop	R4	0
ModelingAlgorithms	TKBool	TopOpeBRepDS	TopOpeBRepDS_DataMapIteratorOfDataMapOfCheckStatus	other	0	drop	R4	0
ModelingAlgorithms	TKBool	TopOpeBRepDS	TopOpeBRepDS_DataMapIteratorOfDataMapOfIntegerListOfInterference	other	0	drop	R4	0
ModelingAlgorithms	TKBool	TopOpeBRepDS	TopOpeBRepDS_DataMapIteratorOfDataMapOfInterferenceListOfInterference	other	0	drop	R4	0
ModelingAlgorithms	TKBool	TopOpeBRepDS	TopOpeBRepDS_DataMapIteratorOfDataMapOfInterferenceShape	other	0	drop	R4	0
ModelingAlgorithms	TKBool	TopOpeBRepDS	TopOpeBRepDS_DataMapIteratorOfDataMapOfShapeListOfShapeOn1State	other	0	drop	R4	0
ModelingAlgorithms	TKBool	TopOpeBRepDS	TopOpeBRepDS_DataMapIteratorOfDataMapOfShapeState	other	0	drop	R4	0
ModelingAlgorithms	TKBool	TopOpeBRepDS	TopOpeBRepDS_DataMapIteratorOfMapOfCurve	other	0	drop	R4	0
ModelingAlgorithms	TKBool	TopOpeBRepDS	TopOpeBRepDS_DataMapIteratorOfMapOfIntegerShapeData	other	0	drop	R4	0
ModelingAlgorithms	TKBool	TopOpeBRepDS	TopOpeBRepDS_DataMapIteratorOfMapOfPoint	other	0	drop	R4	0
ModelingAlgorithms	TKBool	TopOpeBRepDS	TopOpeBRepDS_DataMapIteratorOfMapOfSurface	other	0	drop	R4	0
ModelingAlgorithms	TKBool	TopOpeBRepDS	TopOpeBRepDS_DataMapIteratorOfShapeSurface	other	0	drop	R4	0
ModelingAlgorithms	TKBool	TopOpeBRepDS	TopOpeBRepDS_DataMapOfCheckStatus	alias	0	drop	R4	0
ModelingAlgorithms	TKBool	TopOpeBRepDS	TopOpeBRepDS_DataMapOfIntegerListOfInterference	alias	0	drop	R4	0
ModelingAlgorithms	TKBool	TopOpeBRepDS	TopOpeBRepDS_DataMapOfInterferenceListOfInterference	alias	0	drop	R4	0
ModelingAlgorithms	TKBool	TopOpeBRepDS	TopOpeBRepDS_DataMapOfInterferenceShape	alias	0	drop	R4	0
ModelingAlgorithms	TKBool	TopOpeBRepDS	TopOpeBRepDS_DataMapOfShapeListOfShapeOn1State	alias	0	drop	R4	0
ModelingAlgorithms	TKBool	TopOpeBRepDS	TopOpeBRepDS_DataMapOfShapeState	alias	0	drop	R4	0
ModelingAlgorithms	TKBool	TopOpeBRepDS	TopOpeBRepDS_DataStructure	class	0	drop	R4	0
ModelingAlgorithms	TKBool	TopOpeBRepDS	TopOpeBRepDS_DoubleMapIteratorOfDoubleMapOfIntegerShape	other	0	drop	R4	0
ModelingAlgorithms	TKBool	TopOpeBRepDS	TopOpeBRepDS_DoubleMapOfIntegerShape	alias	0	drop	R4	0
ModelingAlgorithms	TKBool	TopOpeBRepDS	TopOpeBRepDS_Dumper	class	0	drop	R4	0
ModelingAlgorithms	TKBool	TopOpeBRepDS	TopOpeBRepDS_EIR	class	0	drop	R4	0
ModelingAlgorithms	TKBool	TopOpeBRepDS	TopOpeBRepDS_EXPORT	other	0	drop	R4	0
ModelingAlgorithms	TKBool	TopOpeBRepDS	TopOpeBRepDS_Edge3dInterferenceTool	class	0	drop	R4	0
ModelingAlgorithms	TKBool	TopOpeBRepDS	TopOpeBRepDS_EdgeInterferenceTool	class	0	drop	R4	0
ModelingAlgorithms	TKBool	TopOpeBRepDS	TopOpeBRepDS_EdgeVertexInterference	class	0	drop	R4	0
ModelingAlgorithms	TKBool	TopOpeBRepDS	TopOpeBRepDS_Explorer	class	0	drop	R4	0
ModelingAlgorithms	TKBool	TopOpeBRepDS	TopOpeBRepDS_FIR	class	0	drop	R4	0
ModelingAlgorithms	TKBool	TopOpeBRepDS	TopOpeBRepDS_FaceEdgeInterference	class	0	drop	R4	0
ModelingAlgorithms	TKBool	TopOpeBRepDS	TopOpeBRepDS_FaceInterferenceTool	class	0	drop	R4	0
ModelingAlgorithms	TKBool	TopOpeBRepDS	TopOpeBRepDS_Filter	class	0	drop	R4	0
ModelingAlgorithms	TKBool	TopOpeBRepDS	TopOpeBRepDS_GapFiller	class	0	drop	R4	0
ModelingAlgorithms	TKBool	TopOpeBRepDS	TopOpeBRepDS_GapTool	class	0	drop	R4	0
ModelingAlgorithms	TKBool	TopOpeBRepDS	TopOpeBRepDS_GeometryData	class	0	drop	R4	0
ModelingAlgorithms	TKBool	TopOpeBRepDS	TopOpeBRepDS_HArray1OfDataMapOfIntegerListOfInterference	other	0	drop	R4	0
ModelingAlgorithms	TKBool	TopOpeBRepDS	TopOpeBRepDS_HDataStructure	class	0	drop	R4	0
ModelingAlgorithms	TKBool	TopOpeBRepDS	TopOpeBRepDS_IndexedDataMapOfShapeWithState	alias	0	drop	R4	0
ModelingAlgorithms	TKBool	TopOpeBRepDS	TopOpeBRepDS_IndexedDataMapOfVertexPoint	alias	0	drop	R4	0
ModelingAlgorithms	TKBool	TopOpeBRepDS	TopOpeBRepDS_Interference	class	0	drop	R4	0
ModelingAlgorithms	TKBool	TopOpeBRepDS	TopOpeBRepDS_InterferenceIterator	class	0	drop	R4	0
ModelingAlgorithms	TKBool	TopOpeBRepDS	TopOpeBRepDS_InterferenceTool	class	0	drop	R4	0
ModelingAlgorithms	TKBool	TopOpeBRepDS	TopOpeBRepDS_Kind	enum	0	drop	R4	0
ModelingAlgorithms	TKBool	TopOpeBRepDS	TopOpeBRepDS_ListIteratorOfListOfInterference	other	0	drop	R4	0
ModelingAlgorithms	TKBool	TopOpeBRepDS	TopOpeBRepDS_ListOfInterference	alias	0	drop	R4	0
ModelingAlgorithms	TKBool	TopOpeBRepDS	TopOpeBRepDS_ListOfShapeOn1State	class	0	drop	R4	0
ModelingAlgorithms	TKBool	TopOpeBRepDS	TopOpeBRepDS_MapOfCurve	alias	0	drop	R4	0
ModelingAlgorithms	TKBool	TopOpeBRepDS	TopOpeBRepDS_MapOfIntegerShapeData	alias	0	drop	R4	0
ModelingAlgorithms	TKBool	TopOpeBRepDS	TopOpeBRepDS_MapOfPoint	alias	0	drop	R4	0
ModelingAlgorithms	TKBool	TopOpeBRepDS	TopOpeBRepDS_MapOfShapeData	alias	0	drop	R4	0
ModelingAlgorithms	TKBool	TopOpeBRepDS	TopOpeBRepDS_MapOfSurface	alias	0	drop	R4	0
ModelingAlgorithms	TKBool	TopOpeBRepDS	TopOpeBRepDS_Marker	class	0	drop	R4	0
ModelingAlgorithms	TKBool	TopOpeBRepDS	TopOpeBRepDS_PDataStructure	alias	0	drop	R4	0
ModelingAlgorithms	TKBool	TopOpeBRepDS	TopOpeBRepDS_Point	class	0	drop	R4	0
ModelingAlgorithms	TKBool	TopOpeBRepDS	TopOpeBRepDS_PointData	class	0	drop	R4	0
ModelingAlgorithms	TKBool	TopOpeBRepDS	TopOpeBRepDS_PointExplorer	class	0	drop	R4	0
ModelingAlgorithms	TKBool	TopOpeBRepDS	TopOpeBRepDS_PointIterator	class	0	drop	R4	0
ModelingAlgorithms	TKBool	TopOpeBRepDS	TopOpeBRepDS_ProcessInterferencesTool	other	0	drop	R4	0
ModelingAlgorithms	TKBool	TopOpeBRepDS	TopOpeBRepDS_Reducer	class	0	drop	R4	0
ModelingAlgorithms	TKBool	TopOpeBRepDS	TopOpeBRepDS_ShapeData	class	0	drop	R4	0
ModelingAlgorithms	TKBool	TopOpeBRepDS	TopOpeBRepDS_ShapeShapeInterference	class	0	drop	R4	0
ModelingAlgorithms	TKBool	TopOpeBRepDS	TopOpeBRepDS_ShapeSurface	alias	0	drop	R4	0
ModelingAlgorithms	TKBool	TopOpeBRepDS	TopOpeBRepDS_ShapeWithState	class	0	drop	R4	0
ModelingAlgorithms	TKBool	TopOpeBRepDS	TopOpeBRepDS_SolidSurfaceInterference	class	0	drop	R4	0
ModelingAlgorithms	TKBool	TopOpeBRepDS	TopOpeBRepDS_Surface	class	0	drop	R4	0
ModelingAlgorithms	TKBool	TopOpeBRepDS	TopOpeBRepDS_SurfaceCurveInterference	class	0	drop	R4	0
ModelingAlgorithms	TKBool	TopOpeBRepDS	TopOpeBRepDS_SurfaceData	class	0	drop	R4	0
ModelingAlgorithms	TKBool	TopOpeBRepDS	TopOpeBRepDS_SurfaceExplorer	class	0	drop	R4	0
ModelingAlgorithms	TKBool	TopOpeBRepDS	TopOpeBRepDS_SurfaceIterator	class	0	drop	R4	0
ModelingAlgorithms	TKBool	TopOpeBRepDS	TopOpeBRepDS_TKI	class	0	drop	R4	0
ModelingAlgorithms	TKBool	TopOpeBRepDS	TopOpeBRepDS_TOOL	class	0	drop	R4	0
ModelingAlgorithms	TKBool	TopOpeBRepDS	TopOpeBRepDS_Transition	class	0	drop	R4	0
ModelingAlgorithms	TKBool	TopOpeBRepDS	TopOpeBRepDS_connex	other	0	drop	R4	0
ModelingAlgorithms	TKBool	TopOpeBRepDS	TopOpeBRepDS_define	other	0	drop	R4	0
ModelingAlgorithms	TKBool	TopOpeBRepDS	TopOpeBRepDS_repvg	other	0	drop	R4	0
ModelingAlgorithms	TKBool	TopOpeBRepDS	TopOpeBRepDS_samdom	other	0	drop	R4	0
ModelingAlgorithms	TKBool	TopOpeBRepTool	TopOpeBRepTool	class	0	drop	R4	0
ModelingAlgorithms	TKBool	TopOpeBRepTool	TopOpeBRepTool_2d	other	0	drop	R4	0
ModelingAlgorithms	TKBool	TopOpeBRepTool	TopOpeBRepTool_AncestorsTool	class	0	drop	R4	0
ModelingAlgorithms	TKBool	TopOpeBRepTool	TopOpeBRepTool_BoxSort	class	0	drop	R4	0
ModelingAlgorithms	TKBool	TopOpeBRepTool	TopOpeBRepTool_C2DF	class	0	drop	R4	0
ModelingAlgorithms	TKBool	TopOpeBRepTool	TopOpeBRepTool_CLASSI	class	0	drop	R4	0
ModelingAlgorithms	TKBool	TopOpeBRepTool	TopOpeBRepTool_CORRISO	class	0	drop	R4	0
ModelingAlgorithms	TKBool	TopOpeBRepTool	TopOpeBRepTool_CurveTool	class	0	drop	R4	0
ModelingAlgorithms	TKBool	TopOpeBRepTool	TopOpeBRepTool_DRAW	other	0	drop	R4	0
ModelingAlgorithms	TKBool	TopOpeBRepTool	TopOpeBRepTool_DataMapIteratorOfDataMapOfOrientedShapeC2DF	other	0	drop	R4	0
ModelingAlgorithms	TKBool	TopOpeBRepTool	TopOpeBRepTool_DataMapIteratorOfDataMapOfShapeListOfC2DF	other	0	drop	R4	0
ModelingAlgorithms	TKBool	TopOpeBRepTool	TopOpeBRepTool_DataMapIteratorOfDataMapOfShapeface	other	0	drop	R4	0
ModelingAlgorithms	TKBool	TopOpeBRepTool	TopOpeBRepTool_DataMapOfOrientedShapeC2DF	alias	0	drop	R4	0
ModelingAlgorithms	TKBool	TopOpeBRepTool	TopOpeBRepTool_DataMapOfShapeListOfC2DF	alias	0	drop	R4	0
ModelingAlgorithms	TKBool	TopOpeBRepTool	TopOpeBRepTool_DataMapOfShapeface	alias	0	drop	R4	0
ModelingAlgorithms	TKBool	TopOpeBRepTool	TopOpeBRepTool_EXPORT	other	0	drop	R4	0
ModelingAlgorithms	TKBool	TopOpeBRepTool	TopOpeBRepTool_FuseEdges	class	0	drop	R4	0
ModelingAlgorithms	TKBool	TopOpeBRepTool	TopOpeBRepTool_GEOMETRY	other	0	drop	R4	0
ModelingAlgorithms	TKBool	TopOpeBRepTool	TopOpeBRepTool_GeomTool	class	0	drop	R4	0
ModelingAlgorithms	TKBool	TopOpeBRepTool	TopOpeBRepTool_HBoxTool	class	0	drop	R4	0
ModelingAlgorithms	TKBool	TopOpeBRepTool	TopOpeBRepTool_IndexedDataMapOfShapeBox	alias	0	drop	R4	0
ModelingAlgorithms	TKBool	TopOpeBRepTool	TopOpeBRepTool_IndexedDataMapOfShapeBox2d	alias	0	drop	R4	0
ModelingAlgorithms	TKBool	TopOpeBRepTool	TopOpeBRepTool_IndexedDataMapOfShapeconnexity	alias	0	drop	R4	0
ModelingAlgorithms	TKBool	TopOpeBRepTool	TopOpeBRepTool_IndexedDataMapOfSolidClassifier	alias	0	drop	R4	0
ModelingAlgorithms	TKBool	TopOpeBRepTool	TopOpeBRepTool_KRO	other	0	drop	R4	0
ModelingAlgorithms	TKBool	TopOpeBRepTool	TopOpeBRepTool_ListIteratorOfListOfC2DF	other	0	drop	R4	0
ModelingAlgorithms	TKBool	TopOpeBRepTool	TopOpeBRepTool_ListOfC2DF	alias	0	drop	R4	0
ModelingAlgorithms	TKBool	TopOpeBRepTool	TopOpeBRepTool_OutCurveType	enum	0	drop	R4	0
ModelingAlgorithms	TKBool	TopOpeBRepTool	TopOpeBRepTool_PROJECT	other	0	drop	R4	0
ModelingAlgorithms	TKBool	TopOpeBRepTool	TopOpeBRepTool_PShapeClassifier	alias	0	drop	R4	0
ModelingAlgorithms	TKBool	TopOpeBRepTool	TopOpeBRepTool_PSoClassif	alias	0	drop	R4	0
ModelingAlgorithms	TKBool	TopOpeBRepTool	TopOpeBRepTool_PURGE	other	0	drop	R4	0
ModelingAlgorithms	TKBool	TopOpeBRepTool	TopOpeBRepTool_Plos	alias	0	drop	R4	0
ModelingAlgorithms	TKBool	TopOpeBRepTool	TopOpeBRepTool_PurgeInternalEdges	class	0	drop	R4	0
ModelingAlgorithms	TKBool	TopOpeBRepTool	TopOpeBRepTool_REGUS	class	0	drop	R4	0
ModelingAlgorithms	TKBool	TopOpeBRepTool	TopOpeBRepTool_REGUW	class	0	drop	R4	0
ModelingAlgorithms	TKBool	TopOpeBRepTool	TopOpeBRepTool_SC	other	0	drop	R4	0
ModelingAlgorithms	TKBool	TopOpeBRepTool	TopOpeBRepTool_STATE	class	0	drop	R4	0
ModelingAlgorithms	TKBool	TopOpeBRepTool	TopOpeBRepTool_ShapeClassifier	class	0	drop	R4	0
ModelingAlgorithms	TKBool	TopOpeBRepTool	TopOpeBRepTool_ShapeExplorer	class	0	drop	R4	0
ModelingAlgorithms	TKBool	TopOpeBRepTool	TopOpeBRepTool_ShapeTool	class	0	drop	R4	0
ModelingAlgorithms	TKBool	TopOpeBRepTool	TopOpeBRepTool_SolidClassifier	class	0	drop	R4	0
ModelingAlgorithms	TKBool	TopOpeBRepTool	TopOpeBRepTool_TOOL	class	0	drop	R4	0
ModelingAlgorithms	TKBool	TopOpeBRepTool	TopOpeBRepTool_TOPOLOGY	other	0	drop	R4	0
ModelingAlgorithms	TKBool	TopOpeBRepTool	TopOpeBRepTool_box	other	0	drop	R4	0
ModelingAlgorithms	TKBool	TopOpeBRepTool	TopOpeBRepTool_connexity	class	0	drop	R4	0
ModelingAlgorithms	TKBool	TopOpeBRepTool	TopOpeBRepTool_define	other	0	drop	R4	0
ModelingAlgorithms	TKBool	TopOpeBRepTool	TopOpeBRepTool_defineG	other	0	drop	R4	0
ModelingAlgorithms	TKBool	TopOpeBRepTool	TopOpeBRepTool_face	class	0	drop	R4	0
ModelingAlgorithms	TKBool	TopOpeBRepTool	TopOpeBRepTool_makeTransition	class	0	drop	R4	0
ModelingAlgorithms	TKBool	TopOpeBRepTool	TopOpeBRepTool_mkTondgE	class	0	drop	R4	0
ModelingAlgorithms	TKBool	TopOpeBRepTool	TopOpeBRepTool_tol	other	0	drop	R4	0
ModelingAlgorithms	TKGeomAlgo	TopTrans	TopTrans_Array2OfOrientation	alias	0	drop	R1	0
ModelingAlgorithms	TKGeomAlgo	TopTrans	TopTrans_CurveTransition	class	0	keep		0
ModelingAlgorithms	TKGeomAlgo	TopTrans	TopTrans_SurfaceTransition	class	0	keep		0
ModelingAlgorithms	TKXMesh	XBRepMesh	XBRepMesh	class	0	keep		0
ModelingData	TKG2d	Adaptor2d	Adaptor2d_Curve2d	class	0	keep		1
ModelingData	TKG2d	Adaptor2d	Adaptor2d_Line2d	class	0	keep		0
ModelingData	TKG2d	Adaptor2d	Adaptor2d_OffsetCurve	class	0	keep		0
ModelingData	TKG3d	Adaptor3d	Adaptor3d_Curve	class	0	keep		1
ModelingData	TKG3d	Adaptor3d	Adaptor3d_CurveOnSurface	class	0	keep		0
ModelingData	TKG3d	Adaptor3d	Adaptor3d_HSurfaceTool	class	0	keep		0
ModelingData	TKG3d	Adaptor3d	Adaptor3d_HVertex	class	0	keep		0
ModelingData	TKG3d	Adaptor3d	Adaptor3d_InterFunc	class	0	keep		0
ModelingData	TKG3d	Adaptor3d	Adaptor3d_IsoCurve	class	0	keep		2
ModelingData	TKG3d	Adaptor3d	Adaptor3d_Surface	class	0	keep		0
ModelingData	TKG3d	Adaptor3d	Adaptor3d_TopolTool	class	0	keep		0
ModelingData	TKGeomBase	AdvApp2Var	AdvApp2Var_ApproxAFunc2Var	class	0	keep		0
ModelingData	TKGeomBase	AdvApp2Var	AdvApp2Var_ApproxF2var	class	0	keep		0
ModelingData	TKGeomBase	AdvApp2Var	AdvApp2Var_Context	class	0	keep		0
ModelingData	TKGeomBase	AdvApp2Var	AdvApp2Var_Criterion	class	0	keep		0
ModelingData	TKGeomBase	AdvApp2Var	AdvApp2Var_CriterionRepartition	enum	0	keep		0
ModelingData	TKGeomBase	AdvApp2Var	AdvApp2Var_CriterionType	enum	0	keep		0
ModelingData	TKGeomBase	AdvApp2Var	AdvApp2Var_Data	class	0	keep		0
ModelingData	TKGeomBase	AdvApp2Var	AdvApp2Var_Data_f2c	other	0	keep		0
ModelingData	TKGeomBase	AdvApp2Var	AdvApp2Var_EvaluatorFunc2Var	class	0	keep		0
ModelingData	TKGeomBase	AdvApp2Var	AdvApp2Var_Framework	class	0	keep		0
ModelingData	TKGeomBase	AdvApp2Var	AdvApp2Var_Iso	class	0	keep		0
ModelingData	TKGeomBase	AdvApp2Var	AdvApp2Var_MathBase	class	0	keep		0
ModelingData	TKGeomBase	AdvApp2Var	AdvApp2Var_Network	class	0	keep		0
ModelingData	TKGeomBase	AdvApp2Var	AdvApp2Var_Node	class	0	keep		0
ModelingData	TKGeomBase	AdvApp2Var	AdvApp2Var_Patch	class	0	keep		0
ModelingData	TKGeomBase	AdvApp2Var	AdvApp2Var_SequenceOfNode	alias	0	drop	R1	0
ModelingData	TKGeomBase	AdvApp2Var	AdvApp2Var_SequenceOfPatch	alias	0	drop	R1	0
ModelingData	TKGeomBase	AdvApp2Var	AdvApp2Var_SequenceOfStrip	alias	0	drop	R1	0
ModelingData	TKGeomBase	AdvApp2Var	AdvApp2Var_Strip	alias	0	keep		0
ModelingData	TKGeomBase	AdvApp2Var	AdvApp2Var_SysBase	class	0	keep		0
ModelingData	TKG3d	AdvApprox	AdvApprox_ApproxAFunction	class	0	keep		0
ModelingData	TKG3d	AdvApprox	AdvApprox_Cutting	class	0	keep		0
ModelingData	TKG3d	AdvApprox	AdvApprox_DichoCutting	class	0	keep		0
ModelingData	TKG3d	AdvApprox	AdvApprox_EvaluatorFunction	class	0	keep		0
ModelingData	TKG3d	AdvApprox	AdvApprox_PrefAndRec	class	0	keep		0
ModelingData	TKG3d	AdvApprox	AdvApprox_PrefCutting	class	0	keep		0
ModelingData	TKG3d	AdvApprox	AdvApprox_SimpleApprox	class	0	keep		0
ModelingData	TKGeomBase	AppCont	AppCont_ContMatrices	other	0	keep		0
ModelingData	TKGeomBase	AppCont	AppCont_Function	class	0	keep		0
ModelingData	TKGeomBase	AppCont	AppCont_LeastSquare	class	0	keep		0
ModelingData	TKGeomBase	AppDef	AppDef_Array1OfMultiPointConstraint	alias	0	drop	R1	0
ModelingData	TKGeomBase	AppDef	AppDef_BSpGradient_BFGSOfMyBSplGradientOfBSplineCompute	class	0	drop	R1	0
ModelingData	TKGeomBase	AppDef	AppDef_BSpParFunctionOfMyBSplGradientOfBSplineCompute	class	0	drop	R1	0
ModelingData	TKGeomBase	AppDef	AppDef_BSpParLeastSquareOfMyBSplGradientOfBSplineCompute	class	0	drop	R1	0
ModelingData	TKGeomBase	AppDef	AppDef_BSplineCompute	class	0	keep		0
ModelingData	TKGeomBase	AppDef	AppDef_Compute	class	0	keep		0
ModelingData	TKGeomBase	AppDef	AppDef_Gradient_BFGSOfMyGradientOfCompute	class	0	drop	R1	0
ModelingData	TKGeomBase	AppDef	AppDef_Gradient_BFGSOfMyGradientbisOfBSplineCompute	class	0	drop	R1	0
ModelingData	TKGeomBase	AppDef	AppDef_Gradient_BFGSOfTheGradient	class	0	drop	R1	0
ModelingData	TKGeomBase	AppDef	AppDef_HArray1OfMultiPointConstraint	other	0	drop	R1	0
ModelingData	TKGeomBase	AppDef	AppDef_LinearCriteria	class	0	keep		0
ModelingData	TKGeomBase	AppDef	AppDef_MultiLine	class	0	keep		0
ModelingData	TKGeomBase	AppDef	AppDef_MultiPointConstraint	class	0	keep		0
ModelingData	TKGeomBase	AppDef	AppDef_MyBSplGradientOfBSplineCompute	class	0	drop	R1	0
ModelingData	TKGeomBase	AppDef	AppDef_MyGradientOfCompute	class	0	drop	R1	0
ModelingData	TKGeomBase	AppDef	AppDef_MyGradientbisOfBSplineCompute	class	0	drop	R1	0
ModelingData	TKGeomBase	AppDef	AppDef_MyLineTool	class	0	drop	R1	0
ModelingData	TKGeomBase	AppDef	AppDef_ParFunctionOfMyGradientOfCompute	class	0	drop	R1	0
ModelingData	TKGeomBase	AppDef	AppDef_ParFunctionOfMyGradientbisOfBSplineCompute	class	0	drop	R1	0
ModelingData	TKGeomBase	AppDef	AppDef_ParFunctionOfTheGradient	class	0	drop	R1	0
ModelingData	TKGeomBase	AppDef	AppDef_ParLeastSquareOfMyGradientOfCompute	class	0	drop	R1	0
ModelingData	TKGeomBase	AppDef	AppDef_ParLeastSquareOfMyGradientbisOfBSplineCompute	class	0	drop	R1	0
ModelingData	TKGeomBase	AppDef	AppDef_ParLeastSquareOfTheGradient	class	0	drop	R1	0
ModelingData	TKGeomBase	AppDef	AppDef_ResConstraintOfMyGradientOfCompute	class	0	drop	R1	0
ModelingData	TKGeomBase	AppDef	AppDef_ResConstraintOfMyGradientbisOfBSplineCompute	class	0	drop	R1	0
ModelingData	TKGeomBase	AppDef	AppDef_ResConstraintOfTheGradient	class	0	drop	R1	0
ModelingData	TKGeomBase	AppDef	AppDef_SmoothCriterion	class	0	keep		0
ModelingData	TKGeomBase	AppDef	AppDef_TheFunction	class	0	drop	R1	0
ModelingData	TKGeomBase	AppDef	AppDef_TheGradient	class	0	drop	R1	0
ModelingData	TKGeomBase	AppDef	AppDef_TheLeastSquares	class	0	drop	R1	0
ModelingData	TKGeomBase	AppDef	AppDef_TheResol	class	0	drop	R1	0
ModelingData	TKGeomBase	AppDef	AppDef_Variational	class	0	keep		0
ModelingData	TKGeomBase	AppParCurves	AppParCurves	class	0	keep		0
ModelingData	TKGeomBase	AppParCurves	AppParCurves_Array1OfConstraintCouple	alias	0	drop	R1	0
ModelingData	TKGeomBase	AppParCurves	AppParCurves_Array1OfMultiBSpCurve	alias	0	drop	R1	0
ModelingData	TKGeomBase	AppParCurves	AppParCurves_Array1OfMultiCurve	alias	0	drop	R1	0
ModelingData	TKGeomBase	AppParCurves	AppParCurves_Array1OfMultiPoint	alias	0	drop	R1	0
ModelingData	TKGeomBase	AppParCurves	AppParCurves_Constraint	enum	0	keep		0
ModelingData	TKGeomBase	AppParCurves	AppParCurves_ConstraintCouple	class	0	keep		0
ModelingData	TKGeomBase	AppParCurves	AppParCurves_HArray1OfConstraintCouple	other	0	drop	R1	0
ModelingData	TKGeomBase	AppParCurves	AppParCurves_HArray1OfMultiBSpCurve	other	0	drop	R1	0
ModelingData	TKGeomBase	AppParCurves	AppParCurves_HArray1OfMultiCurve	other	0	drop	R1	0
ModelingData	TKGeomBase	AppParCurves	AppParCurves_HArray1OfMultiPoint	other	0	drop	R1	0
ModelingData	TKGeomBase	AppParCurves	AppParCurves_MultiBSpCurve	class	0	keep		0
ModelingData	TKGeomBase	AppParCurves	AppParCurves_MultiCurve	class	0	keep		0
ModelingData	TKGeomBase	AppParCurves	AppParCurves_MultiPoint	class	0	keep		0
ModelingData	TKGeomBase	AppParCurves	AppParCurves_SequenceOfMultiBSpCurve	alias	0	drop	R1	0
ModelingData	TKGeomBase	AppParCurves	AppParCurves_SequenceOfMultiCurve	alias	0	drop	R1	0
ModelingData	TKGeomBase	Approx	Approx_Array1OfAdHSurface	alias	0	drop	R1	0
ModelingData	TKGeomBase	Approx	Approx_Array1OfGTrsf2d	alias	0	drop	R1	0
ModelingData	TKGeomBase	Approx	Approx_Curve2d	class	0	keep		0
ModelingData	TKGeomBase	Approx	Approx_Curve3d	class	0	keep		7
ModelingData	TKGeomBase	Approx	Approx_CurveOnSurface	class	1	keep		0
ModelingData	TKGeomBase	Approx	Approx_CurvilinearParameter	class	0	keep		0
ModelingData	TKGeomBase	Approx	Approx_CurvlinFunc	class	0	keep		0
ModelingData	TKGeomBase	Approx	Approx_FitAndDivide	class	0	keep		0
ModelingData	TKGeomBase	Approx	Approx_FitAndDivide2d	class	0	keep		0
ModelingData	TKGeomBase	Approx	Approx_HArray1OfAdHSurface	other	0	drop	R1	0
ModelingData	TKGeomBase	Approx	Approx_HArray1OfGTrsf2d	other	0	drop	R1	0
ModelingData	TKGeomBase	Approx	Approx_MCurvesToBSpCurve	class	0	keep		0
ModelingData	TKGeomBase	Approx	Approx_ParametrizationType	enum	0	keep		1
ModelingData	TKGeomBase	Approx	Approx_SameParameter	class	0	keep		0
ModelingData	TKGeomBase	Approx	Approx_SequenceOfHArray1OfReal	alias	0	drop	R1	0
ModelingData	TKGeomBase	Approx	Approx_Status	enum	0	keep		0
ModelingData	TKGeomBase	Approx	Approx_SweepApproximation	class	0	keep		0
ModelingData	TKGeomBase	Approx	Approx_SweepFunction	class	0	keep		0
ModelingData	TKBRep	BRep	BRep_Builder	class	0	keep		64
ModelingData	TKBRep	BRep	BRep_Curve3D	class	0	keep		0
ModelingData	TKBRep	BRep	BRep_CurveOn2Surfaces	class	0	keep		0
ModelingData	TKBRep	BRep	BRep_CurveOnClosedSurface	class	0	keep		0
ModelingData	TKBRep	BRep	BRep_CurveOnSurface	class	0	keep		0
ModelingData	TKBRep	BRep	BRep_CurveRepresentation	class	0	keep		0
ModelingData	TKBRep	BRep	BRep_GCurve	class	0	keep		0
ModelingData	TKBRep	BRep	BRep_ListIteratorOfListOfCurveRepresentation	other	0	drop	R1	0
ModelingData	TKBRep	BRep	BRep_ListIteratorOfListOfPointRepresentation	other	0	drop	R1	0
ModelingData	TKBRep	BRep	BRep_ListOfCurveRepresentation	alias	0	drop	R1	0
ModelingData	TKBRep	BRep	BRep_ListOfPointRepresentation	alias	0	drop	R1	0
ModelingData	TKBRep	BRep	BRep_PointOnCurve	class	0	keep		0
ModelingData	TKBRep	BRep	BRep_PointOnCurveOnSurface	class	0	keep		0
ModelingData	TKBRep	BRep	BRep_PointOnSurface	class	0	keep		0
ModelingData	TKBRep	BRep	BRep_PointRepresentation	class	0	keep		0
ModelingData	TKBRep	BRep	BRep_PointsOnSurface	class	0	keep		0
ModelingData	TKBRep	BRep	BRep_Polygon3D	class	0	keep		0
ModelingData	TKBRep	BRep	BRep_PolygonOnClosedSurface	class	0	keep		0
ModelingData	TKBRep	BRep	BRep_PolygonOnClosedTriangulation	class	0	keep		0
ModelingData	TKBRep	BRep	BRep_PolygonOnSurface	class	0	keep		0
ModelingData	TKBRep	BRep	BRep_PolygonOnTriangulation	class	0	keep		0
ModelingData	TKBRep	BRep	BRep_TEdge	class	0	keep		0
ModelingData	TKBRep	BRep	BRep_TFace	class	0	keep		0
ModelingData	TKBRep	BRep	BRep_TVertex	class	0	keep		0
ModelingData	TKBRep	BRep	BRep_Tool	class	0	keep		82
ModelingData	TKBRep	BRepAdaptor	BRepAdaptor_Array1OfCurve	alias	0	drop	R1	0
ModelingData	TKBRep	BRepAdaptor	BRepAdaptor_CompCurve	class	0	keep		9
ModelingData	TKBRep	BRepAdaptor	BRepAdaptor_Curve	class	0	keep		74
ModelingData	TKBRep	BRepAdaptor	BRepAdaptor_Curve2d	class	0	keep		0
ModelingData	TKBRep	BRepAdaptor	BRepAdaptor_HArray1OfCurve	other	0	drop	R1	0
ModelingData	TKBRep	BRepAdaptor	BRepAdaptor_Surface	class	0	keep		48
ModelingData	TKBRep	BRepLProp	BRepLProp	class	0	keep		0
ModelingData	TKBRep	BRepLProp	BRepLProp_CLProps	class	0	keep		11
ModelingData	TKBRep	BRepLProp	BRepLProp_CurveTool	class	0	keep		1
ModelingData	TKBRep	BRepLProp	BRepLProp_SLProps	class	0	keep		11
ModelingData	TKBRep	BRepLProp	BRepLProp_SurfaceTool	class	0	keep		1
ModelingData	TKBRep	BRepTools	BRepTools	class	0	keep		27
ModelingData	TKBRep	BRepTools	BRepTools_CopyModification	class	0	keep		0
ModelingData	TKBRep	BRepTools	BRepTools_DataMapIteratorOfMapOfVertexPnt2d	other	0	drop	R1	0
ModelingData	TKBRep	BRepTools	BRepTools_GTrsfModification	class	0	keep		0
ModelingData	TKBRep	BRepTools	BRepTools_History	class	0	keep		3
ModelingData	TKBRep	BRepTools	BRepTools_MapOfVertexPnt2d	alias	0	drop	R1	0
ModelingData	TKBRep	BRepTools	BRepTools_Modification	class	0	keep		0
ModelingData	TKBRep	BRepTools	BRepTools_Modifier	class	0	keep		0
ModelingData	TKBRep	BRepTools	BRepTools_NurbsConvertModification	class	0	keep		0
ModelingData	TKBRep	BRepTools	BRepTools_PurgeLocations	class	0	keep		0
ModelingData	TKBRep	BRepTools	BRepTools_Quilt	class	0	keep		0
ModelingData	TKBRep	BRepTools	BRepTools_ReShape	class	0	keep		2
ModelingData	TKBRep	BRepTools	BRepTools_ShapeSet	class	0	keep		4
ModelingData	TKBRep	BRepTools	BRepTools_Substitution	class	0	keep		0
ModelingData	TKBRep	BRepTools	BRepTools_TrsfModification	class	0	keep		0
ModelingData	TKBRep	BRepTools	BRepTools_WireExplorer	class	0	keep		9
ModelingData	TKBRep	BinTools	BinTools	class	0	keep		2
ModelingData	TKBRep	BinTools	BinTools_Curve2dSet	class	0	keep		0
ModelingData	TKBRep	BinTools	BinTools_CurveSet	class	0	keep		0
ModelingData	TKBRep	BinTools	BinTools_FormatVersion	enum	0	keep		0
ModelingData	TKBRep	BinTools	BinTools_IStream	class	0	keep		0
ModelingData	TKBRep	BinTools	BinTools_LocationSet	class	0	keep		0
ModelingData	TKBRep	BinTools	BinTools_LocationSetPtr	alias	0	keep		0
ModelingData	TKBRep	BinTools	BinTools_OStream	class	0	keep		0
ModelingData	TKBRep	BinTools	BinTools_ObjectType	enum	0	keep		0
ModelingData	TKBRep	BinTools	BinTools_ShapeReader	class	0	keep		0
ModelingData	TKBRep	BinTools	BinTools_ShapeSet	class	0	keep		2
ModelingData	TKBRep	BinTools	BinTools_ShapeSetBase	class	0	keep		0
ModelingData	TKBRep	BinTools	BinTools_ShapeWriter	class	0	keep		0
ModelingData	TKBRep	BinTools	BinTools_SurfaceSet	class	0	keep		0
ModelingData	TKGeomBase	BndLib	BndLib	class	0	keep		0
ModelingData	TKGeomBase	BndLib	BndLib_Add2dCurve	class	0	keep		0
ModelingData	TKGeomBase	BndLib	BndLib_Add3dCurve	class	0	keep		2
ModelingData	TKGeomBase	BndLib	BndLib_AddSurface	class	0	keep		0
ModelingData	TKGeomBase	CPnts	CPnts_AbscissaPoint	class	0	keep		2
ModelingData	TKGeomBase	CPnts	CPnts_MyGaussFunction	class	0	drop	R1	0
ModelingData	TKGeomBase	CPnts	CPnts_MyRootFunction	class	0	drop	R1	0
ModelingData	TKGeomBase	CPnts	CPnts_RealFunction	other	0	keep		0
ModelingData	TKGeomBase	CPnts	CPnts_UniformDeflection	class	0	keep		0
ModelingData	TKGeomBase	Extrema	Extrema_Array1OfPOnCurv	alias	0	drop	R1	0
ModelingData	TKGeomBase	Extrema	Extrema_Array1OfPOnCurv2d	alias	0	drop	R1	0
ModelingData	TKGeomBase	Extrema	Extrema_Array1OfPOnSurf	alias	0	drop	R1	0
ModelingData	TKGeomBase	Extrema	Extrema_Array2OfPOnCurv	alias	0	drop	R1	0
ModelingData	TKGeomBase	Extrema	Extrema_Array2OfPOnCurv2d	alias	0	drop	R1	0
ModelingData	TKGeomBase	Extrema	Extrema_Array2OfPOnSurf	alias	0	drop	R1	0
ModelingData	TKGeomBase	Extrema	Extrema_Array2OfPOnSurfParams	alias	0	drop	R1	0
ModelingData	TKGeomBase	Extrema	Extrema_CCLocFOfLocECC	class	0	drop	R1	0
ModelingData	TKGeomBase	Extrema	Extrema_CCLocFOfLocECC2d	class	0	drop	R1	0
ModelingData	TKGeomBase	Extrema	Extrema_Curve2dTool	class	0	keep		0
ModelingData	TKGeomBase	Extrema	Extrema_CurveTool	class	0	keep		0
ModelingData	TKGeomBase	Extrema	Extrema_ECC	class	0	keep		0
ModelingData	TKGeomBase	Extrema	Extrema_ECC2d	class	0	keep		0
ModelingData	TKGeomBase	Extrema	Extrema_ELPCOfLocateExtPC	class	0	drop	R1	0
ModelingData	TKGeomBase	Extrema	Extrema_ELPCOfLocateExtPC2d	class	0	drop	R1	0
ModelingData	TKGeomBase	Extrema	Extrema_EPCOfELPCOfLocateExtPC	class	0	drop	R1	0
ModelingData	TKGeomBase	Extrema	Extrema_EPCOfELPCOfLocateExtPC2d	class	0	drop	R1	0
ModelingData	TKGeomBase	Extrema	Extrema_EPCOfExtPC	class	0	drop	R1	0
ModelingData	TKGeomBase	Extrema	Extrema_EPCOfExtPC2d	class	0	drop	R1	0
ModelingData	TKGeomBase	Extrema	Extrema_ElementType	enum	0	keep		0
ModelingData	TKGeomBase	Extrema	Extrema_ExtAlgo	enum	0	keep		0
ModelingData	TKGeomBase	Extrema	Extrema_ExtCC	class	0	keep		1
ModelingData	TKGeomBase	Extrema	Extrema_ExtCC2d	class	0	keep		0
ModelingData	TKGeomBase	Extrema	Extrema_ExtCS	class	0	keep		0
ModelingData	TKGeomBase	Extrema	Extrema_ExtElC	class	0	keep		0
ModelingData	TKGeomBase	Extrema	Extrema_ExtElC2d	class	0	keep		0
ModelingData	TKGeomBase	Extrema	Extrema_ExtElCS	class	0	keep		0
ModelingData	TKGeomBase	Extrema	Extrema_ExtElSS	class	0	keep		0
ModelingData	TKGeomBase	Extrema	Extrema_ExtFlag	enum	0	keep		0
ModelingData	TKGeomBase	Extrema	Extrema_ExtPC	class	0	keep		0
ModelingData	TKGeomBase	Extrema	Extrema_ExtPC2d	class	0	keep		0
ModelingData	TKGeomBase	Extrema	Extrema_ExtPElC	class	0	keep		0
ModelingData	TKGeomBase	Extrema	Extrema_ExtPElC2d	class	0	keep		0
ModelingData	TKGeomBase	Extrema	Extrema_ExtPElS	class	0	keep		0
ModelingData	TKGeomBase	Extrema	Extrema_ExtPExtS	class	0	keep		0
ModelingData	TKGeomBase	Extrema	Extrema_ExtPRevS	class	0	keep		0
ModelingData	TKGeomBase	Extrema	Extrema_ExtPS	class	0	keep		0
ModelingData	TKGeomBase	Extrema	Extrema_ExtSS	class	0	keep		0
ModelingData	TKGeomBase	Extrema	Extrema_FuncExtCS	class	0	keep		0
ModelingData	TKGeomBase	Extrema	Extrema_FuncExtSS	class	0	keep		0
ModelingData	TKGeomBase	Extrema	Extrema_FuncPSDist	class	0	keep		0
ModelingData	TKGeomBase	Extrema	Extrema_FuncPSNorm	class	0	keep		0
ModelingData	TKGeomBase	Extrema	Extrema_GenExtCS	class	0	keep		0
ModelingData	TKGeomBase	Extrema	Extrema_GenExtPS	class	0	keep		0
ModelingData	TKGeomBase	Extrema	Extrema_GenExtSS	class	0	keep		0
ModelingData	TKGeomBase	Extrema	Extrema_GenLocateExtCS	class	0	keep		0
ModelingData	TKGeomBase	Extrema	Extrema_GenLocateExtPS	class	0	keep		0
ModelingData	TKGeomBase	Extrema	Extrema_GenLocateExtSS	class	0	keep		0
ModelingData	TKGeomBase	Extrema	Extrema_GlobOptFuncCC	other	0	keep		0
ModelingData	TKGeomBase	Extrema	Extrema_GlobOptFuncCQuadric	class	0	keep		0
ModelingData	TKGeomBase	Extrema	Extrema_GlobOptFuncCS	class	0	keep		0
ModelingData	TKGeomBase	Extrema	Extrema_GlobOptFuncConicS	class	0	keep		0
ModelingData	TKGeomBase	Extrema	Extrema_HArray1OfPOnCurv	other	0	drop	R1	0
ModelingData	TKGeomBase	Extrema	Extrema_HArray1OfPOnCurv2d	other	0	drop	R1	0
ModelingData	TKGeomBase	Extrema	Extrema_HArray1OfPOnSurf	other	0	drop	R1	0
ModelingData	TKGeomBase	Extrema	Extrema_HArray2OfPOnCurv	other	0	drop	R1	0
ModelingData	TKGeomBase	Extrema	Extrema_HArray2OfPOnCurv2d	other	0	drop	R1	0
ModelingData	TKGeomBase	Extrema	Extrema_HArray2OfPOnSurf	other	0	drop	R1	0
ModelingData	TKGeomBase	Extrema	Extrema_HUBTreeOfSphere	alias	0	drop	R1	0
ModelingData	TKGeomBase	Extrema	Extrema_LocECC	class	0	keep		0
ModelingData	TKGeomBase	Extrema	Extrema_LocECC2d	class	0	keep		0
ModelingData	TKGeomBase	Extrema	Extrema_LocEPCOfLocateExtPC	class	0	drop	R1	0
ModelingData	TKGeomBase	Extrema	Extrema_LocEPCOfLocateExtPC2d	class	0	drop	R1	0
ModelingData	TKGeomBase	Extrema	Extrema_LocateExtCC	class	0	keep		0
ModelingData	TKGeomBase	Extrema	Extrema_LocateExtCC2d	class	0	keep		0
ModelingData	TKGeomBase	Extrema	Extrema_LocateExtPC	class	0	keep		0
ModelingData	TKGeomBase	Extrema	Extrema_LocateExtPC2d	class	0	keep		0
ModelingData	TKGeomBase	Extrema	Extrema_PCFOfEPCOfELPCOfLocateExtPC	class	0	drop	R1	0
ModelingData	TKGeomBase	Extrema	Extrema_PCFOfEPCOfELPCOfLocateExtPC2d	class	0	drop	R1	0
ModelingData	TKGeomBase	Extrema	Extrema_PCFOfEPCOfExtPC	class	0	drop	R1	0
ModelingData	TKGeomBase	Extrema	Extrema_PCFOfEPCOfExtPC2d	class	0	drop	R1	0
ModelingData	TKGeomBase	Extrema	Extrema_PCLocFOfLocEPCOfLocateExtPC	class	0	drop	R1	0
ModelingData	TKGeomBase	Extrema	Extrema_PCLocFOfLocEPCOfLocateExtPC2d	class	0	drop	R1	0
ModelingData	TKGeomBase	Extrema	Extrema_POnCurv	class	0	keep		1
ModelingData	TKGeomBase	Extrema	Extrema_POnCurv2d	class	0	keep		0
ModelingData	TKGeomBase	Extrema	Extrema_POnSurf	class	0	keep		0
ModelingData	TKGeomBase	Extrema	Extrema_POnSurfParams	class	0	keep		0
ModelingData	TKGeomBase	Extrema	Extrema_SequenceOfPOnCurv	alias	0	drop	R1	0
ModelingData	TKGeomBase	Extrema	Extrema_SequenceOfPOnCurv2d	alias	0	drop	R1	0
ModelingData	TKGeomBase	Extrema	Extrema_SequenceOfPOnSurf	alias	0	drop	R1	0
ModelingData	TKGeomBase	FEmTool	FEmTool_Assembly	class	0	keep		0
ModelingData	TKGeomBase	FEmTool	FEmTool_AssemblyTable	alias	0	keep		0
ModelingData	TKGeomBase	FEmTool	FEmTool_Curve	class	0	keep		0
ModelingData	TKGeomBase	FEmTool	FEmTool_ElementaryCriterion	class	0	keep		0
ModelingData	TKGeomBase	FEmTool	FEmTool_ElementsOfRefMatrix	class	0	keep		0
ModelingData	TKGeomBase	FEmTool	FEmTool_HAssemblyTable	other	0	keep		0
ModelingData	TKGeomBase	FEmTool	FEmTool_LinearFlexion	class	0	keep		0
ModelingData	TKGeomBase	FEmTool	FEmTool_LinearJerk	class	0	keep		0
ModelingData	TKGeomBase	FEmTool	FEmTool_LinearTension	class	0	keep		0
ModelingData	TKGeomBase	FEmTool	FEmTool_ListIteratorOfListOfVectors	other	0	drop	R1	0
ModelingData	TKGeomBase	FEmTool	FEmTool_ListOfVectors	alias	0	drop	R1	0
ModelingData	TKGeomBase	FEmTool	FEmTool_ProfileMatrix	class	0	keep		0
ModelingData	TKGeomBase	FEmTool	FEmTool_SeqOfLinConstr	alias	0	drop	R1	0
ModelingData	TKGeomBase	FEmTool	FEmTool_SparseMatrix	class	0	keep		0
ModelingData	TKGeomBase	GC	GC_MakeArcOfCircle	class	0	keep		11
ModelingData	TKGeomBase	GC	GC_MakeArcOfEllipse	class	0	keep		4
ModelingData	TKGeomBase	GC	GC_MakeArcOfHyperbola	class	0	keep		4
ModelingData	TKGeomBase	GC	GC_MakeArcOfParabola	class	0	keep		4
ModelingData	TKGeomBase	GC	GC_MakeCircle	class	0	keep		5
ModelingData	TKGeomBase	GC	GC_MakeConicalSurface	class	0	keep		2
ModelingData	TKGeomBase	GC	GC_MakeCylindricalSurface	class	0	keep		2
ModelingData	TKGeomBase	GC	GC_MakeEllipse	class	0	keep		5
ModelingData	TKGeomBase	GC	GC_MakeHyperbola	class	0	keep		3
ModelingData	TKGeomBase	GC	GC_MakeLine	class	0	keep		3
ModelingData	TKGeomBase	GC	GC_MakeMirror	class	0	keep		0
ModelingData	TKGeomBase	GC	GC_MakePlane	class	0	keep		2
ModelingData	TKGeomBase	GC	GC_MakeRotation	class	0	keep		0
ModelingData	TKGeomBase	GC	GC_MakeScale	class	0	keep		0
ModelingData	TKGeomBase	GC	GC_MakeSegment	class	0	keep		3
ModelingData	TKGeomBase	GC	GC_MakeTranslation	class	0	keep		0
ModelingData	TKGeomBase	GC	GC_MakeTrimmedCone	class	0	keep		0
ModelingData	TKGeomBase	GC	GC_MakeTrimmedCylinder	class	0	keep		0
ModelingData	TKGeomBase	GC	GC_Root	class	0	keep		0
ModelingData	TKGeomBase	GCE2d	GCE2d_MakeArcOfCircle	class	0	keep		3
ModelingData	TKGeomBase	GCE2d	GCE2d_MakeArcOfEllipse	class	0	keep		3
ModelingData	TKGeomBase	GCE2d	GCE2d_MakeArcOfHyperbola	class	0	keep		3
ModelingData	TKGeomBase	GCE2d	GCE2d_MakeArcOfParabola	class	0	keep		3
ModelingData	TKGeomBase	GCE2d	GCE2d_MakeCircle	class	0	keep		3
ModelingData	TKGeomBase	GCE2d	GCE2d_MakeEllipse	class	0	keep		3
ModelingData	TKGeomBase	GCE2d	GCE2d_MakeHyperbola	class	0	keep		3
ModelingData	TKGeomBase	GCE2d	GCE2d_MakeLine	class	0	keep		3
ModelingData	TKGeomBase	GCE2d	GCE2d_MakeMirror	class	0	keep		0
ModelingData	TKGeomBase	GCE2d	GCE2d_MakeParabola	class	0	keep		2
ModelingData	TKGeomBase	GCE2d	GCE2d_MakeRotation	class	0	keep		0
ModelingData	TKGeomBase	GCE2d	GCE2d_MakeScale	class	0	keep		0
ModelingData	TKGeomBase	GCE2d	GCE2d_MakeSegment	class	0	keep		6
ModelingData	TKGeomBase	GCE2d	GCE2d_MakeTranslation	class	0	keep		0
ModelingData	TKGeomBase	GCE2d	GCE2d_Root	class	0	keep		0
ModelingData	TKGeomBase	GCPnts	GCPnts_AbscissaPoint	class	0	keep		16
ModelingData	TKGeomBase	GCPnts	GCPnts_AbscissaType	enum	0	keep		0
ModelingData	TKGeomBase	GCPnts	GCPnts_DeflectionType	enum	0	keep		0
ModelingData	TKGeomBase	GCPnts	GCPnts_DistFunction	class	0	keep		0
ModelingData	TKGeomBase	GCPnts	GCPnts_DistFunction2d	class	0	keep		0
ModelingData	TKGeomBase	GCPnts	GCPnts_QuasiUniformAbscissa	class	0	keep		5
ModelingData	TKGeomBase	GCPnts	GCPnts_QuasiUniformDeflection	class	0	keep		7
ModelingData	TKGeomBase	GCPnts	GCPnts_TCurveTypes	class	0	keep		0
ModelingData	TKGeomBase	GCPnts	GCPnts_TangentialDeflection	class	0	keep		5
ModelingData	TKGeomBase	GCPnts	GCPnts_UniformAbscissa	class	0	keep		12
ModelingData	TKGeomBase	GCPnts	GCPnts_UniformDeflection	class	0	keep		10
ModelingData	TKG3d	GProp	GProp	class	0	keep		0
ModelingData	TKG3d	GProp	GProp_CelGProps	class	0	keep		0
ModelingData	TKG3d	GProp	GProp_EquaType	enum	0	keep		0
ModelingData	TKG3d	GProp	GProp_GProps	class	0	keep		36
ModelingData	TKG3d	GProp	GProp_PEquation	class	0	keep		0
ModelingData	TKG3d	GProp	GProp_PGProps	class	0	keep		2
ModelingData	TKG3d	GProp	GProp_PrincipalProps	class	0	keep		8
ModelingData	TKG3d	GProp	GProp_SelGProps	class	0	keep		0
ModelingData	TKG3d	GProp	GProp_UndefinedAxis	class	0	keep		0
ModelingData	TKG3d	GProp	GProp_ValueType	enum	0	keep		0
ModelingData	TKG3d	GProp	GProp_VelGProps	class	0	keep		0
ModelingData	TKG3d	Geom	Geom_Axis1Placement	class	0	keep		0
ModelingData	TKG3d	Geom	Geom_Axis2Placement	class	0	keep		2
ModelingData	TKG3d	Geom	Geom_AxisPlacement	class	0	keep		0
ModelingData	TKG3d	Geom	Geom_BSplineCurve	class	0	keep		20
ModelingData	TKG3d	Geom	Geom_BSplineSurface	class	0	keep		25
ModelingData	TKG3d	Geom	Geom_BezierCurve	class	0	keep		14
ModelingData	TKG3d	Geom	Geom_BezierSurface	class	0	keep		9
ModelingData	TKG3d	Geom	Geom_BoundedCurve	class	0	keep		0
ModelingData	TKG3d	Geom	Geom_BoundedSurface	class	0	keep		1
ModelingData	TKG3d	Geom	Geom_CartesianPoint	class	0	keep		6
ModelingData	TKG3d	Geom	Geom_Circle	class	0	keep		18
ModelingData	TKG3d	Geom	Geom_Conic	class	0	keep		4
ModelingData	TKG3d	Geom	Geom_ConicalSurface	class	0	keep		7
ModelingData	TKG3d	Geom	Geom_Curve	class	0	keep		13
ModelingData	TKG3d	Geom	Geom_CylindricalSurface	class	0	keep		9
ModelingData	TKG3d	Geom	Geom_Direction	class	0	keep		0
ModelingData	TKG3d	Geom	Geom_ElementarySurface	class	0	keep		1
ModelingData	TKG3d	Geom	Geom_Ellipse	class	0	keep		12
ModelingData	TKG3d	Geom	Geom_Geometry	class	0	keep		2
ModelingData	TKG3d	Geom	Geom_HSequenceOfBSplineSurface	other	0	drop	R1	0
ModelingData	TKG3d	Geom	Geom_Hyperbola	class	0	keep		10
ModelingData	TKG3d	Geom	Geom_Line	class	0	keep		21
ModelingData	TKG3d	Geom	Geom_OffsetCurve	class	0	keep		5
ModelingData	TKG3d	Geom	Geom_OffsetSurface	class	0	keep		4
ModelingData	TKG3d	Geom	Geom_OsculatingSurface	class	0	keep		0
ModelingData	TKG3d	Geom	Geom_Parabola	class	0	keep		11
ModelingData	TKG3d	Geom	Geom_Plane	class	0	keep		32
ModelingData	TKG3d	Geom	Geom_Point	class	0	keep		1
ModelingData	TKG3d	Geom	Geom_RectangularTrimmedSurface	class	0	keep		8
ModelingData	TKG3d	Geom	Geom_SequenceOfBSplineSurface	alias	0	drop	R1	0
ModelingData	TKG3d	Geom	Geom_SphericalSurface	class	0	keep		8
ModelingData	TKG3d	Geom	Geom_Surface	class	0	keep		12
ModelingData	TKG3d	Geom	Geom_SurfaceOfLinearExtrusion	class	0	keep		5
ModelingData	TKG3d	Geom	Geom_SurfaceOfRevolution	class	0	keep		5
ModelingData	TKG3d	Geom	Geom_SweptSurface	class	0	keep		0
ModelingData	TKG3d	Geom	Geom_ToroidalSurface	class	0	keep		6
ModelingData	TKG3d	Geom	Geom_Transformation	class	0	keep		0
ModelingData	TKG3d	Geom	Geom_TrimmedCurve	class	0	keep		19
ModelingData	TKG3d	Geom	Geom_UndefinedDerivative	class	0	keep		0
ModelingData	TKG3d	Geom	Geom_UndefinedValue	class	0	keep		0
ModelingData	TKG3d	Geom	Geom_Vector	class	0	keep		0
ModelingData	TKG3d	Geom	Geom_VectorWithMagnitude	class	0	keep		0
ModelingData	TKG2d	Geom2d	Geom2d_AxisPlacement	class	0	keep		0
ModelingData	TKG2d	Geom2d	Geom2d_BSplineCurve	class	0	keep		4
ModelingData	TKG2d	Geom2d	Geom2d_BezierCurve	class	0	keep		5
ModelingData	TKG2d	Geom2d	Geom2d_BoundedCurve	class	0	keep		0
ModelingData	TKG2d	Geom2d	Geom2d_CartesianPoint	class	0	keep		1
ModelingData	TKG2d	Geom2d	Geom2d_Circle	class	0	keep		3
ModelingData	TKG2d	Geom2d	Geom2d_Conic	class	0	keep		2
ModelingData	TKG2d	Geom2d	Geom2d_Curve	class	0	keep		6
ModelingData	TKG2d	Geom2d	Geom2d_Direction	class	0	keep		0
ModelingData	TKG2d	Geom2d	Geom2d_Ellipse	class	0	keep		5
ModelingData	TKG2d	Geom2d	Geom2d_Geometry	class	0	keep		1
ModelingData	TKG2d	Geom2d	Geom2d_Hyperbola	class	0	keep		3
ModelingData	TKG2d	Geom2d	Geom2d_Line	class	0	keep		5
ModelingData	TKG2d	Geom2d	Geom2d_OffsetCurve	class	0	keep		2
ModelingData	TKG2d	Geom2d	Geom2d_Parabola	class	0	keep		3
ModelingData	TKG2d	Geom2d	Geom2d_Point	class	0	keep		0
ModelingData	TKG2d	Geom2d	Geom2d_Transformation	class	0	keep		0
ModelingData	TKG2d	Geom2d	Geom2d_TrimmedCurve	class	0	keep		11
ModelingData	TKG2d	Geom2d	Geom2d_UndefinedDerivative	class	0	keep		0
ModelingData	TKG2d	Geom2d	Geom2d_UndefinedValue	class	0	keep		0
ModelingData	TKG2d	Geom2d	Geom2d_Vector	class	0	keep		0
ModelingData	TKG2d	Geom2d	Geom2d_VectorWithMagnitude	class	0	keep		0
ModelingData	TKG2d	Geom2dAdaptor	Geom2dAdaptor	class	0	keep		0
ModelingData	TKG2d	Geom2dAdaptor	Geom2dAdaptor_Curve	class	0	keep		3
ModelingData	TKGeomBase	Geom2dConvert	Geom2dConvert	class	0	keep		2
ModelingData	TKGeomBase	Geom2dConvert	Geom2dConvert_ApproxArcsSegments	class	0	keep		0
ModelingData	TKGeomBase	Geom2dConvert	Geom2dConvert_ApproxCurve	class	0	keep		2
ModelingData	TKGeomBase	Geom2dConvert	Geom2dConvert_BSplineCurveKnotSplitting	class	0	keep		0
ModelingData	TKGeomBase	Geom2dConvert	Geom2dConvert_BSplineCurveToBezierCurve	class	0	keep		2
ModelingData	TKGeomBase	Geom2dConvert	Geom2dConvert_CompCurveToBSplineCurve	class	0	keep		2
ModelingData	TKGeomBase	Geom2dConvert	Geom2dConvert_PPoint	class	0	keep		0
ModelingData	TKGeomBase	Geom2dConvert	Geom2dConvert_SequenceOfPPoint	alias	0	drop	R1	0
ModelingData	TKG2d	Geom2dEvaluator	Geom2dEvaluator	class	0	keep		0
ModelingData	TKG2d	Geom2dEvaluator	Geom2dEvaluator_Curve	class	0	keep		0
ModelingData	TKG2d	Geom2dEvaluator	Geom2dEvaluator_OffsetCurve	class	0	keep		0
ModelingData	TKG2d	Geom2dLProp	Geom2dLProp_CLProps2d	class	0	keep		3
ModelingData	TKG2d	Geom2dLProp	Geom2dLProp_CurAndInf2d	class	0	keep		0
ModelingData	TKG2d	Geom2dLProp	Geom2dLProp_Curve2dTool	class	0	keep		0
ModelingData	TKG2d	Geom2dLProp	Geom2dLProp_FuncCurExt	class	0	keep		0
ModelingData	TKG2d	Geom2dLProp	Geom2dLProp_FuncCurNul	class	0	keep		0
ModelingData	TKG2d	Geom2dLProp	Geom2dLProp_NumericCurInf2d	class	0	keep		0
ModelingData	TKG3d	GeomAdaptor	GeomAdaptor	class	0	keep		2
ModelingData	TKG3d	GeomAdaptor	GeomAdaptor_Curve	class	0	keep		5
ModelingData	TKG3d	GeomAdaptor	GeomAdaptor_Surface	class	0	keep		4
ModelingData	TKG3d	GeomAdaptor	GeomAdaptor_SurfaceOfLinearExtrusion	class	0	keep		0
ModelingData	TKG3d	GeomAdaptor	GeomAdaptor_SurfaceOfRevolution	class	0	keep		0
ModelingData	TKGeomBase	GeomConvert	GeomConvert	class	0	keep		6
ModelingData	TKGeomBase	GeomConvert	GeomConvert_ApproxCurve	class	0	keep		2
ModelingData	TKGeomBase	GeomConvert	GeomConvert_ApproxSurface	class	0	keep		2
ModelingData	TKGeomBase	GeomConvert	GeomConvert_BSplineCurveKnotSplitting	class	0	keep		4
ModelingData	TKGeomBase	GeomConvert	GeomConvert_BSplineCurveToBezierCurve	class	0	keep		4
ModelingData	TKGeomBase	GeomConvert	GeomConvert_BSplineSurfaceKnotSplitting	class	0	keep		0
ModelingData	TKGeomBase	GeomConvert	GeomConvert_BSplineSurfaceToBezierSurface	class	0	keep		0
ModelingData	TKGeomBase	GeomConvert	GeomConvert_CompBezierSurfacesToBSplineSurface	class	0	keep		0
ModelingData	TKGeomBase	GeomConvert	GeomConvert_CompCurveToBSplineCurve	class	0	keep		2
ModelingData	TKGeomBase	GeomConvert	GeomConvert_ConvType	enum	0	keep		0
ModelingData	TKGeomBase	GeomConvert	GeomConvert_CurveToAnaCurve	class	0	keep		0
ModelingData	TKGeomBase	GeomConvert	GeomConvert_FuncConeLSDist	class	0	keep		0
ModelingData	TKGeomBase	GeomConvert	GeomConvert_FuncCylinderLSDist	class	0	keep		0
ModelingData	TKGeomBase	GeomConvert	GeomConvert_FuncSphereLSDist	class	0	keep		0
ModelingData	TKGeomBase	GeomConvert	GeomConvert_SurfToAnaSurf	class	0	keep		0
ModelingData	TKGeomBase	GeomConvert	GeomConvert_Units	class	0	keep		0
ModelingData	TKG3d	GeomEvaluator	GeomEvaluator_Curve	class	0	keep		0
ModelingData	TKG3d	GeomEvaluator	GeomEvaluator_OffsetCurve	class	0	keep		0
ModelingData	TKG3d	GeomEvaluator	GeomEvaluator_OffsetSurface	class	0	keep		0
ModelingData	TKG3d	GeomEvaluator	GeomEvaluator_Surface	class	0	keep		0
ModelingData	TKG3d	GeomEvaluator	GeomEvaluator_SurfaceOfExtrusion	class	0	keep		0
ModelingData	TKG3d	GeomEvaluator	GeomEvaluator_SurfaceOfRevolution	class	0	keep		0
ModelingData	TKG3d	GeomLProp	GeomLProp	class	0	keep		2
ModelingData	TKG3d	GeomLProp	GeomLProp_CLProps	class	0	keep		11
ModelingData	TKG3d	GeomLProp	GeomLProp_CurveTool	class	0	keep		0
ModelingData	TKG3d	GeomLProp	GeomLProp_SLProps	class	0	keep		5
ModelingData	TKG3d	GeomLProp	GeomLProp_SurfaceTool	class	0	keep		0
ModelingData	TKGeomBase	GeomLib	GeomLib	class	0	keep		3
ModelingData	TKGeomBase	GeomLib	GeomLib_Array1OfMat	alias	0	drop	R1	0
ModelingData	TKGeomBase	GeomLib	GeomLib_Check2dBSplineCurve	class	0	keep		0
ModelingData	TKGeomBase	GeomLib	GeomLib_CheckBSplineCurve	class	0	keep		0
ModelingData	TKGeomBase	GeomLib	GeomLib_CheckCurveOnSurface	class	0	keep		0
ModelingData	TKGeomBase	GeomLib	GeomLib_DenominatorMultiplier	class	0	keep		0
ModelingData	TKGeomBase	GeomLib	GeomLib_DenominatorMultiplierPtr	alias	0	keep		0
ModelingData	TKGeomBase	GeomLib	GeomLib_Interpolate	class	0	keep		0
ModelingData	TKGeomBase	GeomLib	GeomLib_InterpolationErrors	enum	0	keep		0
ModelingData	TKGeomBase	GeomLib	GeomLib_IsPlanarSurface	class	0	keep		10
ModelingData	TKGeomBase	GeomLib	GeomLib_LogSample	class	0	keep		0
ModelingData	TKGeomBase	GeomLib	GeomLib_MakeCurvefromApprox	class	0	keep		0
ModelingData	TKGeomBase	GeomLib	GeomLib_PolyFunc	class	0	keep		0
ModelingData	TKGeomBase	GeomLib	GeomLib_Tool	class	0	keep		2
ModelingData	TKGeomBase	GeomProjLib	GeomProjLib	class	0	keep		0
ModelingData	TKGeomBase	GeomTools	GeomTools	class	0	keep		0
ModelingData	TKGeomBase	GeomTools	GeomTools_Curve2dSet	class	0	keep		1
ModelingData	TKGeomBase	GeomTools	GeomTools_CurveSet	class	0	keep		0
ModelingData	TKGeomBase	GeomTools	GeomTools_SurfaceSet	class	0	keep		0
ModelingData	TKGeomBase	GeomTools	GeomTools_UndefinedTypeHandler	class	0	keep		0
ModelingData	TKGeomBase	Hermit	Hermit	class	0	keep		0
ModelingData	TKGeomBase	IntAna	IntAna_Curve	class	0	keep		0
ModelingData	TKGeomBase	IntAna	IntAna_Int3Pln	class	0	keep		0
ModelingData	TKGeomBase	IntAna	IntAna_IntConicQuad	class	0	keep		1
ModelingData	TKGeomBase	IntAna	IntAna_IntLinTorus	class	0	keep		0
ModelingData	TKGeomBase	IntAna	IntAna_IntQuadQuad	class	0	keep		0
ModelingData	TKGeomBase	IntAna	IntAna_ListIteratorOfListOfCurve	other	0	drop	R1	0
ModelingData	TKGeomBase	IntAna	IntAna_ListOfCurve	alias	0	drop	R1	0
ModelingData	TKGeomBase	IntAna	IntAna_QuadQuadGeo	class	0	keep		1
ModelingData	TKGeomBase	IntAna	IntAna_Quadric	class	0	keep		0
ModelingData	TKGeomBase	IntAna	IntAna_ResultType	enum	0	keep		0
ModelingData	TKGeomBase	IntAna2d	IntAna2d_AnaIntersection	class	0	keep		0
ModelingData	TKGeomBase	IntAna2d	IntAna2d_Conic	class	0	keep		0
ModelingData	TKGeomBase	IntAna2d	IntAna2d_IntPoint	class	0	keep		0
ModelingData	TKGeomBase	IntAna2d	IntAna2d_Outils	other	0	keep		0
ModelingData	TKG2d	LProp	LProp_AnalyticCurInf	class	0	keep		0
ModelingData	TKG2d	LProp	LProp_BadContinuity	class	0	keep		0
ModelingData	TKG2d	LProp	LProp_CIType	enum	0	keep		0
ModelingData	TKG2d	LProp	LProp_CurAndInf	class	0	keep		0
ModelingData	TKG2d	LProp	LProp_NotDefined	class	0	keep		2
ModelingData	TKG2d	LProp	LProp_SequenceOfCIType	alias	0	drop	R1	0
ModelingData	TKG2d	LProp	LProp_Status	enum	0	keep		0
ModelingData	TKG3d	LProp3d	LProp3d_CLProps	class	0	keep		0
ModelingData	TKG3d	LProp3d	LProp3d_CurveTool	class	0	keep		0
ModelingData	TKG3d	LProp3d	LProp3d_SLProps	class	0	keep		0
ModelingData	TKG3d	LProp3d	LProp3d_SurfaceTool	class	0	keep		0
ModelingData	TKGeomBase	ProjLib	ProjLib	class	0	keep		0
ModelingData	TKGeomBase	ProjLib	ProjLib_CompProjectedCurve	class	0	keep		0
ModelingData	TKGeomBase	ProjLib	ProjLib_ComputeApprox	class	0	keep		0
ModelingData	TKGeomBase	ProjLib	ProjLib_ComputeApproxOnPolarSurface	class	0	keep		0
ModelingData	TKGeomBase	ProjLib	ProjLib_Cone	class	0	keep		0
ModelingData	TKGeomBase	ProjLib	ProjLib_Cylinder	class	0	keep		0
ModelingData	TKGeomBase	ProjLib	ProjLib_HCompProjectedCurve	alias	0	keep		0
ModelingData	TKGeomBase	ProjLib	ProjLib_HProjectedCurve	alias	0	keep		0
ModelingData	TKGeomBase	ProjLib	ProjLib_HSequenceOfHSequenceOfPnt	other	0	drop	R1	0
ModelingData	TKGeomBase	ProjLib	ProjLib_Plane	class	0	keep		0
ModelingData	TKGeomBase	ProjLib	ProjLib_PrjFunc	class	0	keep		0
ModelingData	TKGeomBase	ProjLib	ProjLib_PrjResolve	class	0	keep		0
ModelingData	TKGeomBase	ProjLib	ProjLib_ProjectOnPlane	class	0	keep		0
ModelingData	TKGeomBase	ProjLib	ProjLib_ProjectOnSurface	class	0	keep		0
ModelingData	TKGeomBase	ProjLib	ProjLib_ProjectedCurve	class	0	keep		0
ModelingData	TKGeomBase	ProjLib	ProjLib_Projector	class	0	keep		0
ModelingData	TKGeomBase	ProjLib	ProjLib_SequenceOfHSequenceOfPnt	alias	0	drop	R1	0
ModelingData	TKGeomBase	ProjLib	ProjLib_Sphere	class	0	keep		0
ModelingData	TKGeomBase	ProjLib	ProjLib_Torus	class	0	keep		0
ModelingData	TKG3d	TColGeom	TColGeom_Array1OfBSplineCurve	alias	0	drop	R2	0
ModelingData	TKG3d	TColGeom	TColGeom_Array1OfBezierCurve	alias	0	drop	R2	0
ModelingData	TKG3d	TColGeom	TColGeom_Array1OfCurve	alias	0	drop	R2	0
ModelingData	TKG3d	TColGeom	TColGeom_Array1OfSurface	alias	0	drop	R2	0
ModelingData	TKG3d	TColGeom	TColGeom_Array2OfBezierSurface	alias	0	drop	R2	0
ModelingData	TKG3d	TColGeom	TColGeom_Array2OfSurface	alias	0	drop	R2	0
ModelingData	TKG3d	TColGeom	TColGeom_HArray1OfBSplineCurve	other	0	drop	R2	0
ModelingData	TKG3d	TColGeom	TColGeom_HArray1OfBezierCurve	other	0	drop	R2	0
ModelingData	TKG3d	TColGeom	TColGeom_HArray1OfCurve	other	0	drop	R2	0
ModelingData	TKG3d	TColGeom	TColGeom_HArray1OfSurface	other	0	drop	R2	0
ModelingData	TKG3d	TColGeom	TColGeom_HArray2OfSurface	other	0	drop	R2	0
ModelingData	TKG3d	TColGeom	TColGeom_HSequenceOfBoundedCurve	other	0	drop	R2	0
ModelingData	TKG3d	TColGeom	TColGeom_HSequenceOfCurve	other	0	drop	R2	0
ModelingData	TKG3d	TColGeom	TColGeom_SequenceOfBoundedCurve	alias	0	drop	R2	0
ModelingData	TKG3d	TColGeom	TColGeom_SequenceOfCurve	alias	0	drop	R2	3
ModelingData	TKG3d	TColGeom	TColGeom_SequenceOfSurface	alias	0	drop	R2	0
ModelingData	TKG2d	TColGeom2d	TColGeom2d_Array1OfBSplineCurve	alias	0	drop	R2	0
ModelingData	TKG2d	TColGeom2d	TColGeom2d_Array1OfBezierCurve	alias	0	drop	R2	0
ModelingData	TKG2d	TColGeom2d	TColGeom2d_Array1OfCurve	alias	0	drop	R2	0
ModelingData	TKG2d	TColGeom2d	TColGeom2d_HArray1OfBSplineCurve	other	0	drop	R2	0
ModelingData	TKG2d	TColGeom2d	TColGeom2d_HArray1OfBezierCurve	other	0	drop	R2	0
ModelingData	TKG2d	TColGeom2d	TColGeom2d_HArray1OfCurve	other	0	drop	R2	1
ModelingData	TKG2d	TColGeom2d	TColGeom2d_HSequenceOfBoundedCurve	other	0	drop	R2	0
ModelingData	TKG2d	TColGeom2d	TColGeom2d_HSequenceOfCurve	other	0	drop	R2	0
ModelingData	TKG2d	TColGeom2d	TColGeom2d_SequenceOfBoundedCurve	alias	0	drop	R2	0
ModelingData	TKG2d	TColGeom2d	TColGeom2d_SequenceOfCurve	alias	0	drop	R2	0
ModelingData	TKG2d	TColGeom2d	TColGeom2d_SequenceOfGeometry	alias	0	drop	R2	0
ModelingData	TKG3d	TopAbs	TopAbs	class	0	keep		1
ModelingData	TKG3d	TopAbs	TopAbs_Orientation	enum	0	keep		0
ModelingData	TKG3d	TopAbs	TopAbs_ShapeEnum	enum	0	keep		4
ModelingData	TKG3d	TopAbs	TopAbs_State	enum	0	keep		0
ModelingData	TKBRep	TopExp	TopExp	class	0	keep		74
ModelingData	TKBRep	TopExp	TopExp_Explorer	class	0	keep		98
ModelingData	TKBRep	TopExp	TopExp_Stack	alias	0	keep		0
ModelingData	TKBRep	TopTools	TopTools	class	0	keep		0
ModelingData	TKBRep	TopTools	TopTools_Array1OfListOfShape	alias	0	drop	R1	0
ModelingData	TKBRep	TopTools	TopTools_Array1OfShape	alias	0	drop	R1	0
ModelingData	TKBRep	TopTools	TopTools_Array2OfShape	alias	0	drop	R1	0
ModelingData	TKBRep	TopTools	TopTools_DataMapIteratorOfDataMapOfIntegerListOfShape	other	0	drop	R1	1
ModelingData	TKBRep	TopTools	TopTools_DataMapIteratorOfDataMapOfIntegerShape	other	0	drop	R1	0
ModelingData	TKBRep	TopTools	TopTools_DataMapIteratorOfDataMapOfOrientedShapeInteger	other	0	drop	R1	0
ModelingData	TKBRep	TopTools	TopTools_DataMapIteratorOfDataMapOfOrientedShapeShape	other	0	drop	R1	0
ModelingData	TKBRep	TopTools	TopTools_DataMapIteratorOfDataMapOfShapeInteger	other	0	drop	R1	0
ModelingData	TKBRep	TopTools	TopTools_DataMapIteratorOfDataMapOfShapeListOfInteger	other	0	drop	R1	0
ModelingData	TKBRep	TopTools	TopTools_DataMapIteratorOfDataMapOfShapeListOfShape	other	0	drop	R1	0
ModelingData	TKBRep	TopTools	TopTools_DataMapIteratorOfDataMapOfShapeReal	other	0	drop	R1	0
ModelingData	TKBRep	TopTools	TopTools_DataMapIteratorOfDataMapOfShapeSequenceOfShape	other	0	drop	R1	0
ModelingData	TKBRep	TopTools	TopTools_DataMapIteratorOfDataMapOfShapeShape	other	0	drop	R1	1
ModelingData	TKBRep	TopTools	TopTools_DataMapOfIntegerListOfShape	alias	0	drop	R1	2
ModelingData	TKBRep	TopTools	TopTools_DataMapOfIntegerShape	alias	0	drop	R1	2
ModelingData	TKBRep	TopTools	TopTools_DataMapOfOrientedShapeInteger	alias	0	drop	R1	0
ModelingData	TKBRep	TopTools	TopTools_DataMapOfOrientedShapeShape	alias	0	drop	R1	0
ModelingData	TKBRep	TopTools	TopTools_DataMapOfShapeBox	alias	0	drop	R1	0
ModelingData	TKBRep	TopTools	TopTools_DataMapOfShapeInteger	alias	0	drop	R1	0
ModelingData	TKBRep	TopTools	TopTools_DataMapOfShapeListOfInteger	alias	0	drop	R1	0
ModelingData	TKBRep	TopTools	TopTools_DataMapOfShapeListOfShape	alias	0	drop	R1	1
ModelingData	TKBRep	TopTools	TopTools_DataMapOfShapeReal	alias	0	drop	R1	0
ModelingData	TKBRep	TopTools	TopTools_DataMapOfShapeSequenceOfShape	alias	0	drop	R1	0
ModelingData	TKBRep	TopTools	TopTools_DataMapOfShapeShape	alias	0	drop	R1	1
ModelingData	TKBRep	TopTools	TopTools_FormatVersion	enum	0	keep		0
ModelingData	TKBRep	TopTools	TopTools_HArray1OfListOfShape	other	0	drop	R1	0
ModelingData	TKBRep	TopTools	TopTools_HArray1OfShape	other	0	drop	R1	0
ModelingData	TKBRep	TopTools	TopTools_HArray2OfShape	other	0	drop	R1	0
ModelingData	TKBRep	TopTools	TopTools_HSequenceOfShape	other	0	drop	R1	20
ModelingData	TKBRep	TopTools	TopTools_IndexedDataMapOfShapeAddress	alias	0	drop	R1	0
ModelingData	TKBRep	TopTools	TopTools_IndexedDataMapOfShapeListOfShape	alias	0	drop	R1	18
ModelingData	TKBRep	TopTools	TopTools_IndexedDataMapOfShapeReal	alias	0	drop	R1	0
ModelingData	TKBRep	TopTools	TopTools_IndexedDataMapOfShapeShape	alias	0	drop	R1	0
ModelingData	TKBRep	TopTools	TopTools_IndexedMapOfOrientedShape	alias	0	drop	R1	0
ModelingData	TKBRep	TopTools	TopTools_IndexedMapOfShape	alias	0	drop	R1	52
ModelingData	TKBRep	TopTools	TopTools_ListIteratorOfListOfShape	other	0	drop	R1	2
ModelingData	TKBRep	TopTools	TopTools_ListOfListOfShape	alias	0	drop	R1	1
ModelingData	TKBRep	TopTools	TopTools_ListOfShape	alias	0	drop	R1	15
ModelingData	TKBRep	TopTools	TopTools_LocationSet	class	0	keep		0
ModelingData	TKBRep	TopTools	TopTools_LocationSetPtr	alias	0	keep		0
ModelingData	TKBRep	TopTools	TopTools_MapIteratorOfMapOfOrientedShape	other	0	drop	R1	0
ModelingData	TKBRep	TopTools	TopTools_MapIteratorOfMapOfShape	other	0	drop	R1	0
ModelingData	TKBRep	TopTools	TopTools_MapOfOrientedShape	alias	0	drop	R1	0
ModelingData	TKBRep	TopTools	TopTools_MapOfShape	alias	0	drop	R1	5
ModelingData	TKBRep	TopTools	TopTools_MutexForShapeProvider	class	0	keep		0
ModelingData	TKBRep	TopTools	TopTools_SequenceOfShape	alias	0	drop	R1	1
ModelingData	TKBRep	TopTools	TopTools_ShapeMapHasher	class	0	keep		0
ModelingData	TKBRep	TopTools	TopTools_ShapeSet	class	0	keep		0
ModelingData	TKBRep	TopoDS	TopoDS	class	0	keep		173
ModelingData	TKBRep	TopoDS	TopoDS_AlertAttribute	class	0	keep		0
ModelingData	TKBRep	TopoDS	TopoDS_AlertWithShape	class	0	keep		0
ModelingData	TKBRep	TopoDS	TopoDS_Builder	class	0	keep		4
ModelingData	TKBRep	TopoDS	TopoDS_CompSolid	class	0	keep		3
ModelingData	TKBRep	TopoDS	TopoDS_Compound	class	0	keep		40
ModelingData	TKBRep	TopoDS	TopoDS_Edge	class	0	keep		87
ModelingData	TKBRep	TopoDS	TopoDS_Face	class	0	keep		65
ModelingData	TKBRep	TopoDS	TopoDS_FrozenShape	class	0	keep		0
ModelingData	TKBRep	TopoDS	TopoDS_HShape	class	0	keep		0
ModelingData	TKBRep	TopoDS	TopoDS_Iterator	class	0	keep		16
ModelingData	TKBRep	TopoDS	TopoDS_ListIteratorOfListOfShape	other	0	drop	R1	0
ModelingData	TKBRep	TopoDS	TopoDS_ListOfShape	alias	0	drop	R1	0
ModelingData	TKBRep	TopoDS	TopoDS_LockedShape	class	0	keep		0
ModelingData	TKBRep	TopoDS	TopoDS_Shape	class	0	keep		95
ModelingData	TKBRep	TopoDS	TopoDS_Shell	class	0	keep		10
ModelingData	TKBRep	TopoDS	TopoDS_Solid	class	0	keep		11
ModelingData	TKBRep	TopoDS	TopoDS_TCompSolid	class	0	keep		0
ModelingData	TKBRep	TopoDS	TopoDS_TCompound	class	0	keep		0
ModelingData	TKBRep	TopoDS	TopoDS_TEdge	class	0	keep		0
ModelingData	TKBRep	TopoDS	TopoDS_TFace	class	0	keep		0
ModelingData	TKBRep	TopoDS	TopoDS_TShape	class	0	keep		0
ModelingData	TKBRep	TopoDS	TopoDS_TShell	class	0	keep		0
ModelingData	TKBRep	TopoDS	TopoDS_TSolid	class	0	keep		0
ModelingData	TKBRep	TopoDS	TopoDS_TVertex	class	0	keep		0
ModelingData	TKBRep	TopoDS	TopoDS_TWire	class	0	keep		0
ModelingData	TKBRep	TopoDS	TopoDS_UnCompatibleShapes	class	0	keep		0
ModelingData	TKBRep	TopoDS	TopoDS_Vertex	class	0	keep		38
ModelingData	TKBRep	TopoDS	TopoDS_Wire	class	0	keep		32
ModelingData	TKGeomBase	gce	gce_ErrorType	enum	0	keep		2
ModelingData	TKGeomBase	gce	gce_MakeCirc	class	0	keep		3
ModelingData	TKGeomBase	gce	gce_MakeCirc2d	class	0	keep		0
ModelingData	TKGeomBase	gce	gce_MakeCone	class	0	keep		0
ModelingData	TKGeomBase	gce	gce_MakeCylinder	class	0	keep		0
ModelingData	TKGeomBase	gce	gce_MakeDir	class	0	keep		2
ModelingData	TKGeomBase	gce	gce_MakeDir2d	class	0	keep		0
ModelingData	TKGeomBase	gce	gce_MakeElips	class	0	keep		0
ModelingData	TKGeomBase	gce	gce_MakeElips2d	class	0	keep		0
ModelingData	TKGeomBase	gce	gce_MakeHypr	class	0	keep		0
ModelingData	TKGeomBase	gce	gce_MakeHypr2d	class	0	keep		0
ModelingData	TKGeomBase	gce	gce_MakeLin	class	0	keep		2
ModelingData	TKGeomBase	gce	gce_MakeLin2d	class	0	keep		0
ModelingData	TKGeomBase	gce	gce_MakeMirror	class	0	keep		0
ModelingData	TKGeomBase	gce	gce_MakeMirror2d	class	0	keep		0
ModelingData	TKGeomBase	gce	gce_MakeParab	class	0	keep		3
ModelingData	TKGeomBase	gce	gce_MakeParab2d	class	0	keep		1
ModelingData	TKGeomBase	gce	gce_MakePln	class	0	keep		0
ModelingData	TKGeomBase	gce	gce_MakeRotation	class	0	keep		0
ModelingData	TKGeomBase	gce	gce_MakeRotation2d	class	0	keep		0
ModelingData	TKGeomBase	gce	gce_MakeScale	class	0	keep		0
ModelingData	TKGeomBase	gce	gce_MakeScale2d	class	0	keep		0
ModelingData	TKGeomBase	gce	gce_MakeTranslation	class	0	keep		0
ModelingData	TKGeomBase	gce	gce_MakeTranslation2d	class	0	keep		0
ModelingData	TKGeomBase	gce	gce_Root	class	0	keep		0
